30665
31683
19216
21224
982
23199
4280
6529
11928
3820
17752
14666
32642
20385
7197
20622
13374
23059
14874
6371
26015
21270
8927
29030
30935
17253
21326
24136
12522
13124
32426
8586
29794
10595
8689
20740
6981
4358
24940
3500
22852
19299
25732
16405
6197
28747
9175
32310
22211
525
23947
32365
24420
6296
9186
15300
27532
18399
14863
12146
1825
17794
13129
17317
18478
4522
2077
25470
11995
10036
5640
19549
16797
30483
15685
1120
14762
13039
4324
6694
21424
11026
19740
4569
6342
17285
2018
9067
13219
17526
20410
11807
9741
2525
11470
1356
29333
22112
14397
31326
3714
19827
15797
18461
12299
22723
6980
17202
19657
31957
21355
29670
23659
24810
1397
32046
13228
3623
16390
29925
2946
10738
25079
4440
2200
12191
32097
20487
22271
27980
28920
31146
11809
18441
11163
10099
20726
2877
20009
11667
24186
18245
8085
3839
1630
861
1853
24180
30205
18116
375
12472
4499
15643
17005
1060
19881
31246
31532
16735
15572
8247
29943
14700
9631
28479
30433
17639
13510
32071
10651
26763
8101
8070
28042
8952
19183
17971
22300
18355
18851
20389
17757
2927
18492
5817
18117
9611
14377
16500
16468
10971
20348
3305
2786
1451
12518
12125
31408
12033
20451
29098
1346
3363
25906
9953
31089
7001
1928
12595
32188
16116
15493
7954
18655
28047
5607
9107
18599
2197
12030
28183
11012
4612
7776
9514
32096
7792
12253
2219
22063
10314
31413
32558
15559
10338
10249
4766
17266
6059
32144
8231
1986
15934
139
16210
3365
29602
17659
9330
9657
13387
15633
576
23906
12384
7398
11970
6937
14274
9836
3953
27783
10057
29093
4250
12242
15185
1298
11269
4023
27509
21103
17109
1497
13210
27549
20143
22360
28208
992
11806
16294
9140
4426
4150
15766
29561
8823
17272
14006
31145
15483
27638
25823
22150
21785
25784
16906
15094
15670
20573
26213
7743
3980
7429
3239
271
30627
32623
12448
25023
25853
10591
31764
17880
32401
16195
30153
31959
27260
20757
9951
45
15858
23171
10848
5258
10618
3662
23320
4187
13659
28912
5031
27538
8785
1665
13524
31909
17029
6107
26148
1753
24252
21245
17580
32192
31695
19117
29731
8704
5211
6498
17979
23383
6841
11104
27697
29660
22321
29733
26275
6280
30314
4868
10147
17140
23589
11024
6921
28772
3627
29243
2317
18949
19332
15295
1813
8819
9194
445
27339
27774
9086
12836
29555
3886
26297
17109
7548
15109
10916
20741
21588
9347
11596
20450
30337
18416
29296
2681
24558
6741
16510
31959
28290
19404
27070
18542
13559
32505
13772
18363
20458
6617
32587
1318
4398
5050
23000
6442
30054
25739
21565
13237
6099
31062
10983
21714
6250
21003
32411
30853
10282
11391
25444
14838
12204
24756
23504
12754
17404
21083
5211
5103
23975
7063
29484
20527
1557
21764
20479
15014
28441
7928
26723
32511
10439
20489
25637
25371
27014
27855
32268
7420
7270
19691
9414
16354
10675
4423
10275
1203
11722
20384
18049
29088
4651
5954
11912
9478
15568
13075
18711
18322
18877
19667
24445
27049
729
21922
29165
20487
2556
22467
21036
29606
26953
5535
22157
14561
32190
6669
14623
8665
28681
7632
30501
24
12189
26209
17606
26996
9222
496
26886
29750
2169
1189
5621
32380
9648
11051
4390
1244
24053
1647
16483
19530
16252
5285
28319
25404
4341
27533
23852
15884
3170
22516
29999
29341
15398
5757
11600
22337
11871
2465
30646
2266
29302
4341
19506
7232
5365
26027
8890
32483
3480
8284
29210
19122
21414
19461
1766
4411
3201
10831
18099
25107
2172
3347
13190
4216
494
26909
17293
31797
21125
1584
24845
25030
4828
28747
9884
30141
22607
3627
11152
20324
1294
273
29879
26276
24176
12741
23881
10533
23946
11995
3098
27319
28161
16437
18708
13553
3868
21449
18149
14871
2845
10148
13557
28481
14546
21807
11675
4538
31591
8626
21648
7079
29822
14358
14756
27625
7297
12271
21423
9540
13623
1466
10187
2240
19094
26722
28864
20303
13785
10
23232
18097
22226
4614
10069
13717
30592
9770
19863
19201
3556
4424
27298
7411
20497
2292
5703
31305
20099
9354
28674
5086
2225
28531
30764
16630
12261
28835
2418
25308
3148
19302
1670
11209
14409
23901
4116
19720
9743
32195
22264
20568
9071
16885
24238
8338
20462
27442
17418
1419
14619
24991
23593
5948
4384
24718
16295
27680
13206
14335
5650
1758
27806
18279
13727
18216
13869
5553
27420
25059
24487
10883
32294
9352
21424
3266
17820
1994
28735
2648
24660
21881
9459
11573
26124
26022
19371
403
9379
14088
28497
4479
15753
26270
29942
14741
14196
19094
23332
15115
22612
13422
879
12017
23434
7769
14926
16054
22612
18404
28969
17903
27788
1497
24243
16724
32659
18787
31098
12043
12680
8820
189
17450
19133
16740
1917
7031
16235
15323
13782
16754
7076
6384
13456
16789
27530
26770
30450
6362
29631
27175
22230
12670
19996
1652
14083
19460
16038
8381
8118
31102
21693
813
2434
2824
11415
27256
19034
6805
25837
29886
22765
4334
7412
30643
23090
19703
3727
509
11587
20532
6339
3037
26990
5261
20075
6930
649
28494
23853
24058
1927
9586
24748
507
12105
5409
30207
18721
10166
6263
9059
8968
23310
1415
26668
19709
8059
28576
2306
15712
1258
3535
27721
24140
13592
27300
6881
23419
6640
16697
14608
1891
15892
11121
3004
7077
7098
1406
24030
22696
19897
10918
23091
18561
22243
28486
11573
10519
29590
31767
841
16772
10638
28336
14138
9918
2557
25420
17638
13174
23006
19406
21559
14144
5254
14338
28757
8437
31868
29478
16154
10325
11914
6825
19655
15089
27412
4658
16373
12361
2473
30948
2510
2353
19160
993
26236
15993
31813
25100
16866
25292
8956
3348
21642
7129
8196
11182
3295
14001
824
26913
6301
23408
82
26120
8837
9248
14921
9811
6229
6874
22749
8336
3319
25390
7279
21097
2809
4806
25623
32365
27453
32069
23025
30483
1010
30581
14775
6907
17346
21922
26005
26232
3405
10561
15672
15948
26327
470
27433
22450
21053
13588
7257
24994
24878
29253
22013
21328
22935
9452
23963
1014
32351
27305
26469
28627
20565
8286
32455
20083
23399
19088
23868
24114
25620
23824
9061
2300
2340
9690
10332
18006
11670
24381
21318
24226
16090
11580
13095
29598
11072
2613
18683
29231
7345
26304
14338
20829
19357
218
20571
17054
32308
13891
10196
14167
2009
22052
13569
24480
23763
13813
8331
1608
3654
3486
16587
28184
16994
24284
29591
5212
31963
27623
19036
31904
19353
338
15469
27064
11184
5938
21403
10243
14994
3458
1798
19696
1924
1990
14387
4032
6478
11247
1630
8078
31799
18559
27665
6797
27696
9709
23285
2706
28496
1867
18921
2770
29824
7718
26961
31468
19064
30126
29104
25386
746
6422
16506
28163
5628
31038
14115
6885
23036
21904
4220
3634
9039
11304
8255
8841
8363
30007
12520
8006
18311
11689
29639
14412
25807
29957
14164
15106
9691
17045
22466
3227
11682
30152
7639
23963
2603
17876
32762
13974
7749
21663
31118
16955
21368
26848
27774
30866
10299
4993
16665
3970
28263
17481
14369
21654
19948
4535
8990
21505
24515
14385
30456
28895
29988
5214
27845
21181
24312
7376
9440
19548
18833
7910
59
8114
153
17136
9206
17202
12104
7061
23344
3149
28890
17522
19229
25401
17729
21508
11608
25585
15895
9416
1147
4221
30678
14752
32494
30835
13131
16761
31740
31166
9032
32299
26412
32414
17050
4768
24014
23792
17978
31801
21204
15024
32712
15213
9443
7100
17460
28596
23210
31962
10943
27299
31091
8189
14370
32344
10743
28100
18956
2840
8055
4164
22226
4151
29960
11015
21858
17464
29999
21588
24954
30774
32685
13233
28695
19075
412
27047
10287
27790
13243
9413
13218
10
4871
2024
7279
20300
18315
17849
2595
25845
28024
5494
29592
18130
29816
25846
6363
22528
2368
27623
22894
9812
15716
1115
15024
9977
24944
27779
12953
9819
17716
21945
2730
28484
21087
25796
28452
27973
13648
1880
32377
20056
2088
17117
27904
26563
13348
24689
4332
25152
32042
6704
27263
29018
27553
11699
31867
6682
2182
30678
2266
19683
8124
32191
1470
22171
31908
1820
24235
27915
21742
11691
22004
23177
21935
1536
6771
3284
1715
17795
25981
2879
30740
2488
13589
6162
28171
9411
30304
301
32519
4907
13402
25582
22524
32478
7878
26709
6910
29557
32107
14182
3086
10170
25469
12495
52
103
14170
9163
17102
12337
25207
3910
25895
6405
15769
11586
11339
21138
3400
19833
4378
31239
8832
17220
1692
12062
29611
27323
31380
25177
16844
2334
17496
22667
7677
3188
30175
1947
25371
28273
17180
12421
30656
16029
29578
23201
27761
6067
4617
5160
18969
1095
20200
7156
9398
5804
18499
22663
18003
14357
11407
16463
1590
29434
27507
5929
8282
15550
26841
9507
8480
654
26182
19078
14657
32140
5734
5396
3591
4653
3820
14990
22973
16095
3225
7289
28772
24048
15769
14626
31911
16043
1558
11744
2321
22980
29448
11929
10622
9462
20298
5767
22735
18922
3827
30268
24290
17499
1251
17124
21186
11128
5788
2763
3354
10889
25172
21279
7920
27862
2888
758
8335
196
8274
32658
27845
30274
20670
24036
7247
15459
25434
19792
21906
588
9164
8112
17548
8017
14888
4763
20233
18011
8386
15847
22810
2189
11329
19308
11715
27431
23029
23563
24564
5290
22635
15856
14266
21821
32318
22547
32695
3663
9007
28421
18128
15742
3960
9961
27173
11959
30046
26304
31558
6559
10502
235
22180
11826
2697
17642
32325
21674
22090
24170
3260
9379
20360
9599
21593
22396
31023
17454
32413
14848
20724
21806
16368
24902
16544
24559
29590
9941
14764
21980
13280
12300
12047
29918
17055
1218
24916
13089
21982
31017
12527
6170
7377
28408
27345
9929
4360
12745
17210
15675
26600
29375
29391
3412
14428
10093
10732
4811
10440
20467
20027
10870
14655
26730
13958
11976
32245
2435
22729
15768
24055
31850
7820
2851
10777
17905
21359
26197
8240
27882
25095
21060
11906
32724
21224
22782
2939
7611
16899
31620
30114
1625
15923
25366
12235
30081
18194
14257
3469
19902
23825
16343
9206
22071
22472
11662
29310
4053
30346
15531
6202
26024
24381
1616
26962
15495
32616
11700
30901
9719
910
18978
27147
14927
22715
12869
8172
24089
27740
3234
6735
30394
7763
18790
6469
21078
6475
26978
22503
18158
1353
13908
29580
19659
18564
20584
21312
6176
19063
13566
9074
30187
27956
8878
14829
28700
12539
32393
30218
31993
13835
7842
28963
15809
4280
7630
4938
4239
9150
7335
24635
31106
29909
5079
4240
10011
12166
7059
19252
5606
19004
19557
4890
5981
414
7471
15663
16393
7708
25197
653
234
14280
21178
753
28697
27752
13462
19311
1196
15305
6502
13668
18906
32342
18876
12717
19808
10728
18137
21526
19746
22752
1392
13077
26646
18292
17837
28601
22110
15174
11382
31197
27828
2363
497
25761
28427
11658
14662
24347
30323
10771
9638
9545
28222
7923
140
32074
27745
20821
9538
5326
26909
5258
9640
21196
6622
18781
7217
29043
29539
26528
24366
29794
5919
17931
31055
20251
12255
5191
2918
20405
430
15173
31599
8658
12533
6100
5326
32209
1255
17267
32215
22597
10524
24419
9875
9637
12924
5633
5313
1605
27487
18003
12572
28292
10995
3553
31196
8007
15325
9414
15999
679
5667
16390
18633
16615
28745
28194
5898
8617
27578
8682
2975
3425
24682
24467
13755
17161
3002
16393
5992
5655
9884
16006
3272
18604
9975
1124
14497
22030
12365
10032
6680
16728
30619
3327
12221
15472
7808
27397
19400
15162
18850
4707
32162
18187
30286
32577
13480
9825
21342
24093
43
11473
8544
31586
4283
18240
24052
20797
24229
6230
15990
10156
6586
14640
15837
31448
18002
29269
16867
7076
11153
236
7015
16006
30441
15404
26127
27798
14560
12051
2865
2788
7956
31323
27636
27663
3964
4778
30386
8211
2288
12041
11169
30307
27884
31639
21683
26168
5777
25726
29882
20776
25324
3367
12752
21498
3707
18346
16118
6585
3053
8329
2299
25863
14378
21149
10912
17332
3987
14160
27641
8335
18571
1805
20758
10108
30518
32245
31715
12231
7808
14548
25933
8376
21090
24147
12710
1128
20321
26735
9291
15570
11095
8745
30340
3885
885
11647
5547
31098
19337
9628
3217
1625
8829
12620
7197
4896
20512
6578
18230
15406
20522
14653
21987
25469
3706
22232
5041
1399
14497
16737
19798
20491
18596
16221
20883
12287
11518
9962
31071
18568
12773
12788
31553
2328
4046
25260
3582
21879
17203
3126
7796
29717
4500
21410
7366
13983
24508
15646
9401
4304
15685
6506
1374
4490
18782
26508
27634
29221
21708
32452
13826
12295
25903
5314
11986
25716
32135
29719
15360
20136
20470
30442
15717
17443
15560
6636
9276
31557
17072
15246
1414
25626
17492
23409
11181
887
18188
28189
27495
1094
3815
6391
16349
29470
15344
27245
29197
22551
19631
25204
20332
8924
10738
24372
13264
7425
8141
16897
27278
22167
26591
24718
10975
16638
10455
5725
13193
27643
3895
2682
18875
6410
25432
32105
7992
6390
16558
13149
25527
10150
21070
20139
1418
14906
14509
11901
25983
29527
31915
9675
516
12734
13264
7815
23950
27940
14805
32024
9275
21822
9062
22538
21686
26395
20006
22532
28763
27830
12788
21498
30363
6860
22381
32163
12194
16619
6065
12846
2616
16332
2410
17201
4325
14818
16139
19426
14937
12851
14934
26249
6410
3431
14625
22069
11807
10526
16217
30894
25485
32135
583
5292
29056
32047
6418
22598
13052
10006
5766
7085
11716
32520
28691
15386
20859
24618
22041
8965
12809
24020
24931
19864
16704
9886
14833
26723
19392
7614
6906
21329
15639
7825
22577
8667
28461
7799
18504
27515
2272
8420
14514
100
12267
12724
20142
22128
4620
22975
31105
16986
2406
16814
23042
20781
24612
30477
17244
22012
30559
1953
14608
32724
21825
26363
3641
3055
24171
21069
2580
26666
16021
9853
13759
22969
17524
23672
14145
31770
13537
8137
24011
11335
22839
13162
17214
13360
19709
6361
9964
19048
20165
11631
26019
14879
6227
12782
13032
18256
514
28761
30592
9019
30052
29704
31029
1302
29481
2043
12246
15104
12354
28527
27520
18230
3654
3247
12316
23945
29460
27181
27177
21776
17338
22993
24764
25114
1685
7825
2244
11366
28858
21570
7571
5527
25237
2477
8858
17378
6096
16614
12916
17674
3702
18905
16167
23950
26969
11046
10150
22561
20913
3375
18074
26970
7173
23406
24161
31661
13391
4109
1623
30618
5467
23984
32085
23588
20336
11158
1400
15237
25138
6112
11556
28704
28103
29744
10568
7607
32569
28790
9443
21214
31771
26631
10695
24239
29040
1264
1693
11968
18888
11657
22057
18770
11948
28749
3023
14283
6460
25064
10582
30055
22039
8594
493
13866
123
30620
11883
6681
14510
16968
5851
8361
6556
9438
13624
28792
12737
11516
30069
18235
841
25134
22208
9719
20342
29630
12808
3445
12611
30926
18877
24304
19271
30371
1751
13584
3291
8516
1817
18716
21119
2628
24727
14443
25978
12764
15990
15899
7873
11837
15091
13574
12570
23843
6822
30194
24193
21422
19720
26120
7371
110
22068
18824
28041
13244
1514
11962
27951
593
8153
1320
23926
13841
22814
13578
12030
16680
20232
19202
20024
26456
23326
3081
14211
4497
26723
1449
5781
32707
11736
28270
29981
19696
29251
27287
15526
31109
15663
2320
4031
28650
6452
3237
15961
14168
19320
21872
22896
18667
9334
32403
10734
15096
19966
1069
3788
13984
14973
1414
1658
27557
6527
30605
26497
30333
30066
23429
3175
27813
24237
19963
30418
824
18353
507
11761
960
30382
31875
23576
844
12361
9272
28586
4035
32668
31064
17212
18295
16254
2544
4343
3837
18693
30287
13630
22845
27466
6586
1169
13765
4204
11105
14514
6499
13272
27538
14598
5362
3527
12589
16957
28276
6152
27480
12598
20577
20479
27507
29980
831
23022
2895
27862
25971
26995
922
13214
5463
4946
1694
8431
396
27765
29484
32677
21394
6705
13266
16480
26773
14283
7764
11049
19594
13627
26458
21592
27515
4911
32359
22708
27935
8275
26122
9437
28334
7120
23640
19431
3827
24850
26521
12616
163
207
6978
2548
5869
27461
10532
30918
82
4035
4834
18978
9143
5482
4008
4825
21433
4405
31258
13900
19520
23863
23179
6101
11863
29988
24944
31586
28219
31763
26132
22883
26545
20354
15757
10727
3229
19355
32238
27393
25041
9398
446
26225
15907
31262
16297
31360
32706
1560
19062
27180
11210
3873
3385
30853
11285
32376
6090
21335
8021
16348
3957
4361
28511
20119
6131
17861
8650
5051
18585
29658
5817
31148
464
23390
10741
22750
14021
27927
27199
8672
32610
25756
23268
26778
1660
19895
29585
13523
10318
30990
21097
15350
21798
9218
21589
26645
3166
22488
1947
20526
910
17430
11443
1453
19968
6192
14678
23347
6244
8292
4567
2198
19653
10723
27830
20521
12988
29233
5235
2365
24548
9678
31648
13287
3213
12822
22330
31236
8373
28262
13113
16763
3380
24704
13670
13250
17718
8241
621
24228
27630
7729
31027
21057
2697
21066
14441
24662
25185
5308
8802
24766
12148
9953
21281
7993
28436
12045
15543
22125
32480
11192
24012
23594
10226
8671
18043
25330
27226
2727
24419
29881
7371
17476
9978
2793
13461
2585
22821
26537
18899
14368
13574
5215
11238
23949
21781
10611
6690
25262
19827
17239
29894
17942
1147
18628
31282
13562
31129
26182
25684
731
28255
25338
31332
17509
9685
12950
27345
4504
11793
26795
379
13093
26632
28967
3618
16155
16804
12830
3870
26818
22039
31434
29777
1991
26734
25552
3675
6810
27753
1220
32268
18453
4490
8944
14367
9310
1132
15697
28965
15630
23126
6627
1471
12435
23312
14367
13072
21715
7413
19649
13170
12561
10058
10958
4968
20245
3790
15830
21205
10119
16530
31094
9835
11677
28427
25122
28005
15862
21862
4897
12153
29893
17691
26073
14088
12081
12741
7757
7065
15356
12081
16612
20613
32611
5557
30060
3059
3654
16579
7006
6663
1161
7101
29540
28759
6842
28939
536
5535
16116
12140
4111
12725
13571
6537
27414
22975
456
5072
19643
27811
9695
1151
2576
5055
27520
31231
28843
15323
19363
2932
29937
6747
11880
10130
5525
4793
2741
17842
6235
4147
10529
11557
1058
10177
3601
18120
31777
5706
20256
11480
24689
28439
22469
27912
22475
3720
24880
12497
9876
9478
8564
16394
30486
28216
30187
4536
30481
26746
3286
24359
28274
8331
21061
27962
13154
25989
9271
32767
8066
30995
4609
11398
27253
4062
10996
31988
3488
13896
8250
6867
5421
27997
15873
29612
598
5126
32732
3032
8928
28800
17509
29587
485
28173
25640
4690
21975
25322
12220
15447
4034
29312
6451
18050
28625
24542
3253
3178
17172
25703
15463
7340
11904
24264
25489
32643
11064
28206
17665
19353
6155
19893
26794
32029
1085
1059
23697
17174
6026
15318
31978
14071
15208
22267
1917
12915
27021
5121
32335
14226
17329
22093
7551
7941
22677
26416
26734
183
14916
17174
4642
2724
18840
18176
17645
14830
23297
21044
3401
10797
6274
12338
27655
28423
17660
24299
21417
11266
17583
1326
5388
24213
3838
11619
32586
3717
28018
6267
14046
22639
11266
15655
2057
1696
7826
18248
14453
11309
8121
11175
7193
30273
27847
9191
29020
10161
775
9912
18557
29398
25153
12365
31282
9627
22659
28431
29071
23509
15137
10387
19754
11219
12539
27337
7037
310
29182
23927
13963
6659
8174
18406
711
23031
7266
7900
5425
26651
16
11977
1218
19096
5962
13893
27402
29899
1993
1210
22552
31644
938
29022
15770
25612
11702
15973
5445
16398
4838
15476
18039
3480
23846
16984
3867
3065
9050
19704
29646
31597
31391
23432
31551
31471
11475
23552
14556
30798
14423
15309
27307
26243
32019
28870
11893
11842
15035
3681
4650
3279
17489
15143
897
21779
3308
6757
25311
18159
29111
32293
15738
28880
25916
30044
29374
20356
24547
2661
18672
8268
14773
17838
13585
6450
20838
18610
23045
31644
9363
5415
756
13602
15688
21624
7409
669
6341
13173
29657
18816
27522
9802
13950
7020
26224
10413
1541
6142
24962
20060
5261
8428
3948
14279
5906
5200
7851
16137
3728
323
27589
28957
11371
2734
10450
10063
22030
27741
7739
21744
3026
22101
26818
23886
14114
4712
22722
1508
9182
10246
22200
22733
10492
29270
28931
2943
17525
23685
30440
15797
11871
14431
17625
9389
10070
25372
9719
30356
1569
11388
28373
10815
18579
13334
13695
24347
11182
12524
19131
359
3855
22340
22670
32416
10118
20659
18946
7741
17668
31355
24615
21149
12218
24087
6232
5694
24703
6163
18367
10543
6258
8481
4124
17096
7137
11626
4545
2968
5226
5666
32481
29599
24160
351
29707
14525
17777
15403
14834
12651
29829
31447
21615
12201
7400
29587
713
4151
6316
1852
5427
18952
3145
27765
15254
4596
19335
4345
12689
26285
1438
9520
27583
6388
31899
1536
10808
9229
19461
30949
5210
27248
705
28228
16841
10945
5171
15868
21684
16642
25766
4671
2394
2056
29934
29856
24269
28459
29003
12652
15606
6210
10129
1342
15322
4559
10374
18638
28699
374
6284
3850
24770
21172
29568
26984
2619
15821
18401
18042
4769
15110
11573
7875
4925
13845
31144
25545
6985
5590
31479
25963
20473
27711
13964
8565
19900
25238
29931
12658
11967
13793
7244
19137
23218
22431
7817
1259
976
1717
32315
23092
29977
29867
12064
5744
5602
19224
21953
10264
18064
9563
10833
1949
31393
21132
727
10492
13292
29619
18576
11155
17193
18999
23694
15411
29107
19097
12198
23926
30861
18273
4489
2643
26787
18521
31537
26351
26707
25082
22655
29622
27180
8484
5410
30379
16630
24338
28858
3836
13554
4492
24125
9946
32355
27486
29338
14215
18764
24842
9885
5041
9852
26042
28691
11262
3528
29816
30254
488
21912
14753
25899
15563
17317
28823
9521
5436
6912
18871
30845
2717
19287
27787
17596
5870
9588
27200
3000
21734
14598
13402
22327
19523
16292
27558
7200
22622
14607
7024
22752
23810
7351
13559
29452
15742
17537
24350
6216
18937
29896
28260
9831
5894
9634
6422
24276
29561
29028
15300
26928
28792
19560
16881
26940
12245
27149
1806
11258
27803
29440
17322
12303
29158
28858
23267
3436
29688
4682
7200
45
32650
11861
19714
6849
29536
9819
3991
25420
14368
3899
30929
24649
10852
17146
27447
22644
27406
16320
2523
18919
2524
30755
22412
23683
15932
30888
22092
21393
8801
1671
15109
17065
9366
7087
2423
2515
8914
25610
11381
23789
25741
8194
24145
23117
26323
4164
30101
29863
11927
20164
27123
13360
5449
14593
9599
4867
17323
20362
30236
30916
20192
11969
13108
6532
11205
1247
27565
15333
27781
10552
12312
10879
31848
14529
19755
21634
19948
23503
2673
24988
12055
6433
16704
15645
14347
23073
24556
23641
2011
1127
11578
17485
17309
19583
24599
4742
3009
9708
24458
3391
23457
29804
16104
32458
1880
25214
19015
24625
19416
290
14132
5916
9527
5344
19881
19189
24394
13323
7481
5451
5237
6727
4750
4468
3777
21833
277
3959
16175
11998
29944
28201
16205
30767
24909
24725
4358
6723
32397
8865
4286
4037
27975
24815
19871
11272
28949
22530
15405
21320
22480
28322
30497
2099
24832
20353
628
29351
14742
17950
17594
17342
24542
25322
10929
6920
943
10922
10522
20759
14053
21788
4295
19265
528
24285
26870
15521
12654
29322
17373
30815
28183
27941
16774
14641
30584
443
13533
546
4354
16452
7944
31891
30755
971
29942
30591
30326
3023
25403
27651
25655
17640
1051
11037
12025
1198
15332
6324
14491
15574
12162
6104
8824
27038
2381
3148
22750
16236
37
5441
29378
23473
21697
25957
14769
32020
14660
23580
28170
1741
22289
17421
7019
21326
26337
23265
4457
6697
3859
1607
21636
27950
31811
23100
7001
4307
26653
21641
11290
13274
627
29069
11836
18989
28814
32316
17519
3853
22210
19304
723
29291
8261
9792
5481
30102
31042
14870
10952
15127
12072
16229
30481
19929
27464
7186
25380
25486
31647
22770
15380
7757
7664
4237
30425
4480
279
15137
23621
3581
28825
31722
12602
31091
24191
21409
12057
13576
16229
23619
24701
22336
27854
29203
13866
15649
442
28130
26688
13973
25979
21646
30645
21007
30916
8137
25601
2929
6403
1051
26907
25134
28144
22570
22949
6827
13670
314
26979
12012
371
2288
31730
12908
7339
16475
19383
11596
2241
5173
32021
12976
19288
30309
29155
13927
32022
201
28957
26058
20218
13619
30425
2022
31216
32433
16509
10461
19619
22546
26928
5257
19347
15269
10894
25699
5991
16452
5536
9379
3460
1937
22539
21673
22238
24960
24967
18076
22798
18710
32147
8785
15782
7792
13672
3950
961
16902
3627
19151
20446
30001
30566
11048
28142
9195
32185
22764
14763
31702
5581
15726
24876
29825
5002
27975
13750
11494
8586
4599
32470
16951
19661
5839
940
986
30894
7438
16010
10418
20245
31562
28350
27040
239
19473
31915
9545
27355
20433
25631
28954
29222
9717
6368
15242
11770
8529
6536
25503
12498
15296
9363
27060
1585
27915
17335
7545
14484
26893
8564
27963
29605
2325
23787
14950
5809
25740
20467
22344
19292
23768
31594
4631
29844
8319
3529
28982
2499
27024
14331
1204
12873
31551
17520
28950
13609
8911
9325
5974
4354
16309
26534
32299
20546
5882
21006
24715
28054
30177
1006
1390
23717
26570
26676
17622
2813
854
23822
24076
27981
4812
19128
812
27862
7099
7315
15843
18716
2529
20598
4472
16865
332
4168
32265
7507
7103
2511
18712
24197
5463
30915
12102
16412
11374
5927
25437
18251
14528
26585
32404
769
15820
3943
17935
19296
31870
12068
27046
5490
18442
30331
8167
12055
8731
24196
17246
30530
25133
17365
21780
26213
27703
21147
2133
31530
14990
30953
15286
24420
16134
21327
855
22853
24410
18351
10342
23761
4302
16972
16868
20882
22290
18724
19116
24718
10858
22912
22705
24182
2316
17353
22919
9760
14281
31133
30757
30519
30192
546
4073
11570
10352
2202
20700
25218
16444
14648
31032
21520
24564
24626
18471
6374
1217
32536
3534
556
13953
19556
31882
14167
804
20818
8057
25245
18773
6642
6717
428
5725
11131
5628
11931
6981
13538
32683
29985
32059
11691
31629
2053
1336
22272
12790
27349
29407
21248
22869
25563
30375
18009
8561
19021
5948
14361
25587
1220
1571
9153
15909
19439
10141
29083
30713
1417
20943
18766
23629
19336
1823
29360
26221
29592
12257
14555
26842
10951
5939
899
4426
31106
12069
6791
28143
17344
24606
18373
22524
6525
26491
19251
26470
27498
2424
21804
21479
30691
6740
31495
26441
1057
8880
23022
25825
13745
9017
23533
2650
8228
15238
21322
3508
23305
14403
24597
15499
13336
19600
21503
8349
20912
31396
2160
19847
22916
28598
23251
15311
28561
22301
17205
21799
8531
26806
14606
5616
4408
13958
23134
26622
30293
32160
2300
6811
17495
32329
29227
7118
4029
8027
13423
22237
581
24807
6047
23568
29604
25118
2874
13752
31354
32370
24318
3696
2437
17912
27063
3235
27925
21777
4694
1870
15552
20297
28482
30727
5462
383
28659
20031
12056
28487
17596
1988
9252
20364
30952
12937
31540
15482
29449
15274
19080
6810
20365
12203
1825
31551
18834
20481
21552
32290
9724
8659
26318
30281
21700
23041
20973
22061
15506
19046
20111
10011
25743
13402
21558
4059
28788
9339
5531
11920
8936
15278
13730
18911
23048
2400
18574
7507
14919
23314
30065
17664
31608
9492
19431
3175
3113
26768
8708
9370
32563
15051
3723
1441
30607
20904
21345
32539
1643
14702
19521
15400
12157
6090
13744
16007
1944
8216
24628
5372
8573
7390
9153
20725
15603
12953
10100
32620
27674
16317
20868
10511
8956
32247
29557
7583
25957
18613
1678
3734
1781
11496
3214
15628
12659
9736
26779
16091
9572
11353
17531
7938
26844
30830
22022
23879
22677
8171
6363
4385
20286
28559
20563
13268
22293
9841
26035
21982
6584
30345
30374
17298
568
28275
10218
23811
17776
12400
4169
9507
17557
6830
20427
19500
32270
17609
10026
14655
133
30353
9094
22347
5182
31758
12890
10545
3751
31425
12719
26918
1073
11309
20623
14168
19551
8598
21437
7124
3100
29961
4771
24487
14930
2972
16524
323
21176
19703
22035
18469
10988
29715
11995
15285
7617
23874
12161
366
218
30064
1999
26174
6264
11944
25907
5936
32144
7642
10607
19784
10785
9691
31121
28846
8132
21421
14630
30480
23685
20481
17835
321
4593
2554
1604
31782
21104
32564
9137
18642
10453
17669
31869
12272
20020
14082
10616
9313
29171
28357
9832
6439
18468
26862
29436
28290
21010
31592
16385
14936
5402
238
31960
28634
13245
24013
22824
10853
7411
16875
3792
8102
17857
19464
2080
32002
8461
29252
13896
13365
18866
21473
11280
31545
4816
22603
20682
873
29285
16213
16261
11238
31266
1734
9860
13114
21111
18708
15087
11323
27633
31087
5319
14898
23237
8449
1823
22589
4269
373
18570
12274
26866
16566
32720
17221
15050
505
2277
28076
26085
4093
1563
129
3395
31889
4502
32423
29768
22872
8960
15216
12818
28105
32127
24766
12042
3705
14820
8297
8377
31133
16678
5345
30686
23754
19214
5397
29885
26624
13619
32659
21945
4583
17961
16624
21541
29016
12534
6506
25432
20511
27845
26060
26111
23296
13535
28562
19896
4856
17622
2126
22748
25540
9475
29770
25243
936
6963
26735
31055
105
5022
8037
12042
7579
5657
18940
22641
26659
7052
24267
11726
8948
22437
3351
608
28956
19150
22262
1526
24836
12381
5811
17596
15603
7435
29557
22868
17621
25000
2332
1320
13627
1549
18284
8959
16290
28753
19565
10191
22520
3136
15889
9682
31580
1800
26392
1500
21542
29494
6961
27372
24359
26849
9826
29697
30258
30245
19369
20527
25562
29652
5860
22769
25726
4711
1518
9921
14467
13115
19723
21478
11233
25082
14982
24974
14049
598
32152
29468
7205
1534
21644
21443
10216
16074
26145
31316
29831
8505
18992
32596
22592
2846
1422
14674
24634
25238
32052
29559
31942
8509
9373
29279
17125
8098
27504
15143
26378
13560
11871
20680
21793
32526
12111
23459
2511
26241
22713
28509
4348
13104
20560
25324
19855
17648
7396
28402
28280
17537
25478
1610
13556
24769
32749
7393
28684
27680
31768
20680
20831
28244
11061
10631
32546
32334
27586
25011
1893
30828
21746
28355
6296
25840
21330
15135
9037
8881
30892
18042
18752
10768
811
8290
15764
31790
24513
28949
31327
4700
11206
1175
28521
25043
31202
3073
3633
18342
24108
2332
22321
28916
1427
6190
19555
4962
23678
3092
27908
2504
2223
4241
7832
10539
14957
18150
10030
25068
6370
4259
7397
318
19906
31932
28335
9949
29741
2783
27221
17150
28375
14597
25532
12417
26982
3912
24934
16238
2331
7668
29243
17311
4277
8672
4234
31674
31634
17151
13899
25699
21528
8498
1703
19375
18771
9056
12474
14555
18399
15561
28567
31806
6665
7319
19340
31612
21297
31670
168
3581
2675
31974
11899
32157
10374
21263
13597
32677
19683
8660
25458
14843
3626
19562
23211
10389
6594
9899
19216
30515
30400
15462
28157
9038
28683
8954
24875
31307
27069
2339
18225
18421
9676
30995
20811
18730
15337
197
5721
14036
18600
13454
23339
32028
6114
16373
12283
29402
20056
30916
1851
9551
22168
10335
10642
3094
5413
32597
11041
14680
10194
26421
17930
23104
13423
9891
15923
7086
2727
2986
12871
18224
7465
4180
32254
11310
5638
11640
4511
10596
2650
20436
25283
27285
4399
9051
23131
11902
16798
10448
25588
10506
23607
18836
570
21956
9124
23997
3259
20113
10376
22631
31470
31391
3245
3663
24692
10649
351
19102
32413
28445
1299
9730
3886
21103
9293
21507
11362
9839
16832
23189
31278
7624
10678
26601
29897
28523
29874
14985
2156
7996
32084
20388
22103
16138
28030
19366
19220
15301
9909
20748
27135
2795
2506
14711
29190
19524
25017
25855
16302
13263
30161
5065
4182
20476
1813
32220
2752
27
15587
7472
12493
12053
17619
24072
7816
9818
10722
10626
14950
3354
9936
32365
15053
26552
30662
3162
9426
11132
28476
1270
10311
14984
21018
6039
31989
23565
16157
19220
9510
1214
9597
10714
14695
901
3789
29756
8587
26229
16418
19723
24307
11265
30327
5223
19469
5227
16976
25812
29979
10111
18078
26257
28214
17024
24291
27941
19090
16995
28822
4922
6403
7739
27593
18606
2496
1525
16137
1768
8552
22853
17030
8040
7490
2784
24180
22690
27849
17388
28848
19725
25704
23476
13735
16503
3458
30625
14452
24475
14261
26470
3656
7669
12128
4474
24847
9685
15714
971
3408
3763
21541
31921
22357
19906
3548
32
31629
5319
24584
19747
7726
4908
10305
18309
24094
19792
30259
10705
3860
32290
14055
4990
24315
14062
9540
18275
27287
12663
9173
11889
1386
2117
25548
29344
14553
18752
32071
17962
16011
5758
23763
11000
31250
18778
10798
20057
13773
19398
3154
19706
9996
7138
28334
29459
32118
11725
11191
19678
424
8122
16543
6989
1823
29767
28260
252
13656
18187
27661
31589
27701
12142
3633
31827
18339
17854
1976
14233
1658
32383
10213
30979
22693
20482
14741
5773
22658
22073
26561
21203
13195
26825
19274
17353
17975
22369
1526
4524
12059
16458
3765
8760
7509
13632
4906
1052
24106
8833
4710
11947
28142
11299
5367
27092
4132
30122
9761
29268
13031
2010
29291
11818
8585
18634
12126
1355
19065
14906
12425
12952
7274
29222
19912
8461
16049
412
32454
10555
10479
15818
20417
17144
24049
8027
5005
32597
19924
11268
30428
24272
9069
7769
22716
22475
232
16358
3169
8509
28590
10619
26661
5544
1933
24007
17869
16971
4371
29224
22542
30360
10042
14786
31056
26600
7243
9935
22449
15726
9724
22069
8781
6249
5339
31070
7101
27806
6896
4676
13789
15622
26014
13771
6866
4292
3787
18516
18252
13401
10561
26767
6665
6939
27731
31888
31899
29924
17091
5414
2410
19463
16611
7016
21244
16264
17915
31888
12404
11660
19691
18445
13145
25102
12305
29651
10905
7636
25709
15094
22222
2465
28675
19063
13247
27053
8065
12382
31530
9554
16162
16648
17601
30472
23250
26307
26482
22675
18835
3992
32747
32635
2079
11624
16478
32189
9935
31803
28033
23232
20155
724
11482
14474
8739
393
2105
22836
31758
17233
19078
6299
21296
1311
6588
11865
17425
26478
29238
19444
1644
7709
26410
27476
20949
21118
19571
24955
30111
27562
11667
2416
10237
12567
13816
7036
20583
31596
28286
1177
20800
26515
29750
21032
5301
16400
3174
1506
24808
4242
14800
26129
14158
6088
14135
7680
17237
2934
31520
17072
7243
25288
10454
4044
24187
6886
4784
28895
24473
10696
12694
10949
608
4940
13762
14688
28025
21638
5316
13708
10655
6487
14537
22356
27393
28737
13596
26726
2535
28793
9197
15044
28313
1598
4434
30653
29821
22890
6027
23324
2175
583
4234
11935
1717
163
179
6570
6979
10535
7904
6461
10877
31972
7592
13348
1100
7983
6625
16237
26323
23983
21091
18207
5202
32436
3343
28457
74
18890
19728
24729
22498
32399
15969
5902
27017
11713
31375
8816
12253
10395
2753
12510
971
31330
19189
29928
14840
8251
4748
15359
12128
29503
17929
18729
2366
30929
13846
18426
11307
3375
28616
27583
11913
7240
25123
3836
18978
23758
31969
26393
4365
16779
11375
8280
27090
5368
22329
30218
5837
29452
16423
6915
19672
5458
29287
1611
7460
9534
6766
30742
13928
2241
28729
19190
16702
23835
5849
25936
23497
5105
5422
24333
30876
26271
19443
12177
9431
5071
3322
30705
31123
6987
14265
15712
15489
27663
32518
10219
29645
14499
15391
6503
29001
26023
29421
12455
6343
18095
27530
3314
26054
7506
1280
26035
29778
3710
9556
19059
4389
526
27331
7941
5394
8351
587
10240
4004
25503
18285
15219
1282
27558
4402
27091
17173
4362
20588
13112
4589
25262
25406
7369
17249
1818
16862
14965
26102
13265
26778
229
7939
11998
8985
29614
28690
3761
7396
970
27528
11305
23332
12873
7305
31474
942
19268
9750
15377
5436
19731
23928
16061
29949
20415
25570
9073
30033
186
850
21823
14797
1742
21176
11623
7302
25172
25946
29992
30860
7590
2423
14806
32180
25047
23082
10029
29083
17313
10386
23525
487
23710
48
27782
3024
1211
19088
2174
31968
16363
22060
30065
12534
13336
17549
21712
29073
15199
9139
26541
31307
26236
14007
17614
9892
899
12719
13568
11521
31954
27858
10669
2805
9283
21213
433
1726
16038
3765
4202
27155
25454
15437
6926
23069
1194
8394
16450
28867
13111
11749
32232
31530
29492
21649
18744
380
13495
27358
27922
31721
17598
10526
8850
22764
19049
582
6118
14544
9318
23447
22876
626
15020
26493
20671
13640
6252
10167
20196
7330
25156
23224
21376
18480
31927
22605
1852
28101
30426
8577
7180
6234
3407
10174
1980
18518
22903
3892
19660
26893
228
28798
17789
16262
30989
23939
9516
13953
13126
11675
9183
11192
17647
21748
2078
8806
24555
19251
772
32518
12116
17758
4757
12381
27756
18169
24146
27066
16343
20079
16907
21117
17160
8372
31477
20182
13818
30761
11004
17871
15648
6848
9818
2189
15262
7008
16233
16082
7609
19083
1205
31943
10124
6718
9558
26105
7165
31000
28541
417
20464
26815
7500
9256
32187
21376
25579
4586
27865
25909
30936
16187
16866
27500
382
20903
2746
197
8458
18046
23305
1948
6266
25233
3308
14312
11510
20278
31211
17507
18532
2194
16426
23276
2103
279
26595
1065
11911
7755
32019
9840
10599
29387
29044
12264
9331
22928
23212
11243
22696
22130
24772
18351
3705
24554
28891
2598
1566
30236
2076
17186
14896
11029
10989
30141
12403
81
23657
16888
19699
15744
10769
4514
23378
9353
8126
3196
16992
9936
14299
6042
5612
32693
7120
25612
31450
22621
18625
20670
4470
22708
27769
9117
23048
18866
3745
24059
18345
11486
23094
12341
30036
27921
6970
20627
12608
3197
17577
14703
21101
29677
4782
4762
3197
18254
7447
18939
13766
25455
28167
8057
13221
26885
28906
10268
277
30962
19886
3182
896
1479
1073
1576
8661
24199
23541
24842
20954
22190
31771
779
4036
12145
16271
16306
29701
9800
6528
31428
23397
19626
7699
24095
21844
3351
856
9958
19582
348
11901
19934
7585
32275
8513
3864
4251
30569
23468
5329
26568
8996
1533
18838
31114
31716
30437
5548
2089
2472
27122
2990
19422
5013
31310
18552
25386
7923
13737
2628
7532
24441
23412
17171
21427
31946
7248
10831
17361
20799
28102
4526
8625
1511
17976
345
21226
12236
21783
24398
2195
21112
2903
9730
11098
27576
2080
28235
19920
27808
15815
20606
6407
17359
25340
24788
26463
23797
1093
19219
413
14738
18859
20842
12861
1792
17586
12956
8970
21939
23183
15201
14571
21952
7830
1801
25088
15516
12530
13154
2541
14374
30104
3036
10358
4840
14206
28651
7757
28058
3079
30893
21543
12776
2754
8653
20501
8822
11605
31143
13586
11296
27572
7340
24792
23686
26775
8
7161
8648
16938
20355
4138
14222
23302
25253
30946
25932
12128
3358
16932
29124
2688
20069
2456
28620
12405
9374
13793
18513
20488
1729
6187
9628
20718
18937
19459
9172
21058
30282
18796
27332
27954
20087
23855
5343
4088
3875
31602
1921
1292
10550
8332
8312
31383
31618
13336
23747
7723
20391
8776
23705
8370
7731
8061
26798
13989
24078
18964
23729
26751
25366
7810
6937
18288
4102
29091
28193
23125
24476
25935
31249
22248
2299
2863
9408
31540
17230
10702
5719
6989
27822
22515
14167
14141
6214
25135
20446
11585
18356
11954
11302
23606
21427
4962
27214
19022
18423
21039
21853
9223
13913
12192
29060
10078
17716
22450
7587
20287
32015
1251
28175
21313
6524
7562
9363
20368
24895
15209
27060
10538
18867
20869
11065
591
26986
25654
17387
21298
32276
1914
20634
31477
2466
6030
22112
23764
19115
24512
7722
23969
5134
9087
26995
21872
18393
15796
25683
18835
31081
19029
30905
713
31443
3638
26356
21426
22915
4387
18297
9094
3619
7725
23008
4359
25535
7745
17711
16820
23078
255
11611
12608
1939
10184
16908
5442
15756
1817
10913
10542
29963
29208
29556
30340
17884
17517
24671
27975
27974
24147
18559
24753
10221
9967
24375
15397
25335
2272
3704
1125
2158
7447
17984
30981
27365
30697
25953
27168
5215
19554
8068
5705
31852
23005
1133
9412
27029
22481
3201
4087
506
21486
20101
5147
20282
13929
17064
30263
14739
24724
14020
14159
15947
6577
22497
2008
25934
15880
29947
3952
14872
25655
24325
23756
19413
27850
2605
4594
30919
12299
21602
8360
2281
15899
5395
11052
23506
25922
23098
23845
11739
29316
30362
20698
14468
24693
17732
21666
12820
26702
18016
9371
28800
10559
31018
27807
13198
23047
5947
9844
23098
14531
5386
10307
1881
11523
2994
30540
31100
20515
28662
13015
6679
20441
14978
11118
2019
24330
25971
31305
8320
10466
25370
11530
19807
31267
29181
22955
6111
5309
29215
11956
18614
24992
8066
21425
5779
29902
21993
11747
10242
6068
16866
23862
27791
19898
8964
1395
4398
1817
886
14263
5082
30188
2225
4132
14973
14731
16774
23510
28944
21524
5474
23320
21251
7754
14545
29656
25567
11683
19265
26713
15146
24732
521
26152
10123
1360
1193
337
3374
20041
24147
28626
874
2454
10411
6480
30113
19997
21452
20233
19304
4915
12171
16394
23528
26218
6655
32162
12420
13226
30529
9238
23229
21380
22128
31638
24914
21442
26616
9584
2219
11843
10516
10628
31351
25094
26770
30712
4245
8836
2263
13101
18224
4419
8994
22001
6703
13736
28693
2550
20940
9997
6513
17026
642
7443
22817
28521
17453
23097
2426
23609
25709
9390
2753
4020
6219
16740
8685
16259
28959
9574
13487
11304
6321
20843
1712
31029
6302
2987
23578
21947
12541
27633
9561
2310
579
28146
6179
14215
3684
32221
22965
29714
21819
13107
7776
29002
4140
11737
25157
26457
20744
18796
8029
484
2096
6868
9404
27197
13822
27676
29462
16859
19296
10880
17026
8456
32198
31432
5502
28122
4671
26581
32051
8036
25566
24442
29435
16685
10595
29069
27425
19170
15895
1341
1256
8263
29176
30885
31694
19827
9494
24226
15889
21309
12861
20194
19571
6130
27860
31806
18234
20553
13829
1354
19580
29848
27935
13098
2969
5703
16184
6823
12809
10629
6678
21378
5464
5947
18000
14855
15982
11070
27824
28390
14868
13001
2780
2367
21172
24362
6965
12028
5984
16571
29696
1891
21526
28180
8644
15339
24387
11135
16626
31567
24709
9901
6859
13026
29877
6823
2431
29218
21285
28678
26514
11407
22566
11623
3716
19902
6350
19482
10417
21417
25592
17690
23158
25417
21643
27202
1685
2919
22784
24509
12763
10671
21534
18879
18944
9734
15112
626
21454
30749
21626
27700
17541
11078
32080
13311
2687
21639
5704
6184
2320
12013
32520
1869
2992
21027
16995
11145
29788
14147
22488
13801
10553
32748
7771
32292
1403
13205
29785
19078
20869
26401
4342
21550
1617
691
665
23417
24595
6595
30378
24766
1049
2418
11930
21820
15862
20762
17956
22608
6111
22826
11987
21740
21077
7217
1221
4932
32517
26168
8366
4810
17132
7765
2847
16477
958
20093
13577
23741
1161
23962
6525
10051
13717
12253
11445
8399
15248
8534
15448
31489
29159
3778
9466
1964
27767
24740
226
15495
15461
19607
13329
7974
31818
16610
31104
11561
26516
11853
21928
5300
297
9267
4679
20767
3405
29401
10082
32750
25285
18430
13702
515
22332
31155
30036
15634
19175
29549
16445
4438
5989
31065
5769
22402
26089
13807
18078
31483
12442
17866
6527
1092
29498
13751
10387
10169
20230
9996
16552
11393
9694
3643
30263
16318
28838
16294
20201
2054
21740
16053
9307
3351
15819
806
9246
18374
31759
10405
4355
28217
12697
15517
10645
20566
3078
7757
22502
22651
4747
9502
3727
1136
2851
308
30450
27290
15085
2627
21698
8049
1487
28836
17094
3892
12640
1192
11481
8155
20229
2092
11062
12109
4442
15981
8946
16851
4307
11806
20426
29900
17315
18872
6943
2467
11484
29202
25663
7423
1752
1841
7654
24121
27865
31585
25861
23315
18412
7300
29889
13223
787
1963
7103
19101
19106
31459
5791
17825
23274
31058
29638
29204
8725
30082
25697
25090
14673
30204
7846
21845
31025
26649
13661
17224
11599
5397
2208
6174
11063
28005
13279
31507
20608
7754
7463
12435
11324
9639
2467
27818
22419
22544
23395
10684
16810
3363
23644
22390
29386
26139
15024
30212
2750
25250
6704
29060
32380
14311
24351
20923
22792
7665
5689
4615
918
1843
7668
13717
22767
30304
29958
27604
2069
26240
21031
22826
2602
31044
26904
22501
12174
24470
228
17780
2120
12405
16230
12247
11175
8704
19979
30548
9000
22736
15322
14444
31899
16779
16561
4621
18306
10422
17873
7177
442
1227
22428
8647
14173
9868
25758
30009
23014
17302
28107
28173
4758
3897
3079
26920
5143
21895
28396
23632
12128
19627
14535
21032
12248
4221
23523
25186
17086
31827
23819
31280
28104
22297
8010
2299
22794
1444
7413
25944
28698
14147
12779
32312
7794
16535
23324
11358
11029
6309
3912
14359
30582
11306
5385
26405
9621
31534
31252
9980
26987
13532
4028
10033
2440
17809
4280
30767
21243
2867
21541
556
1138
9156
12751
26715
29858
2615
31660
11363
30697
30082
12457
9745
18738
11764
19625
9033
31258
19657
22987
17475
11857
6652
9964
26612
9794
31836
18286
15561
23798
12258
16439
18843
15669
13890
1532
736
12783
13760
12479
16414
5595
14917
2198
9638
18014
3250
20399
22142
23982
5236
28049
671
22583
30553
24484
9568
10558
27553
4852
2099
708
28761
2866
23951
21677
24548
31484
2093
18209
4315
12637
25207
13363
30999
152
6718
25792
1803
545
29867
5274
9559
23533
3704
486
7323
27371
27743
3011
18313
30419
28627
9261
19775
21278
1007
6432
21971
4437
5804
30976
27951
10383
12886
5688
2079
13878
19265
28194
24488
15369
5560
30503
5788
32615
30774
6695
23915
28106
28121
23322
2108
10898
27923
29944
19260
10756
9891
27863
4406
32146
12483
24659
8293
13660
29347
4915
390
31480
25623
74
23856
18798
30092
29082
17256
26247
13377
25536
4465
328
32436
14476
27105
6585
23898
31983
29434
5611
21394
17946
20278
10296
15580
27108
1060
27341
2630
5740
17267
21606
29736
3328
19020
27225
29713
1086
19174
21462
6913
30073
5204
12909
6105
22879
27809
25552
527
6104
20766
4315
15526
12081
4347
11729
1374
22137
30229
20457
1064
7979
28687
31753
28380
23054
30116
21201
5422
17242
4155
15835
26847
14876
17852
577
22064
1755
21667
23648
156
30076
30291
2268
14278
18019
7084
24293
14513
15067
22495
24504
3887
16568
28033
24424
11164
315
12767
10974
203
22325
14994
20254
15937
28783
2387
26061
31393
7754
10768
2800
25192
6563
30527
24567
16090
15865
30834
16378
26941
32722
3883
2370
32324
8794
26098
8203
26062
28750
21926
3720
721
31768
13585
26152
8080
11068
18110
17944
27157
4338
14607
11017
5339
23572
27786
27699
28619
23611
29812
2458
3433
25126
1441
12176
18512
32603
18314
4987
15580
26896
15264
3544
2854
587
12000
5504
30005
20809
27048
42
11634
25629
4553
11314
26973
26777
29405
30617
3199
31601
8411
10316
32671
29342
10472
10665
2105
9985
17520
17215
13356
329
17014
11477
11699
19990
6952
9134
2966
7518
25015
25868
29090
12561
2149
12787
5462
16120
10976
16431
31455
2531
21198
15513
32327
5635
27305
17045
31977
31893
21197
27871
13096
8896
19663
25480
8800
22465
12561
2875
4893
7749
8851
14789
1931
9494
13580
5076
12846
13050
14650
30719
17619
2521
9078
6919
11207
1309
16523
14685
2374
30558
11464
484
1334
2879
16724
7671
17686
11155
27586
31406
8241
14021
9189
14173
25623
374
29670
23902
15693
27751
18067
17681
6212
4506
28666
19488
3720
19636
9271
16648
13370
8870
20618
10197
22976
19596
2733
15404
5563
27093
2660
21647
11065
7589
24917
2781
8237
7031
25882
19992
6172
26375
32661
16747
18200
19311
22915
3180
4338
19856
4948
158
10412
7603
59
14394
17453
19568
6017
4655
14392
18128
4126
12135
4255
23982
23178
21836
30900
23651
27857
22923
2049
29346
5350
31511
18233
30112
17721
19570
366
15480
3979
4904
13699
7119
16897
16540
15333
17587
23160
26630
29814
2761
17433
21949
4298
21928
4909
11186
20118
16768
13106
10045
13925
13055
15150
29725
12941
25205
23619
12474
4706
8758
7812
1964
19881
25664
24583
641
7248
17181
19003
31163
13916
4619
12668
17945
20514
14427
4837
5912
9914
23575
9318
4792
12465
8167
11030
8835
18174
30773
3018
4556
23095
23440
18918
24885
2053
21070
26739
29556
9430
10614
24946
30550
3537
19677
10096
13059
22287
3214
25947
5253
10760
20847
28820
11140
26699
1314
8517
28755
26227
12586
1269
31793
21334
6479
8026
5832
8063
21827
11630
15610
30943
11653
7877
1245
11967
16262
14621
772
4601
11531
6711
5377
9576
23250
3045
13607
12957
632
24165
15253
5843
7066
15597
12400
23589
24635
12423
4975
29439
28773
17695
15517
8147
22803
1242
14938
28941
591
15786
20643
20808
18584
17696
32148
2498
17798
11905
10027
18701
2993
10011
22095
520
22990
27865
8977
14094
2331
4886
13873
1389
15102
2479
996
1306
2536
6748
9172
20643
16768
20544
27241
18788
25086
32190
10055
27646
29396
21647
11544
18693
26772
17425
1675
30201
8718
4578
31900
2680
16568
24750
21015
32177
24660
6469
22615
30748
29132
27121
16724
28009
15713
20486
21213
4790
20484
24506
24353
1284
22532
15927
9844
13292
13546
495
1616
25742
16034
27952
6554
24779
2011
14072
11815
9908
8111
22026
13183
11329
5767
577
1761
2887
19001
24613
16519
10660
15732
2748
26154
12732
32350
28579
9929
28458
24699
12636
935
25519
3537
1002
2707
10350
13130
14235
1387
28508
19545
26150
17123
14578
20960
30197
23683
4645
20562
26564
7663
28311
10517
8811
29035
29455
810
12536
30110
17447
12047
9985
8342
11588
484
7993
5133
13259
27598
2112
1771
27282
19865
13248
26636
6549
20897
23477
7746
3563
19442
4620
2462
9720
26030
20080
10731
28131
6063
3681
3708
24650
14446
15238
29480
7989
8483
19524
11922
14665
11822
21135
21934
20287
7862
27904
14464
11668
6032
20008
7207
11905
19810
20005
22043
30765
6664
14962
11443
27426
310
22532
8426
21757
26719
19346
1378
15210
1494
23604
1705
21328
19252
17455
2236
30793
20217
1039
32201
14421
31094
27639
6713
18383
30954
20278
2542
29088
16619
5658
2761
22450
6407
8713
4208
6056
32428
14285
21838
10188
24133
25648
31963
72
26534
3785
11037
25754
426
12053
13679
24898
8474
22474
20609
20925
1745
3175
24480
695
10526
5392
18743
17533
19562
17561
29846
433
3867
25825
21747
11841
27832
15713
9646
8857
31821
26628
15322
14104
28177
26681
4344
13249
3142
14407
27397
26676
17249
16610
17848
32732
30059
28411
24837
26217
7335
23516
6373
20609
373
15219
27225
15538
1910
1262
18860
172
22001
2441
11769
13997
24437
28068
30190
7996
3264
14361
2511
19226
3808
27596
24254
8566
7320
24452
16185
5728
7941
18425
31972
9600
4481
10286
28553
25864
6344
7168
25949
17639
5466
12543
26757
20032
13600
16766
32216
30490
18513
1510
16615
24153
23959
20560
314
1005
26990
9810
17629
20809
31949
11544
21532
1558
20233
7095
12938
23849
7926
10175
10568
32179
12111
8207
18051
3256
25176
10734
30271
29379
14529
21591
6227
10711
14286
30099
14261
10152
31413
1806
18168
14347
29512
29539
1555
23468
7635
2745
30052
32511
11336
4434
31221
7545
27801
7265
5885
9471
28262
12572
24746
11679
11224
23059
3101
22910
14797
9920
16567
28945
17205
18783
3731
3984
21435
18176
11859
29608
13737
28122
28192
18545
26373
1506
28652
31391
27136
28572
7418
28156
29842
9521
29345
10006
17246
20931
3149
15668
5083
29437
3782
10383
2485
14574
22709
16575
881
6167
7268
32628
8785
16834
18117
23398
2423
30358
22454
20367
6220
26473
3971
25239
9251
6229
5548
17040
29978
31246
31977
18659
2625
11634
18540
31370
26879
9570
22118
22656
31665
6865
21452
5238
17299
1818
7515
32200
25060
6295
12762
15023
15429
21871
6559
8632
16483
24751
26452
18293
2773
5533
13819
5234
30024
27977
18480
30570
20441
25188
11438
1979
18882
18261
3093
11288
19769
17034
1003
6526
21141
25868
13024
15977
28339
3927
23126
28231
8344
6248
14624
24877
8791
27415
906
23497
16693
3495
7322
5016
268
18332
29846
9048
3821
22988
12486
9153
18185
31929
123
15472
20946
6430
17233
16676
7261
28360
25776
12076
12299
7591
4249
7968
11624
17701
9631
32464
28243
11702
2099
10106
4960
12465
15141
9280
122
21086
24936
15576
3277
16976
3350
6278
27107
13813
32691
3399
1548
20843
16310
28495
28164
4757
10053
29878
29136
29295
20545
367
4329
12446
386
28537
29084
32076
356
10073
26545
30002
29058
7367
20043
9206
6081
936
14607
184
14481
20796
16520
6376
26223
23961
28106
23898
27310
14680
2390
17820
11128
2958
20798
15751
13072
3070
23178
4372
15449
28044
8665
19057
26780
19701
3916
13908
646
30654
29087
656
29296
8042
13465
10982
18404
19696
22183
10269
31836
10348
25028
5460
21324
26901
27547
16280
31587
367
24816
21426
21774
23490
8252
7746
575
15050
10135
4626
9068
4784
23003
2212
26074
28217
7943
28941
18203
13374
25569
24838
12758
24924
15584
15425
22470
2540
12360
26105
27909
14389
27543
12493
10379
31457
26656
206
11761
14254
17142
21463
17531
5734
19467
9245
32598
6161
4249
22790
15134
11881
25793
14911
5284
26510
12403
6409
15597
507
909
9171
20094
31929
13639
6158
2006
30674
4814
17981
3901
30985
24879
7243
9148
26824
13943
10786
24429
23386
28184
21625
28405
31322
15503
10733
25166
8812
9796
3668
31434
2347
23986
12366
6740
32610
19655
32028
14329
9086
19854
1718
32168
6211
22027
4119
29494
5055
7015
13276
23205
23164
28749
22797
8614
31482
25235
27195
3164
23900
23581
715
32099
31586
19198
1681
32529
21655
5345
22433
29180
29388
22952
7777
1212
4804
18770
22499
22770
17713
4386
7794
31113
7135
9213
24683
1595
14128
25109
31055
14423
18376
25540
24853
9410
22665
27578
26053
24380
29890
17499
9026
25317
32419
3171
11623
25600
18933
14028
8278
28406
20232
16881
2829
30878
2540
27123
26683
17339
23011
23132
6481
16327
29975
8962
6107
17647
17545
29743
20753
20830
15434
26110
24489
11198
1005
20232
6128
3836
828
28224
6681
17228
10026
27676
24277
18542
29449
30454
29220
29999
12797
32433
20586
12338
23729
21407
6597
9712
1864
11426
3998
8190
27543
22674
4222
24975
25489
7903
1571
11577
26626
4984
31188
22524
26497
25067
17137
3456
2463
21453
974
10654
12901
5724
26817
19234
23038
867
23930
975
3248
29022
11411
18852
10001
20191
15720
3422
8823
3376
25641
6718
1456
7738
30766
8972
19955
2469
9354
8284
25623
23873
9954
25616
29187
31909
28800
1566
11366
5142
23971
3732
25768
12970
30489
217
30496
20396
29200
11317
27015
16195
25130
26003
19884
23119
20943
3718
15466
23956
13511
3467
31959
17434
26888
7054
11199
8403
14796
2735
30545
15231
6375
27205
17175
29901
600
11299
18476
13763
15902
12059
1449
28255
29773
21185
5472
26495
18272
30833
14541
27646
26833
5524
12873
3360
23527
15134
16001
1584
23248
13915
16935
871
4591
12012
32743
20496
9591
26125
27293
12266
13625
31513
26565
26574
21178
22863
5682
14737
7561
13014
27908
22316
31183
11519
18132
4378
5416
8651
11569
17410
11697
6829
30800
18838
20323
26768
5887
28859
31647
32028
4827
16618
28425
26933
9411
3286
31130
9413
28044
6223
7409
956
9974
21862
25834
31829
24799
31954
11890
8858
7863
1426
20634
32042
26932
16340
23530
5946
10311
5910
25591
29658
22862
16267
1847
18041
30091
21184
10517
5292
7381
8063
4673
9515
22669
12532
27466
24604
2772
20750
17774
1173
24059
2600
9649
22364
18491
27625
17964
12017
30631
5992
424
206
14942
22164
7531
21485
14085
17108
25938
15499
2421
16106
20000
17708
6064
18461
4630
26847
13082
25239
31684
707
23014
9484
21278
22218
11470
10140
8402
6077
27911
23035
15321
3712
5748
1231
21836
18072
27162
31321
30330
25578
31956
14936
9527
1477
7751
3370
8823
23331
11289
23093
30491
19500
9566
15749
17162
23804
4691
8374
644
11686
5199
23317
15795
15225
12790
7426
22147
18306
13232
10905
26804
1617
9306
10641
28718
32000
19003
1635
10644
12146
11321
13487
24859
985
30540
20188
9117
32635
22580
22784
1513
16565
7527
11007
30302
23104
13646
17910
19640
29619
23728
6362
3113
21321
4463
30812
2988
13541
7538
19984
30870
4691
19938
17103
26477
16593
10905
26714
26366
1998
16855
9791
18858
5361
23607
28161
6401
29021
11490
31347
26514
23604
20995
7781
29952
11865
14715
26242
22617
11131
15829
4729
9380
25679
3964
10587
15289
3612
15915
11588
17238
29565
30374
12862
28782
25187
18600
23650
7364
15193
2332
2369
23225
1548
9359
10370
31586
12042
30182
1996
15070
21194
30028
5606
1767
14829
21359
24860
5030
27331
21740
21733
13004
29713
519
31428
8414
21777
32416
17004
15568
9915
7779
5415
24022
27203
2366
14456
15223
8419
1048
17407
7139
4314
12736
11934
15494
23477
24611
14042
10461
18893
13763
10884
29577
28433
21348
20888
1442
3333
15880
101
30797
22027
9502
5358
11409
30178
22775
25489
5478
876
1401
22246
26639
16308
1303
18154
9898
17967
24577
19293
14598
4674
19351
3432
1972
32261
15908
23683
19809
7751
27337
2710
4707
8146
14775
21342
1681
2543
4257
21267
11608
2605
32626
20552
4107
11615
9531
23826
27259
10724
24943
4972
1480
7979
9554
28890
13686
28277
31151
5453
10947
4317
3273
26951
4664
3734
23701
28479
12159
31605
20774
17479
27508
7343
23401
5100
2174
7139
27666
862
28960
27483
22230
22481
21707
16271
30171
23586
1783
16874
8557
18878
21618
24785
20466
14528
17143
24802
29216
23385
28418
4985
24429
2165
31715
22137
26311
22939
18961
16713
22406
24597
26562
8988
5791
13650
28600
13942
5146
27272
19038
11756
13510
7069
1299
32299
1067
10568
13254
2363
17088
24180
4291
3845
9310
1253
20172
1811
21237
11549
20844
18328
2430
11649
16264
7600
23344
7352
9271
15080
31479
19284
4564
7169
5922
180
31569
19697
7515
32552
14285
11819
31453
4951
25705
7968
11489
13022
6232
12806
13657
28218
7990
19672
18401
14824
11675
23454
17139
21194
17391
30702
18778
16845
13184
10675
4073
17097
31185
9517
13164
4777
26166
10809
10975
26827
15773
26835
10718
8106
20655
3801
1885
20666
14360
25361
31897
26515
11042
4462
20558
28754
9353
3215
16939
9532
18827
10377
19075
32677
18238
21222
581
20497
6694
3054
18222
8600
29703
1317
28733
27791
13304
2324
9832
23652
9401
4172
13709
11466
30022
10153
27051
25110
8108
3028
19538
24809
12828
7691
22104
10512
11838
5669
27086
14248
29383
5584
10290
21638
25422
286
30950
20182
16988
16448
21473
27905
29122
20113
9381
5077
3375
15062
22897
26848
4865
31939
29367
29724
3932
17346
9936
1234
32121
8945
28143
23992
21313
15977
2644
27740
27419
24006
24770
4038
16386
2020
13618
12889
12250
3046
8137
15099
14340
7037
19976
6518
24624
23143
25667
29213
18290
1845
4948
11442
1945
8530
13968
27271
25276
12353
3578
10212
28437
4134
26807
3241
13586
26504
21442
12340
29610
10837
8417
21637
32494
20006
23000
23712
27872
5061
29660
563
1159
2541
22346
3705
9027
11600
3993
6750
3167
18910
14222
6628
22245
325
30126
14021
28086
6836
7417
15962
21977
32741
17877
9915
12052
2906
29513
28456
8889
3047
6251
24488
13507
8560
4636
27631
11041
22260
26866
15749
32594
7626
28534
10533
3634
3627
4240
4964
31252
4337
25151
2195
29456
22174
20621
3045
22943
16288
29891
25045
28517
6612
27865
22978
2637
22344
18224
23260
32219
8773
22148
14404
11966
29325
540
4207
1189
2017
26179
15308
11860
28102
22780
3750
27639
27785
9970
29259
21430
2945
7342
6510
17545
2196
12300
21450
31566
26876
24048
17672
32281
1867
4149
739
20939
17069
8166
24202
11750
13166
18353
23877
8863
2236
6808
9308
25909
29613
21226
23605
13954
17284
3442
20156
6096
5936
17646
17671
16877
18453
8643
26683
4738
29199
29166
10665
25504
15540
23870
30269
412
18906
10688
14617
13085
27994
9339
29053
1907
4627
606
24554
24362
28721
19831
3719
25311
30895
12902
14531
23635
6682
16912
22076
9662
17048
31640
19680
9062
17194
12939
3665
31599
30766
9562
9358
32757
23336
22542
29137
32600
25025
1847
10163
28375
19984
18213
14742
9057
21529
9051
20036
3239
14483
21057
29908
9846
19695
20761
8398
5188
27797
31796
12687
6921
24433
30566
2286
27984
17838
31415
29983
32141
28865
22363
29144
19121
19882
18661
1203
23292
17526
26295
14548
22802
12553
18877
32203
1874
22810
14939
28091
32099
895
31395
16060
25615
5291
204
25471
9045
21621
13791
7985
14009
16667
3252
4257
7135
4998
1309
30884
3928
22735
28513
16313
3004
17667
1004
32489
16121
8995
9028
4081
27114
1647
21055
26787
24108
8420
18036
17802
3629
25348
5871
26573
25477
18645
25897
27221
20362
30764
4663
29234
18974
5163
21569
15931
13004
27145
16438
23029
18452
23313
7102
30647
10498
10222
2928
13835
5382
293
28998
21590
24063
227
3917
6844
16537
29177
17057
31038
5849
2085
27289
8741
6390
28051
20543
9124
8299
18851
8707
17593
8522
9453
22448
10580
19923
20099
4766
443
6213
9845
20010
18733
1780
29083
29795
22469
3740
6798
11014
19362
26357
1016
27821
3397
3463
20494
16963
29498
27328
16730
12475
18683
19780
6334
12033
15633
12164
5302
14385
31356
31634
30173
19976
29013
16692
11443
32664
4786
4663
5277
18495
970
30981
24621
23257
3162
15738
6820
11573
17479
27636
25269
22470
17540
21161
17036
7579
24374
26942
18703
12433
8982
22165
18532
1480
11799
2278
23987
20051
4938
5137
9773
26676
22526
18994
17741
23431
19499
17014
8285
14333
16913
16942
29501
26252
26908
15394
8800
17253
20491
23080
28183
5159
21073
17653
27410
11858
29883
7730
25635
25086
30036
24787
2374
31949
4742
7076
4063
31006
19841
14884
10306
11651
11233
20375
27768
4214
15498
6231
11329
25671
25559
9579
14933
24409
13045
26202
7919
9358
20105
1345
21388
8192
10393
18724
27632
7154
4521
29314
20587
8710
25892
17964
27994
31920
21758
14935
31728
27882
6296
31215
18487
26665
740
12846
6225
29328
17353
24174
6404
26980
22729
1595
29558
20929
28897
8621
28724
32651
18352
6132
19321
10406
15324
3125
7854
14442
9394
27797
813
30545
11020
30611
21066
23283
10616
11162
9876
4661
22422
21718
600
8637
17602
11592
16231
9385
26099
17173
11289
1408
15075
6436
31122
17256
20081
13799
24388
6042
5699
5241
6069
3860
30127
11242
6787
27789
26588
215
14245
26286
5412
30013
30707
5759
22461
19086
26345
10784
29593
2565
10664
12217
1418
18231
1853
3251
28074
28908
17958
29993
14586
9260
786
30617
20041
13725
25833
28896
25176
25868
21004
31845
30523
28489
2782
13460
27394
29240
19843
22414
22937
22309
26344
9246
21997
14168
21763
752
15952
28393
24156
20477
12319
20950
17100
22602
24226
14163
27012
24530
20787
20321
12370
17344
19619
30370
16416
3298
27609
31852
2750
1627
11196
3868
21985
11416
28244
17069
30571
2181
14635
25993
9964
19200
13050
6046
2153
15502
9345
22453
21597
21836
183
31487
16638
4393
14371
17137
4289
21587
23434
1362
27168
29679
20938
6803
23707
14093
9478
1630
14077
25563
11011
3697
4832
11544
3282
13229
14707
5068
29104
16746
17787
4407
20778
26382
9880
7431
12421
4062
27082
25550
20316
27924
27443
16818
1931
26161
21791
21863
25676
25492
4161
16218
13472
10060
2367
24879
7409
10283
28530
12654
27637
8987
20711
30585
14037
22197
14249
962
143
7440
11330
14394
28825
22487
16767
29965
23751
25247
3444
15756
10862
32631
13248
10602
19146
29120
25874
30252
22173
15167
30700
19675
3353
12144
32423
4092
14848
20765
32440
17858
18186
11824
11569
29313
31879
11718
21643
30566
13637
1156
18338
18790
2484
17198
1537
5236
13896
13173
30048
7927
16671
30481
21611
379
8932
7440
19141
1702
30451
8558
14925
18286
30397
2789
13728
22410
17518
6918
16351
5670
18638
17545
14770
30427
10341
23522
8076
22238
5091
13845
32049
12920
30655
10698
14966
20150
20253
9892
9544
11105
7669
22223
23792
20784
22130
32472
661
20541
11672
4034
21251
694
9002
8022
3499
26581
16587
15034
19690
11026
21603
18245
13198
11159
10692
26002
5014
6132
1934
2771
29241
29204
29519
17512
3370
3951
239
22961
17691
27010
12620
16416
4480
21116
9249
5522
24981
25147
8492
5343
3746
12150
15504
14511
17277
10556
6776
144
32081
9373
5629
3142
2463
29351
20298
354
9602
4756
25853
28439
8759
21569
23761
9288
13020
32482
32634
11237
18296
20469
11217
25464
6460
26228
25905
24571
19465
28239
8481
5357
18738
8217
6195
29093
14210
26881
7724
26853
13441
20229
17764
5810
13043
25954
20848
30819
8866
25935
15615
27385
17757
16106
22274
25518
21825
13939
15120
5841
24631
25016
10504
208
31934
6608
32760
1431
15339
13580
24637
6680
31917
7467
14572
11307
1110
5581
17521
15513
87
18219
14454
24435
21835
24836
11527
5801
24376
27099
32499
15063
1809
3679
12661
26210
20863
1323
4883
5828
19168
23215
10695
30756
29841
14702
10845
3882
5992
619
32540
13585
8069
18909
8616
6654
25931
3114
19495
16784
1961
12051
17827
11704
15262
9004
19887
11211
13564
14736
27470
30677
3180
466
8976
10801
18098
17463
22654
9046
24882
27682
24248
27124
1971
30415
31837
12096
22372
14916
26283
28043
21276
6277
30696
21786
27878
29448
9472
31538
18621
29288
30319
32626
7316
30301
2145
7014
20890
16876
22040
20568
19131
14299
21647
10089
29802
15208
8285
14305
414
2363
17115
26564
31258
7320
21129
6822
32242
29913
29358
17087
25163
20252
30271
2114
2914
10297
10754
31467
10192
6903
2547
471
12556
28287
26087
32153
21809
26896
14703
20618
11777
15093
15103
16736
26922
5556
26192
27651
17865
17289
1538
13468
2861
21266
134
28910
23773
11084
27707
15337
4060
7102
11991
10108
25899
15604
11273
16556
19856
13615
18269
6627
6806
13659
15711
20362
16597
16961
6147
15065
3955
7678
16964
18158
235
26036
32524
7197
2317
14207
18260
5512
1095
29867
21388
13551
11298
29732
21565
2249
13583
14637
7661
14483
31076
597
19523
11112
21922
17575
8299
31954
6649
26402
7868
13280
13582
21097
12184
28792
31739
10427
18324
751
13207
14884
23257
8663
16121
2293
8139
12824
5943
29299
25832
21827
28787
20428
32242
12834
12313
9039
3152
11156
6242
9691
9906
31127
19741
18584
9204
22695
5550
32486
3397
17223
87
25747
31624
27101
19126
5201
25594
23746
13199
16999
6165
7322
6604
28582
31925
1249
3266
18591
15482
17607
12726
1299
31085
23102
8864
23467
16870
17233
10798
24041
19629
22967
268
20575
16479
3240
28771
21279
2579
27887
32160
28274
1854
16193
886
22477
1748
2253
23590
768
26032
18964
254
21425
18998
23547
17183
777
17207
8990
388
3501
19988
3432
64
15856
2087
3553
17671
9799
3934
2758
7408
8189
22057
29151
12153
8743
28311
26381
17100
1243
4284
16675
5441
1181
24661
18678
28707
6682
13743
28344
22455
31257
28100
27009
31866
20910
1447
29999
20907
4784
1315
8816
27913
25710
31903
27933
5086
3230
6725
3274
6460
25750
6756
13211
29063
11967
5906
12121
7987
24646
31509
8388
23759
13076
7172
15659
10307
5121
16297
20027
4950
16708
4266
25621
32115
11566
18024
28067
6828
31001
1064
11051
27647
7323
13169
12068
3288
3327
23988
24905
31192
30965
18739
14317
13525
27784
23835
7054
27170
29009
4339
10412
31504
32490
27450
17371
4532
20390
21324
13336
8683
28031
14982
14169
31644
2896
24746
17768
21053
32325
14213
29936
23961
27535
10703
14040
30672
32348
18770
23505
23711
14854
10319
6187
28129
15498
25117
31213
8534
1341
5907
1316
31652
5050
24488
27259
15515
29471
31449
3084
8381
1401
15307
17526
23550
9084
31410
9264
12744
25720
3313
6429
20034
8840
2179
13408
17618
3853
22169
625
22497
27482
22916
10608
28126
14769
10710
16826
22405
31343
11972
7355
19297
18819
5583
28163
14991
28708
28068
2715
25286
16068
26688
12953
16788
17215
2135
6386
19690
12121
15863
7568
5339
871
13929
28068
12961
20812
25432
32318
10465
11175
32052
5403
6448
5451
1241
21437
29397
1264
2156
30913
32464
20776
12166
19310
27932
6292
21141
25994
18226
31319
8575
20337
27598
13003
7560
8808
30709
28787
27253
9518
16695
30001
15089
5844
17714
22457
23601
7119
12887
31046
9428
332
28145
908
19213
19139
15202
749
26115
15823
26800
28911
7800
24637
9281
17134
21161
7266
24547
20750
12662
32690
25872
10612
4291
18319
32367
9142
798
12383
23197
18575
28834
15073
3118
25048
14107
23489
19183
18099
5483
18794
23150
14346
26156
23579
14781
24888
28054
13373
114
20741
16035
6900
3314
32472
31602
20724
26608
12328
29929
16278
304
21044
28063
16426
10641
7156
1017
28047
28234
3151
1939
13314
14708
6286
15841
4916
23497
7953
23062
18079
25515
29248
11332
18457
25960
4037
19397
24746
6332
22521
16603
15259
28567
22939
29075
12239
2593
1480
21999
13143
11259
24615
14147
11584
5832
32613
32480
6575
28141
29153
22512
13361
1940
23208
10401
7244
20215
23203
9862
10330
7131
6671
2618
23191
9050
1582
9798
11384
26086
5948
25924
9278
16011
12965
29509
26828
30580
32117
5745
18357
1969
13072
31469
24986
24120
21539
30210
28851
24105
16858
1147
23979
28758
6484
2126
5809
19970
25428
2431
23756
26857
27705
32322
31598
5249
22576
24160
7757
21632
18344
1499
14702
29854
8198
10965
14210
19868
19610
27310
25206
23429
3026
12909
14918
2356
7342
1633
11794
21782
24692
27912
27507
13105
17573
303
14351
20581
2351
28507
2411
6898
14052
25192
20225
13371
23083
9072
8851
12234
22006
28910
21182
17299
25332
20771
31698
19837
3847
25529
8929
21022
20728
30375
1814
22726
1130
25172
7496
18624
25100
28927
27087
11220
18451
21854
11415
31248
26344
29829
4979
21193
9757
1802
26291
18140
21926
21863
25592
6201
32582
5023
15175
4771
27719
8229
25181
25009
13166
10745
12866
2073
25390
532
801
23597
7196
7174
14935
11686
12195
478
32458
30881
5881
16202
1916
18919
22097
2047
14432
14449
8275
7515
364
6188
19913
14153
13295
18937
32155
29798
16933
19704
28925
5474
7432
29958
30695
1960
9322
27268
453
833
23873
22363
9841
16373
25154
25916
15198
1460
17073
28973
18710
7221
17271
6209
29926
24029
13941
422
13015
29154
23576
2533
21473
29104
813
13158
17500
32140
23287
51
3767
1143
11135
6397
30316
17237
26668
25956
16179
16206
20627
31091
29815
16245
5008
31850
17670
2471
10390
27841
18188
26294
21315
25961
14402
12743
1336
18517
3683
30457
4647
29241
27616
25928
27181
23442
19668
6064
20067
19174
58
31125
13232
31821
16734
19042
18401
25136
1425
1137
19707
25425
21025
11051
16079
14859
11912
17520
30416
22748
1764
313
16930
30752
4775
22907
7667
12575
5008
8015
3598
19018
218
19793
16813
6338
29363
5189
31375
6938
25071
27649
27211
12638
4094
11143
31204
5716
11035
27761
12189
32257
711
15762
9999
32111
24694
26842
20344
8110
22664
20602
25686
19481
10106
10057
21557
25050
28510
2150
2501
11441
27016
12831
19247
5873
24715
26642
9129
15563
1636
16530
2889
17614
31476
24909
16662
8623
5812
28459
2917
8518
19876
13689
21091
27866
16004
18502
18670
24222
16967
9741
6057
20603
4037
7317
15951
18448
18352
29974
8007
9208
31945
11165
27001
11851
3155
13745
21601
14439
23240
7223
25185
9200
18636
27795
7516
32021
29791
17680
384
2581
6742
130
2659
29698
11276
17706
5714
27846
27989
31449
5094
30307
11955
27736
11735
12159
30669
6152
26901
18719
13852
29638
26901
2483
17384
10257
20073
339
23411
1647
25492
21320
19060
16140
3100
14542
31174
6565
10721
8472
7522
13732
27820
4757
8331
5517
16395
12658
8776
31128
19293
3936
5655
19872
14377
10391
23776
11835
12980
12826
27176
18731
22738
7485
18823
7413
2812
29797
6236
23503
21411
29968
18367
30143
22724
2837
15031
3586
3005
4396
5293
24491
2911
31408
19489
21900
27716
19108
21916
22873
23394
31733
31462
7691
20193
16126
12920
27011
14634
12369
2868
8560
29249
27829
84
8050
19284
9835
18849
4224
148
8118
31717
25479
32067
11930
3490
2899
9742
11747
5124
6067
7582
32617
19477
27096
14186
915
17456
2047
3279
10778
14776
21584
26722
15
32521
11013
31621
24352
32175
11214
4664
8727
10455
12916
14642
675
29698
17085
2609
1115
8705
27537
4750
4352
29
25946
2068
10754
24982
28593
16402
21318
28495
12854
7343
6951
8135
9407
25726
25531
27467
17078
14418
20823
4202
3516
6996
597
31914
9106
16722
29716
11641
27450
5978
14657
7526
7513
14984
25941
4497
11232
20764
20831
23392
19691
31183
7684
25204
11498
17768
5828
2780
3070
28298
23167
19336
19110
17360
27959
2304
10650
30748
5911
2134
16631
19755
13492
3672
29341
19565
23700
32523
23509
532
32237
4437
2616
28267
23726
27386
30668
8554
3779
14538
4719
13447
24213
5912
21113
5838
14033
24173
9373
24372
31595
10366
11024
6441
29666
8540
6637
16236
10949
30955
13017
22819
26230
2197
9187
27947
7982
319
19885
16301
5697
13692
13521
3570
29348
21505
8830
15480
1708
9818
14434
11077
8984
10203
31693
9339
6994
2264
7187
6445
24306
29209
30770
8305
19588
7304
10164
27830
8587
4397
2775
11096
11206
9564
9708
626
8113
1837
19453
8436
14415
28205
23730
5365
1063
17491
6517
23626
908
23350
21973
25431
31778
380
1832
26149
9630
3222
30581
26549
5069
10923
8081
13204
472
4305
27783
7600
25286
22915
29757
29802
23362
10064
23893
22764
2207
24528
32338
29117
14617
4828
30716
11154
31070
25086
20229
31848
6989
31783
18668
23759
6653
416
4130
27529
32513
25667
25452
28499
11498
6123
21640
11011
13070
10025
23059
14291
3720
57
14506
23037
31872
3636
1872
904
16813
29318
21263
31073
2839
29347
9698
20141
19490
28150
29907
10846
15816
28698
14689
2820
25382
13133
14884
31974
14138
10018
18100
30290
26603
20342
27334
20017
16969
4004
23704
222
13335
13821
10896
14137
1671
23410
27680
17399
13892
27540
31212
2876
3253
26815
28975
2155
24193
16529
1626
26173
4942
17569
27391
23824
23247
7022
19182
19330
13053
15766
9374
15679
9124
21321
206
21527
21282
1532
19819
18260
22635
6754
24501
27978
28241
26264
24990
815
27651
30880
11890
10029
9939
272
25277
14518
8508
22027
9066
4888
11043
8817
24616
22097
22365
5459
5394
12836
27250
9642
20366
26476
9888
15944
31349
29617
6435
26126
13685
6905
19636
14432
15284
17376
1360
16854
7606
23019
26938
5428
21121
10778
15171
11421
25599
28092
2633
27395
15011
30599
31230
20962
19535
14056
2282
16174
12918
1432
30644
18314
27518
29552
13725
186
19304
1150
30285
20571
24498
5464
21714
4817
19068
22960
10214
11906
22763
10537
27504
26434
22731
3689
25422
1549
29048
19568
23378
10492
1022
20008
10378
20338
22143
13373
20421
30358
3797
29998
30034
23047
16505
17317
31243
11467
4515
12036
27027
24200
15283
12864
7643
16630
27344
9458
15339
8596
16591
17067
28127
11162
32598
15496
32303
9775
7489
2311
14388
25309
19268
26137
12776
28738
11218
16761
25326
25864
16958
31547
11474
22295
23841
13992
14481
21256
32763
11593
19804
26589
4125
14402
1177
6896
18630
994
32555
22570
14988
8567
32755
12917
23037
27495
3990
2164
24967
28540
3457
24945
2709
21376
21035
5783
25083
26634
18074
7265
15252
23959
5417
82
2345
20444
22408
28391
6293
7003
26116
21962
32039
12597
11273
30280
10312
23871
9701
31749
30046
12887
27598
27630
11504
4345
28199
32624
17162
31757
18175
16359
21731
12291
17627
30298
10685
12322
4789
17253
15117
15901
8516
29558
2012
28648
13694
25405
14189
22473
16476
2141
20256
29362
25565
29288
32662
20686
18765
22538
19734
11354
11463
1156
5935
25270
16889
14684
17311
956
22055
22611
4212
27472
21362
27032
20849
6456
2395
21051
7347
15151
24195
20196
10901
7476
20404
1733
27856
29736
24613
19149
8423
13976
24314
21791
25026
30680
9739
7362
31896
31057
13798
4506
3347
26139
21271
21655
9391
27855
2215
16428
356
11158
13282
21763
6020
8838
32093
24303
29414
8239
25400
26146
13124
23664
14497
16544
10210
13712
16025
22515
20080
17289
14843
30496
14642
13735
10938
13531
8286
11858
2154
19959
8902
4392
10242
1056
31158
30544
12000
21708
9248
15882
14093
7279
19702
25482
2243
31214
28888
9734
3372
1623
1775
6414
24173
13519
12569
9500
6371
28364
14150
9580
20908
16516
21026
6157
22122
10661
2292
5177
6723
26182
9925
31458
29741
17437
2758
5517
4712
22515
22508
5987
18251
10070
18397
13445
4932
6798
9487
17313
4123
19154
12334
7619
8566
187
29887
12397
3746
30456
20740
30185
27024
13636
13599
18398
26398
6037
23929
16418
3224
21910
3173
7119
22143
7768
1793
21657
15497
7236
22877
25694
14056
30037
9696
26367
10447
7044
999
3695
21555
387
12718
7433
15055
1965
7540
23079
4202
13630
2522
13552
8796
4543
20877
2417
22607
12997
3620
15344
12867
20955
9804
7804
26581
32445
1826
21705
3264
16839
3296
10811
24228
17068
24252
3649
8198
18283
16909
10980
9368
8063
10416
18848
29371
20310
32426
31346
7747
4101
31502
12594
16506
30522
30754
19747
12647
23410
5821
16073
26192
18540
12531
16378
6525
6109
24564
21048
7999
613
6450
30526
3121
15554
9922
22489
4286
30020
32517
19705
11747
17792
16263
32520
10038
27721
20263
3962
22056
25564
27513
166
17031
10331
9576
20436
9287
17021
4384
30103
12929
27267
11563
16477
25532
22382
17625
15684
876
3695
20966
9007
16568
18079
8535
29722
6784
13552
16293
18602
19615
21603
28701
31240
8813
32380
13191
7664
21128
26612
8710
2309
18389
21933
7231
19304
31681
7659
6077
23432
17869
18880
2708
25404
17481
27336
14917
25359
16991
30999
29154
8154
16212
19824
25459
3737
31499
2999
14487
12919
11211
4521
5743
8491
16705
15819
6327
8583
22729
8864
2102
6222
18153
31263
20569
14151
23070
28004
30747
8847
15068
1190
8743
51
3280
21353
22593
9726
13672
13557
9698
22928
27541
11526
17954
22192
29904
16581
26843
4068
13147
23543
21260
23870
27081
5749
24187
3448
22464
28124
7327
3396
5118
18309
8380
6365
18330
20152
13648
11234
11916
796
174
9060
368
2930
23785
17982
11399
8323
26355
10148
30719
9303
2310
6143
1396
14760
1091
6136
18102
28566
15770
467
20941
21917
20969
23807
13882
3011
13672
4075
14208
8982
25156
25627
4323
25173
23178
4218
9840
17134
327
15858
18237
14888
3822
14906
25842
8866
9465
19695
25736
23036
17619
25319
27729
26324
11766
962
21305
15092
26448
17857
5451
26057
30700
13276
29047
19224
4814
23054
5266
12780
14879
27636
30110
16339
7562
14742
18252
13385
14309
26245
8895
30837
28692
5926
20371
22291
16682
2125
19742
28850
11730
17677
245
16415
750
28367
11954
17185
11645
19362
7413
7014
10178
3794
2985
15294
16803
4028
24457
30087
18511
25312
9954
31336
20771
2360
23450
9795
11215
10697
1649
9572
16308
2423
10119
19199
22673
13597
2079
11225
9823
4573
22946
20805
29817
18357
17895
6226
23552
14931
21681
4419
30078
1067
19065
29503
19913
10182
25710
30794
8747
27485
5563
13684
10175
4774
10760
17232
25118
27374
28995
19112
19771
23912
22688
18799
24204
31685
5342
9207
8555
15108
16845
22117
29371
20620
6925
23137
8142
25976
12824
5394
27782
5170
17794
24905
17595
25667
7552
2556
7389
14441
4520
18679
17883
25322
7159
7630
14403
21545
7448
4374
6826
6007
13795
14292
1870
4651
23077
2870
21754
14581
159
26753
26410
12143
5201
19787
18800
1525
2808
9194
6678
2487
17621
13356
2053
23308
6576
3145
26597
15882
14109
30229
9350
22867
13310
19578
3711
22321
32073
17702
20245
7398
11
641
606
3133
13485
482
15526
869
28534
14850
32529
3839
6738
32177
24450
630
15314
30407
26556
27279
28531
19806
28615
3649
13091
20286
30614
29126
11777
11161
17382
4082
21605
5881
17001
15812
3360
27510
31012
27707
15365
6444
1301
15466
21928
31468
27674
6607
24677
25394
17934
20193
1700
30039
309
18408
7772
7944
17882
30737
18902
17911
15670
5314
5556
32208
16276
6955
14385
23151
11699
21534
21930
12880
31084
18976
28254
25927
8596
26048
22898
31601
9508
9255
28984
12394
12695
7153
21680
16064
4244
17467
25167
32680
6349
12797
20480
13040
9767
16283
1129
821
23835
21174
5487
6742
15708
13384
4092
23080
18362
12016
27903
3436
15174
26506
22453
9470
11703
9219
10536
21839
780
29803
15605
10260
2163
29260
849
22080
13930
2619
29774
32304
24100
940
18523
2598
17966
15115
6666
23289
31314
16904
21783
2827
21180
23090
5797
23930
30299
32199
25290
11675
23690
27338
21326
29348
4592
25687
9136
11176
17572
7732
15978
18377
23445
1704
12150
24233
7466
25232
8209
19745
10533
28591
16319
2614
18893
326
16015
18504
24652
19172
15520
13965
28758
19840
21220
30398
3851
6853
6436
6928
14623
25261
19781
16486
21560
32593
32713
6341
24471
29440
27033
31240
6139
3214
20225
17621
4802
9710
5116
14287
5202
12547
26034
781
9655
1716
7487
12236
11661
11327
16310
12384
4129
719
16229
11377
6867
5456
25179
23907
16063
30850
29224
3862
24220
29004
6372
6352
13283
21844
3955
25207
3892
22988
262
18948
30711
17551
18405
32052
28479
13164
26477
7040
23027
28097
26452
13392
22063
29772
29749
30060
32744
17215
26952
7603
26831
31378
10096
2063
18296
24733
23932
25256
8636
29414
9638
26200
30300
31032
7264
8800
10726
20213
21585
12377
15069
22188
19354
25709
276
19438
18013
19910
31835
26462
12928
6983
30301
2312
30894
14458
31689
23796
24223
14026
28848
11770
24218
22259
17455
23255
6200
18102
1869
8577
15978
26321
27430
13496
9917
11566
27210
20446
24029
30555
8544
15624
25944
24890
6927
341
32421
29690
4894
9087
10085
16709
29913
16559
10984
16059
6327
25494
27891
30112
1339
20921
20929
23249
14104
17164
26439
25341
13464
14275
13245
10001
28734
24677
19801
11508
16043
19490
8030
10357
25534
20838
85
18562
31487
25774
32154
25754
16190
20891
27
7812
30071
2628
11869
19522
32505
209
12224
15937
22215
16198
13571
13778
32319
12700
27146
8158
7417
22038
13535
26580
22514
18386
26104
30439
9194
22431
15800
13175
5898
9998
27447
5324
32202
31180
26694
7946
14098
12590
22190
23393
7071
9742
17081
8325
29865
21718
28404
16222
17859
4058
3378
26624
28162
11243
2260
23261
25697
23336
17992
14905
4964
10776
31696
4063
6140
21238
1925
23315
26539
23372
26267
15047
8680
12228
12774
2066
4293
12858
17309
29917
7375
28181
27231
736
14390
26328
19827
26317
1326
13556
26196
11210
15252
25825
13165
11045
4565
19564
2081
11331
11532
19027
7694
16602
23658
9231
19347
12640
9179
30193
911
3524
23014
26992
620
13915
23765
9666
19549
28957
8983
11945
24803
24337
10978
9616
18326
26118
3357
8406
23074
25220
14204
3434
28560
13826
4589
20120
19655
1369
4915
4130
32338
15225
2256
32403
32611
9307
5673
22992
21016
13367
12005
5616
27902
20214
4246
32333
8660
9194
32667
3803
24977
29117
19269
30649
424
18087
23864
32518
26250
4324
22548
13558
14188
4966
2389
11813
32587
4807
12920
14379
24366
20097
28000
15472
13740
6753
12279
17730
24493
11321
13080
22820
30325
29142
16557
8297
11998
817
11540
2306
15844
1257
32712
23701
26215
3825
3901
31951
5165
27526
5131
14842
10279
16997
30543
30674
23029
1082
24654
5268
21163
10843
17756
18009
25814
7862
1021
25250
1466
24585
17481
17460
27614
13905
11157
17190
30411
2948
8783
29496
17424
15490
12586
7270
5513
30281
14715
8637
27873
29545
3299
19054
86
11705
10287
8481
27836
22599
5500
23947
18629
13717
14751
3139
32127
7682
4292
26833
2078
19078
7764
7688
2300
14242
5149
24727
17374
13463
29869
6106
30073
29399
13566
2294
8757
10681
8537
14372
16944
8816
2420
29773
28294
16446
30686
16600
29648
22757
30876
4544
28138
29023
13077
3561
20730
13006
23339
19380
941
11190
15787
15313
28356
12650
27623
13908
9680
30148
19105
24075
3385
9497
2091
19983
8581
8300
15821
17818
17367
10210
16487
17944
12214
2422
25687
22401
32272
10222
14493
26341
22911
28174
32061
29513
18378
523
22757
31921
11439
19779
4560
27006
27104
11306
19946
22010
16459
23176
7733
562
22174
28642
22891
20996
2315
53
2533
4984
26185
13547
29371
32596
32219
29191
28717
10218
25492
23459
14146
18997
3163
20380
14510
13604
26668
10124
11001
15158
23903
22264
32734
25159
2349
14795
18674
17834
26992
9987
20358
24183
21418
7083
25549
9766
23881
4617
10050
18269
6441
22808
22084
20743
20059
57
21763
8102
3109
11045
928
28906
16201
25126
7568
21890
11402
12935
10306
30002
29805
13128
13569
22822
1085
16919
31259
12422
6225
3196
1859
17226
13202
14676
6452
1872
12343
18048
20631
2987
19923
28382
20519
11839
24722
11384
1555
20363
1471
11004
9379
30917
394
15981
3615
10284
10761
12823
14317
14234
892
968
18681
4440
29141
24381
30554
10039
9080
28123
26930
24540
6463
20128
7381
28252
28609
19032
7214
18441
19924
6164
32607
11403
7248
17880
680
29746
27414
6548
13194
6282
10065
32341
31020
11056
1788
20925
31741
12005
19877
9649
12443
1761
20080
19025
2548
28777
20318
13357
5803
15012
12751
4789
3517
12459
1094
10994
3684
27103
24941
19060
5947
29823
16473
26252
30883
3706
6670
15291
18022
24705
2118
361
3227
28513
16750
1498
19402
14224
5618
18015
80
9989
21178
22473
14596
26957
11509
13091
282
14812
6933
15009
8520
12449
16154
2771
31784
15581
17940
27678
2526
16948
24803
30829
14074
3077
14914
18724
10912
2807
3588
16726
14310
4308
17820
18487
32381
32411
15843
2004
32404
6352
6678
1025
9209
30231
18462
7571
3201
15361
6677
21968
3499
7718
6405
26148
15744
21364
29939
22
701
30150
13852
18809
28724
32696
4990
26855
28528
23738
4762
13931
32408
16228
21625
25726
1429
12810
13293
13621
1655
5519
6425
4024
11541
638
9779
2550
500
16470
8585
14999
17515
18214
16578
26418
12292
32602
14695
25281
12580
13269
15010
12370
19695
27200
13381
15871
16486
5537
3853
19487
6866
22319
14889
21694
22374
16741
12790
1867
14880
20821
25613
11409
29680
4671
5247
1769
21020
8034
10335
685
31971
30738
31105
19183
2401
23051
6018
5739
25266
5637
6664
16571
20058
4744
26699
970
4068
28930
6613
25995
28618
2327
21638
11755
10645
11832
19418
30980
1349
29559
17775
14739
8179
24985
18113
16300
10165
21357
20536
6060
3778
27741
18790
21872
31191
23875
649
8132
28121
27518
28504
4126
187
28228
32508
14989
4514
13881
13660
29164
19527
4929
27037
7259
31645
27795
19945
11248
28597
7952
9328
4009
31454
5586
17837
12453
18960
20743
23531
20372
7307
20224
30727
22125
7867
2949
25463
29279
27743
2412
21387
2569
32234
6762
25075
25581
1321
22824
28290
4386
32039
2457
20018
28746
29006
21388
27495
23748
16334
2941
15224
24099
23363
32177
11627
27614
20370
28546
30208
6472
3603
19191
23794
15811
17654
10391
28537
27953
17887
11135
15379
21676
16340
25523
31620
20343
20569
10930
19227
18484
12249
11853
23608
14935
32072
7608
15627
26586
27911
11490
7838
5939
24328
25090
15382
28035
8242
24946
18230
14608
23303
11201
32292
16373
31620
516
20080
26392
2632
25708
10578
17757
17145
24350
27955
30489
27108
6462
2159
17866
9443
23117
14682
30725
23428
31158
3969
23983
25191
27811
4658
27760
30184
26133
12350
101
18430
15668
23805
5397
9571
3556
32403
2727
30198
18328
4466
19282
7261
7787
9504
25876
30958
4717
5691
27559
5072
314
10682
14001
12893
30162
28021
20539
23499
10916
488
10084
4364
29164
12595
23382
15346
30783
30566
12922
6551
5476
24572
4584
9212
8038
23717
2338
16112
29671
31049
17921
11316
11191
4425
1263
2780
11430
27144
20823
26104
3478
22186
10842
5748
212
18715
24516
31805
14504
29779
15166
21157
31274
25561
18885
9225
21080
11398
22874
8369
8550
6796
32507
23799
28757
183
14547
15020
17607
3314
174
439
26386
17932
25263
27647
20115
5820
27717
10380
10309
2531
1883
6633
11153
7186
5583
21452
12648
17996
24870
7160
16784
9741
12926
29283
2619
26250
9923
25748
30174
20283
4902
12368
21312
7063
3531
31093
17362
31
28354
5926
25662
157
23865
15400
25410
31662
15600
32396
31423
3966
4077
655
32525
15315
8304
19646
30866
25933
1833
32606
31635
7660
25001
1802
12873
22226
19735
31390
19768
24394
31012
12884
19900
21770
26432
23085
24293
27061
10767
915
12420
8612
14614
31292
2182
28646
11451
24657
32385
21381
30316
21968
5517
23051
26910
12079
10325
11077
9721
32578
23406
583
16721
30814
2535
14256
13273
26815
24609
16688
27667
22055
6368
19015
5131
31944
4259
19023
24389
13668
9009
15292
29940
1715
1909
22691
19052
26117
7563
121
474
27432
25371
11038
8499
31628
486
3353
13674
12453
11422
20774
13798
32145
15867
2798
15411
22523
19979
18197
25592
26687
12746
23673
26409
1230
6386
25273
19069
31957
15892
29173
11811
30233
23784
4053
5809
25125
25314
28109
16989
20136
3589
23711
24175
5401
28156
6433
12534
11676
31591
22080
2746
10537
14707
10309
5491
5867
5549
13655
21048
22758
31256
20289
23610
11229
17788
23158
17330
26227
7682
9810
5400
13200
20990
6819
24726
19462
15116
24168
21948
29557
22366
23513
18293
15468
3412
17831
11322
22480
19789
388
28293
29570
1470
7142
8585
27708
7553
10504
28192
22204
26735
14130
19461
9253
18992
13883
23363
26018
31570
30796
29165
29516
9369
12262
12816
31310
17558
3879
15334
13894
4987
27721
20556
23023
22830
3947
30582
27390
27036
3476
32738
5449
15184
21749
27018
14638
19524
20078
4446
14643
18679
14420
12529
19178
10687
7794
1651
20248
14945
4941
14559
29973
16351
3757
19573
11638
12433
5464
15211
12266
12919
3617
1760
6242
21454
26657
21521
24437
12769
30277
27087
12802
546
9225
8753
27671
12665
26498
9350
15121
3548
5282
31629
11013
11808
30136
23529
9055
3087
19766
11983
5833
1210
9399
13570
27215
13073
3392
22017
22464
22704
13510
28542
20311
18684
29937
14611
7322
2671
16160
4145
21123
8752
2477
16473
17118
15847
8818
7054
1266
12239
2700
30474
20323
28941
16222
24624
10583
7744
5337
7618
14040
8793
1275
20820
9338
941
6294
19712
30269
1864
19795
29020
15796
7812
7414
10153
31591
21211
2532
19533
12151
9210
21730
7556
23936
3094
16415
594
1987
7811
885
15804
25989
29827
21996
25143
22706
23644
12416
6497
26310
32429
11812
5103
14573
28161
11526
13798
26473
21669
5397
21263
5173
13495
26561
4004
6376
28288
32001
14672
19419
260
4507
11351
8334
14550
2720
6416
10056
16689
4661
15772
12286
19269
29081
26578
5238
16335
19556
21369
28077
12012
8461
14522
14453
29231
12975
7892
11618
13553
16397
18194
20455
22248
11219
17403
30909
23804
31263
4296
24452
25685
18239
15643
26541
19385
7101
237
13463
1813
16792
19656
18680
20825
32469
10807
13695
12425
22838
124
6840
17
18250
4480
559
30042
29350
17168
21208
21146
28529
2117
25774
15344
3366
32580
30619
25264
9365
5928
4504
31484
1835
21053
2069
12180
29556
30831
14491
2030
13022
19970
13488
29834
17600
8835
25851
30080
15002
19454
26536
3931
10655
25201
11790
553
21872
20353
7567
30419
30763
1644
14272
5803
19364
30783
3530
16708
14322
6217
785
21638
19246
1231
8979
15105
24183
10241
3730
13442
3129
25901
17397
3300
23471
9779
18156
13609
17831
23865
27475
29386
30342
20127
18265
6474
29067
14133
4321
529
31064
8876
27176
13944
25006
1611
25000
33
11896
29667
10557
21385
9227
30981
18567
18656
11436
32370
20111
5912
14162
15315
18093
17724
29614
5035
29865
1539
3945
27529
7200
29093
22701
21634
22313
4589
27110
6110
16441
29839
17098
31762
29508
14269
29335
21999
10789
17653
14235
14872
30784
11805
14330
25273
26982
24785
14252
7542
2041
9212
28613
21922
3664
5029
27385
3762
18268
3852
2911
25329
25228
19702
7541
23157
16111
2629
7269
11857
29081
1739
2950
19468
2887
17504
2342
11602
24902
15410
32391
22506
23952
32349
4391
6632
6713
28604
14660
22052
19465
6654
8608
29930
16491
16892
13442
19699
29317
14409
31229
6292
31657
6155
11124
19254
25324
26634
8286
23302
4116
20999
30791
21230
26040
25679
9751
16579
18082
4496
16535
21440
2680
25322
15409
16179
9628
4169
29176
13686
2128
29427
6120
3873
31006
1629
3694
29310
28279
27459
10027
3901
11162
8439
18677
17001
9399
26874
5406
13979
28244
2249
29177
21614
15345
24057
7835
5938
12775
30854
13279
6629
3734
12137
13997
28767
28351
25448
8059
8396
12591
25650
31507
20831
15774
11179
2199
32325
13014
25477
30915
19416
16408
26896
12915
18710
11707
17235
16485
13905
22806
16219
19519
9255
10144
9939
19156
32437
13654
17621
15779
22792
16989
11520
11680
3284
9193
30923
17208
617
15453
28440
8079
13538
16052
18957
23308
18080
16671
3871
19735
14839
25327
11631
289
8742
2486
22106
31973
24717
31145
17483
15342
16922
19785
25556
1114
4357
4163
4862
30941
28349
404
27357
3081
2594
16624
18279
14540
1524
27493
390
9274
9099
27452
3947
3212
1481
32544
32550
10601
8270
15490
32627
24933
9962
4411
27351
30920
4440
2163
2284
7568
1833
22210
31225
29881
18430
29078
198
3259
25594
13781
7855
22869
22647
25027
13814
7305
25848
26149
9822
24808
11359
21159
6133
26895
30305
24955
26673
14450
9526
26179
27966
6488
13205
9265
919
17447
20191
20332
6612
3042
24987
15798
11970
13296
8738
2637
30137
21279
31131
12558
5418
26600
22314
25824
13176
501
17253
9552
17929
9440
18440
22393
22172
18494
32745
26151
13021
6364
25390
11580
14902
24392
9149
13394
15849
12179
11764
31905
10076
18006
8603
26147
22707
14067
22294
28663
31652
20253
17631
22532
12935
21403
22836
24030
24493
31304
7181
11501
30451
17759
11601
12748
3479
9205
29513
24303
7242
31687
3413
9353
10118
54
24286
8108
16929
31376
18059
17586
7715
26513
21944
2269
8149
3626
7204
20282
10010
29568
23529
7371
770
20536
14770
22500
17309
27378
15656
5846
24077
31763
13741
16843
22239
32456
22349
3057
26268
4936
9201
2011
19610
22105
29910
23332
17432
21013
14398
21845
20362
27630
14182
28168
20018
29680
30903
28238
4080
14662
4672
18767
23387
18432
100
26672
6672
13331
21712
27962
8011
5537
20913
12856
15540
6779
17699
1568
6523
20709
14572
28150
32678
3993
19050
27886
5034
7950
16074
6097
10809
2041
10107
30625
12380
11029
10978
32640
22977
1567
17744
6606
2390
18981
5681
4242
10263
9985
3462
21787
24099
28705
3477
27367
25110
32393
21726
31171
21139
29722
17490
19252
20000
17428
21952
14102
15671
9434
22160
17283
665
20213
15027
31734
1510
11612
7130
17328
19563
25330
14566
10075
5179
18769
2464
29166
9601
19654
15019
2256
19988
18844
9655
21312
15180
20126
6646
12532
9749
26839
2260
17408
1345
23708
27363
4602
14883
28621
28948
16476
27481
10583
22061
28713
489
10749
25719
31956
31888
601
951
8797
3414
10781
25440
20157
13670
31903
5383
8836
21277
24213
11031
25793
22113
28956
12230
28194
3892
30208
2120
20316
19080
18743
6210
14029
12629
5038
14721
22880
7658
6985
23532
25266
23425
21541
25015
12403
1045
5920
3034
23822
28792
8603
2754
23948
28320
17022
1862
14005
12865
22653
14300
3449
13218
1434
22029
5775
28841
15339
2086
10588
17463
1950
4913
31254
18364
14906
26915
16169
29442
23335
26455
17882
28237
369
22843
14890
19110
31433
4938
9725
5236
25549
14906
27515
29772
5513
2678
16055
21002
3133
13262
25230
11809
11104
7533
11475
9519
742
9740
5545
20949
31167
13414
22063
197
416
11244
23139
27420
14341
6585
2624
27379
6263
11720
11818
24112
9226
21605
29324
11170
8747
993
20160
7758
24216
4746
21295
2819
2224
10458
8889
29749
6125
9199
6999
8200
22959
31803
29182
21674
3131
1149
17863
12006
11011
5360
28238
18166
20520
30402
2391
6041
20285
9159
3000
23398
27982
11887
22899
21600
23072
26102
10530
12746
20155
2778
13976
2109
29990
10130
2245
4087
32114
24957
20186
7542
1017
22041
6318
2118
11496
22645
28256
29719
6395
8937
2879
12306
6024
20740
16358
8301
14783
13766
16299
26173
11056
25103
23867
14732
29582
28504
31358
10668
1458
25249
12225
14282
16354
15274
28179
32710
16724
1126
8431
25411
14574
29869
4892
27386
4432
32305
6866
21075
7700
21683
20766
28982
11860
18039
22663
30750
10349
30965
30450
12912
4867
24017
1731
17164
12102
29709
837
3873
2163
10622
13388
19269
7325
28796
15641
24261
685
24030
4733
4409
12712
25382
7234
13916
19760
30968
1478
19483
6990
19921
489
16108
1902
19701
1577
18529
22187
4521
16652
7165
29005
6819
20415
22086
26000
20927
30460
25115
1960
15347
25392
18504
21249
25989
13278
7512
28875
24187
22078
427
1974
23380
29483
26568
14586
19957
29756
5363
28315
2790
25648
4099
24299
20158
11919
29294
26960
14300
654
20390
12359
2136
23859
9896
5289
17465
32443
4561
30254
32745
20281
10484
23855
29414
30335
18859
29104
8889
11073
14826
25501
14892
32120
22746
10324
24760
8197
20964
12644
9789
30103
1547
148
22262
25806
8064
15656
19371
14241
880
11871
2600
2557
5665
16192
18927
2990
1341
28566
12586
6531
3182
22074
24035
29101
26666
6288
3959
1897
27345
31572
1096
14815
26613
28823
24499
29257
27128
18180
11330
27991
26077
24168
20002
13266
24920
1394
31191
1665
16167
25783
814
16713
9637
6904
6259
31127
13213
28328
15845
23555
30556
14505
7527
3373
23562
27735
32376
4587
314
24775
31333
679
12479
16208
16573
3586
26305
15179
6
3773
8209
30488
18094
14554
25274
14946
28741
8702
13529
23971
29417
10522
30126
3818
8449
330
19698
21468
13102
25598
9323
27896
11902
11863
24511
32288
31459
28116
18054
8277
15844
8237
21666
16579
19859
10879
25811
28925
20415
19370
27014
3209
22890
3575
10222
22431
8829
31743
10582
31534
8635
7368
22198
544
9460
31536
29316
15327
14715
15503
25804
10264
30938
2712
3459
20415
3523
21632
4377
12115
1354
11107
21325
5731
16466
15843
5189
8273
6469
14098
25566
10838
4617
1170
24385
27334
7727
18426
27831
3477
23917
30588
27070
31259
23118
29125
32604
9748
8488
2341
4275
6635
17231
18928
30678
2616
6792
36
1243
10887
24768
16459
29489
7515
28670
30627
18740
9586
16023
18301
22015
31819
27553
12259
16769
29158
28585
19837
25300
14795
17833
11958
20681
2381
8244
1050
24776
27408
32500
12290
2007
27593
14422
31092
20984
1093
19332
26181
25528
25773
3732
128
14853
1288
3326
2828
7232
7937
10836
27016
29843
29930
23853
16250
645
2562
5731
2729
7115
12275
10366
15559
28513
3487
17263
6227
32474
796
22658
21694
16885
3837
31374
19917
10352
6356
3694
16958
28193
17653
24501
26030
30018
13692
28062
18874
6925
23697
1090
25189
14985
17386
30222
10681
20899
28050
2419
9906
31872
12777
28383
23383
15122
16109
21229
24106
13545
7351
24793
8898
28492
23368
18742
13751
10633
19846
8419
28606
21385
30082
11323
25621
21159
1532
27276
3618
2242
7465
30154
599
20881
7348
2693
9816
27191
17154
19481
13408
30488
27066
6437
3553
7146
3461
1086
8554
23055
786
17636
26574
10530
32094
13492
15491
32208
18738
11488
5448
13033
25069
22493
23818
2230
17283
19291
30217
11918
7622
32378
10039
2724
19684
28731
30944
13347
15153
4660
17552
21373
4135
19337
31794
23807
20651
10263
27765
22954
21650
2034
32372
12862
13668
25362
15509
12439
6752
30025
7857
11068
1472
26232
24950
3894
1854
17155
27914
15390
30678
22658
3825
26234
8910
19130
2865
29770
32756
29899
18612
2013
25383
27306
7405
11497
17688
11986
31423
23515
2386
28727
2202
18284
25976
25724
25063
10357
19918
4709
1958
31748
2811
8335
17493
26543
23822
31839
1812
14376
20414
27960
31240
11794
9206
26609
22525
3347
29329
13958
17743
8491
27746
18445
12298
11844
23415
15596
31568
32266
18846
842
31227
32764
28713
6083
31876
12227
21743
15968
30244
13763
14483
18374
32056
30193
14857
13997
10986
228
21333
22932
7694
6958
5014
11443
9546
20204
14916
6194
21626
15260
6070
24216
2386
6191
22247
20358
9029
7007
5241
4773
29350
15939
26362
7901
8974
3361
15463
12744
9469
31363
12526
23398
23236
26765
17144
29202
3234
23693
2151
692
26669
4308
18716
4409
3827
22725
8893
15680
30818
2859
6581
7958
10981
26320
15228
28901
4176
9547
13848
22568
27006
12313
2276
25442
9528
11247
12944
4112
7769
20047
105
27868
1328
12634
25306
11283
30758
6629
27443
14937
4001
25550
22186
11676
24872
2192
19104
8262
15815
29718
9765
19639
12213
7117
3261
31986
31540
3069
3684
8854
9913
24409
4305
11025
20045
21717
24056
25616
17971
30647
31698
1081
20683
3569
12640
11293
27574
16558
23790
29544
30779
13099
32661
22107
17129
31688
8707
6013
11902
13151
30335
27021
1544
3796
23591
30138
14922
14061
10108
4631
3681
21092
21537
15433
30632
30267
992
11394
13528
28752
28398
5300
24692
8241
10608
24574
612
21041
25149
1643
25823
20668
32486
18651
12431
8167
14580
26945
5104
5963
8304
13071
31226
19988
10153
26607
5119
3413
7217
25780
15062
15519
12585
4752
27449
31953
32446
30855
24940
25905
6900
291
6175
5820
12195
18538
11926
6587
12734
1549
31239
14743
7643
26594
17988
21230
24048
28820
2457
18406
15451
11930
4088
3778
2086
24421
24915
3763
20104
21214
26442
16112
19887
8975
5638
15368
1212
5152
7269
18295
1296
12422
24407
25976
26822
30071
17544
3355
4736
9121
4159
7831
6759
2075
23174
5089
3181
20892
24459
8062
23510
17899
12102
11669
12278
27542
92
31560
28220
31719
10819
14404
9583
12564
2727
26263
15928
17590
23053
27843
5345
12924
13239
3600
24668
4897
21703
15654
2695
9115
22183
31962
23982
19606
26791
17225
11089
15904
19688
4899
20520
29606
7290
16202
14693
13343
5825
3228
20281
25223
29
9740
26777
12943
21449
5880
11330
5523
19716
16311
763
29644
2927
30833
32538
1479
22199
22067
23881
25109
17779
17986
650
4933
19280
29616
7033
18959
29291
11054
16593
32722
17406
12577
17714
7489
9279
15864
4130
31064
9605
5308
10833
17558
5805
26600
24353
13414
20668
124
5989
734
1989
23373
20841
5803
8974
12447
23092
26444
24686
6645
11273
29055
18169
18984
5684
20473
11488
2999
4611
19546
21650
31070
26898
31840
25895
9450
4299
16219
16895
8267
24366
12257
1446
7403
31950
24002
9211
5438
14364
25662
30610
13467
7656
12406
15958
29002
31525
3105
18803
3294
11245
16512
25715
28356
23493
26004
14246
3357
6945
12686
10696
22473
28203
23687
1246
22980
14528
27761
25185
1206
11195
32078
8862
23237
6007
22944
29533
27310
18319
30496
10689
21012
19432
11186
29551
14872
21234
11929
8946
553
31018
14823
7007
3357
12772
24632
7988
25729
11591
27296
1670
9774
24473
21218
8284
28701
3517
11747
17238
15997
761
6750
20882
28674
21501
2008
13263
25727
21281
27095
4051
27063
6639
11087
15883
27249
19425
30301
17010
5066
30315
9271
19635
25807
12860
26980
914
23627
27074
4648
8072
14558
26860
25411
6317
32591
6707
29403
27612
15139
5339
3510
15121
11631
24694
31916
19733
24042
4523
15964
12382
16966
9269
2335
1328
28609
13870
10554
13065
2807
2190
3928
3388
27130
26863
9015
10972
7332
26771
11937
30171
20268
1191
29854
13683
15096
9161
18664
6085
6578
3273
15263
32449
20126
15020
11582
5189
14891
12791
24270
27017
27592
15146
21081
9658
9720
9866
4002
2021
26793
32035
8467
16407
30146
17166
23799
25539
1019
12016
20201
355
5105
31427
21900
5986
7034
12761
18557
29242
31541
8221
14982
13786
29286
18077
11285
5706
1281
31045
16876
913
2053
2541
21529
19671
18443
9367
26921
32455
32287
16625
29081
311
1742
19746
22413
14347
3968
30146
14020
11094
11785
12074
20684
31427
5754
25583
4466
8244
25405
27817
14205
17832
9057
13561
30108
12898
9010
12746
8092
4936
8973
3286
14302
8841
28786
10604
28937
29314
5467
26225
30716
24547
4556
16806
6663
28429
21420
16424
7002
6335
24787
16445
20925
18930
26468
6221
22402
6913
10333
10031
27320
525
28780
14759
19618
1184
4869
26924
13672
11408
7089
22510
12299
17447
10665
28183
29342
7552
10659
31825
1716
26932
25068
26505
22037
24631
1207
16883
28597
17660
15541
30031
6374
32736
26597
25194
32460
23237
29870
6631
7185
8189
5419
4671
9947
8299
15558
32519
6907
25828
7176
11634
13416
3803
3759
2582
28139
11326
12289
13299
22555
667
2401
16561
23692
5511
3872
5673
16708
27712
24469
32039
110
23185
30832
20846
18515
20726
22091
29437
14213
30721
12930
23697
10589
6908
21317
875
9896
9680
8683
25683
20126
14886
31625
25053
19476
8139
28612
22507
10994
5209
25059
2163
8678
15892
16425
17795
9306
17938
17761
31874
20644
23967
30906
1720
3709
13023
24533
25361
29109
6325
5917
15645
13605
26084
17495
25948
25060
20340
6009
7865
30398
16984
19904
25940
9185
77
27389
4740
28378
1029
7472
541
21184
28805
32343
7406
12463
4044
10376
27790
9336
9397
20542
7257
4503
5150
22769
2997
31846
10570
6121
21914
912
31108
14675
29009
3527
11013
31637
20603
32698
8984
13535
7766
3649
24444
22274
1084
219
32522
25990
5996
30811
15767
4598
21517
3550
26396
29311
18800
24064
1557
1722
23446
21584
20774
32453
15858
19201
7172
30872
2927
21218
20371
10134
8117
14224
11596
6755
5544
5097
25058
4854
3890
2757
11045
9455
10819
30689
5414
3626
18198
11548
4764
32148
949
4070
29830
15421
4287
10997
1298
27823
17257
2105
18878
21631
2243
26387
12477
25633
7741
8898
11676
28928
13161
23838
2341
21966
22786
16776
26756
27929
24878
29729
20392
6688
5376
314
8940
21476
25409
24844
27639
26242
27760
25513
26080
24255
4103
6451
5270
21477
24320
2636
27520
974
6040
21709
18272
30014
3667
187
16253
5238
10304
8567
4609
32261
19070
5940
12192
27618
25343
1198
10874
30904
28300
19738
3139
11649
8201
11864
22433
3414
3323
19312
14549
4997
839
15164
10654
22501
27708
28514
3162
19814
24788
1926
623
20204
21303
25789
489
28254
29057
4420
28261
14841
9669
20594
14637
27627
22354
27371
19620
14365
20789
2839
18149
11344
29183
15826
18343
22123
2248
27493
21860
9491
883
23733
7610
13949
21044
8379
5393
2432
9296
26164
14718
17647
25124
7578
31975
2341
2153
30546
6760
32737
18614
4647
23286
7765
4934
28151
3394
19833
28156
30380
13536
27813
15524
15214
13481
25183
24188
9752
30814
12146
17651
18152
24974
14400
26544
2170
31673
14424
14806
24567
15285
5195
1159
19850
20049
32188
19111
16659
14905
7607
6626
14112
22809
14660
27888
8729
27653
1083
791
29626
20249
5721
20722
23238
4188
13972
28274
2298
28138
28844
9762
5440
32595
10499
2479
20006
3646
8878
12199
4238
25170
11212
32385
30375
1110
25622
10462
29468
15510
20920
16142
11403
20617
14432
31190
11576
17330
26260
8816
15107
8132
27976
15316
27543
2057
30128
20790
18661
7172
10579
3536
6609
27990
24673
481
9002
3294
2630
14582
29920
29476
1151
1384
6001
18424
21420
9510
11685
19798
29415
9140
24187
29069
11605
7540
7011
19616
13818
18469
5805
3309
29138
25769
32322
5900
10269
32267
20114
23802
3322
6592
20941
12407
23095
15661
8022
5292
27240
27754
12149
21265
2614
1606
22348
22414
29690
8587
16652
6113
10635
20355
13416
2623
8275
26554
17226
28478
29609
16646
11973
29426
4443
31685
6220
26966
5257
16742
21281
10734
17082
7467
27151
20139
24361
21036
11612
23055
18528
21152
23802
2193
5128
15448
17149
20803
7424
32396
21074
22962
14252
3290
7597
24846
144
17292
15043
26251
31005
24858
26042
3846
26314
14575
30941
3564
10343
880
3221
5464
30126
28475
21396
4475
15644
22444
1876
13121
5119
17574
30912
3633
27855
6032
6449
19862
1985
2461
3995
17628
20890
24401
11785
24380
9409
30017
23366
12956
8345
2586
17629
14768
2829
27108
27972
31078
28781
24200
27221
5505
30072
2448
26621
6275
4026
2863
17208
29393
6168
6785
20797
29970
27561
29459
9973
18904
3783
15270
29874
12930
1638
18992
18974
2913
23461
26916
22130
23321
32163
499
30952
29002
30100
20691
13682
22640
8468
1471
25004
7944
26298
30399
7695
15349
6385
18281
28520
4641
31491
10664
3209
22375
7287
7100
13375
25265
32413
18306
8068
9565
14439
26358
25589
21478
3194
20982
23174
448
9605
6473
24180
13443
27858
21215
30843
12876
12059
31578
19018
3936
926
4302
20020
16147
10611
19141
16168
11241
20254
4999
15587
6906
30817
9880
100
24219
30292
30849
13472
7226
9655
19411
18296
10634
26502
5994
18152
17633
1998
8687
7809
11486
1728
30368
18713
23374
30723
5972
19137
26448
27727
4025
1783
21176
6456
19937
18205
18098
13127
25597
1322
936
11855
5992
20128
2149
22526
24807
21438
13434
179
16943
30454
27104
9871
5287
28833
29152
22223
13680
23282
10544
14681
12963
14888
14175
31380
24025
21768
21874
1917
26609
29067
26576
20472
27149
18900
28507
867
32734
19812
5600
31601
22306
657
22961
18742
22634
7220
7312
6270
19745
6051
6607
23907
9930
30431
1974
31
19337
27406
26661
31518
3045
811
19578
8024
9676
13052
4277
29405
30935
17988
20955
23985
20432
5179
9112
6363
25458
1851
18727
5049
31343
19644
30071
17302
19128
16770
22150
4478
32760
28181
28689
23121
2913
10098
2416
13591
8364
10240
12988
29587
1115
13509
9522
4379
3906
8922
732
935
2885
20764
14702
8999
19811
27173
3182
6938
12532
635
2711
6748
22574
26374
29312
13631
21998
12232
19065
11742
9398
27336
12213
5806
3825
29519
8367
854
27775
18775
18118
15297
22893
32065
810
9585
18948
966
17148
22294
8198
1584
24241
2655
9524
714
2232
24592
3859
20885
3932
10837
28656
24892
30187
12629
14626
16458
10520
9739
12943
18075
21150
14161
2930
29456
4134
32062
26715
20871
4459
11954
4727
32011
24988
21807
11281
4679
24578
29419
3673
9793
11234
20259
13412
5445
1957
23729
22389
15902
30518
28385
8315
32141
7596
12417
4826
32243
7721
4407
5230
12113
1025
7448
14029
31602
30239
29301
9677
2663
14757
18936
24391
11060
18387
17648
6170
13513
31530
30186
29298
29492
6097
22401
26954
29972
13111
9591
5423
19793
16122
19460
11847
7434
15112
24941
28563
31183
21252
24025
16241
1041
27371
1377
16741
16854
24311
14438
13592
4529
31427
7719
18081
18930
27569
23954
13316
22554
12937
22619
27640
29842
22626
7244
2542
16028
27334
32476
21326
21641
785
5890
6660
15405
23834
2379
10299
12176
16661
23083
6504
8678
17592
14992
17547
4289
10141
701
7090
30086
20200
20310
9406
27421
9257
29879
28521
23533
23428
15498
11400
19464
25871
8601
19086
5026
3451
32224
15186
7624
4599
24295
18194
32591
11089
29775
4279
31242
21598
19626
12122
16448
20381
21648
264
3164
12311
19439
6850
24807
27017
9634
31176
1204
11205
1349
23064
3930
3414
20296
22065
6631
18787
32579
13340
26579
5334
14473
941
7219
20156
17664
29191
20271
4079
30256
30302
6070
24051
7321
15361
23921
1311
2378
28055
1781
24061
19887
17832
22588
499
11691
2144
5462
13090
30694
19088
15708
31630
14441
10742
29094
18303
31080
23230
23869
32552
1630
11848
12435
25479
25952
30508
1394
12940
31402
28284
16179
22141
2687
32329
15152
9369
3376
5480
25980
28412
2426
26741
1489
28098
26900
17433
22729
17263
31625
21641
18769
8335
6980
1615
24155
19097
10473
25677
12500
2585
20716
5887
32214
17422
20316
26880
10526
17041
9727
29904
17344
28856
30884
24532
27417
3514
949
18078
5126
6996
24844
15983
5715
2923
3847
4090
3191
28914
28127
3947
23422
14350
10037
13736
30534
10616
13294
24279
14062
15652
29761
21024
19852
32
3598
30388
15134
4542
1394
23054
18884
31733
17304
27513
27436
27397
32722
4306
2637
2138
16104
30863
9560
31923
23728
19712
17387
23939
21470
11477
7560
2455
14366
3297
1095
14586
5728
26397
26567
17430
12147
23280
1130
26139
16598
8877
4802
32421
20427
606
2886
5785
10924
5056
21066
11343
5250
5006
24622
2807
20180
5122
14805
12597
30141
14490
19800
2831
25153
24344
1788
777
1761
22988
12898
11918
31341
7957
31742
6546
9498
4646
9930
30070
17365
18694
19004
12076
13782
29658
11381
12443
18551
18791
3259
20805
30023
7379
29225
14887
18010
171
21157
16608
21732
6955
9747
32278
5638
4025
14792
8982
27112
8626
22594
21178
8456
29801
6422
400
27602
3181
27945
8504
26736
30219
15139
6926
17123
13588
8225
24074
6995
25057
10411
996
9891
6035
5605
20859
15689
6047
777
5751
19549
18059
32532
12333
23791
26098
28352
13252
9630
12238
19123
918
23142
14071
3574
21465
11962
12518
26792
25215
15827
3263
2804
26202
19783
31631
7232
31108
7645
19921
12967
766
16032
19000
24234
25495
5682
25000
7970
27152
5731
25733
20857
21117
19970
7473
29210
21742
19700
29648
16678
1871
3714
32591
8041
5773
24055
10148
14220
6907
26987
15703
18316
3059
30426
10817
7787
5824
28537
8084
8741
23739
13641
25883
29157
23733
30444
11715
30841
2965
30136
5467
771
24642
29194
11160
12274
22212
12764
12380
18993
11942
21914
25911
25758
26782
28466
6191
18878
18288
3947
19388
5039
22543
15735
8215
94
17669
3275
25012
22010
30998
17710
24845
27560
21792
20752
30626
10872
32070
26142
24126
6807
333
7187
14459
20679
25670
26065
31112
20493
18286
8368
1578
13225
15442
11798
14337
13643
567
19272
9741
25476
12984
7039
22129
7291
8625
6207
15734
8417
29788
23524
11730
21287
13242
31358
7723
30446
24117
23774
26583
1215
15491
20977
25318
26108
32205
19021
866
11542
24337
29194
23509
7681
25029
7379
10508
6885
21949
14396
19227
18711
14926
14422
20385
583
15028
12930
29005
26107
18865
6786
12449
7996
8311
21974
27126
12942
9416
6469
3265
26662
31324
17594
22548
9816
17283
12625
16488
20559
21771
9650
25241
32000
24932
25758
10290
6752
24322
2503
235
20693
11779
10469
21872
15083
16658
25350
5988
17737
19851
26149
4774
19171
18143
2815
25555
16753
10555
1314
14348
2591
22372
22855
14841
14982
4070
3553
20493
29147
15725
18934
4108
3686
9843
22062
3019
22326
16411
13354
23352
28180
10333
16406
1945
7605
2916
4226
15385
22580
30772
2157
24448
31167
26768
20387
31554
9104
27
9546
5051
17182
18109
16567
21945
6549
25160
13446
15675
22404
4956
2025
6520
8406
31112
31296
4643
3332
25265
9450
4590
30601
10680
28507
14925
13461
26711
2415
17532
32261
76
24574
29635
11411
16314
16305
31993
4426
9420
6676
1863
830
1179
8428
10798
30073
6482
11210
3275
10552
15248
7136
2650
20568
19213
12820
32762
13323
2689
2899
10159
13263
29377
14120
9389
12449
16683
7309
9428
14445
17733
8449
15223
1482
12705
17882
22881
10212
29700
12253
1562
26297
22726
19724
15974
14217
32124
3263
7183
21895
22229
24054
10980
21205
19906
26606
3842
13743
14298
12530
24658
30183
12028
10100
24403
28305
3126
16732
26394
6143
2533
9632
16535
7664
20766
5141
15129
9732
30285
32645
11796
23155
10524
3585
18467
3327
7063
29560
20297
1575
25741
23177
13948
21662
24889
20374
11364
12539
23073
25114
1888
18866
28479
28732
13002
2883
3935
20644
380
14513
32456
20109
2450
26678
12574
11291
28018
14389
31367
7919
13834
20592
23565
31482
8793
891
28484
32654
4145
9329
13612
31419
25147
25829
19544
14040
1851
20251
21072
26208
1685
12408
29749
512
13841
2104
29347
19693
31963
20063
7387
29563
18382
9970
1826
30700
4849
21862
100
24965
11330
1113
2845
25064
5043
13696
23930
25757
7283
28129
11451
15602
13166
29250
18395
26117
28439
10209
17779
2335
19557
28005
18652
15939
15643
21
8851
15111
27469
16712
20450
25507
22048
28700
7613
29256
11217
11115
29419
10419
1273
20475
1382
16385
25871
1781
32515
2757
9262
6297
21845
32088
9752
22319
22735
4208
636
13889
16170
12788
628
25095
11526
14351
5970
27427
724
2692
11932
23183
28915
30273
1877
16851
5913
24374
27774
7035
13045
17511
30941
4040
8723
19008
18429
29094
15103
16169
14454
2014
16813
20059
9070
30349
31512
21746
11616
23765
9258
3395
5149
31442
20444
1135
7696
29647
28830
3641
3781
186
4345
11028
17581
9942
32627
5248
25627
18096
29107
25495
13203
5972
25317
1507
3396
25024
12640
29811
2515
4249
16262
24878
18522
26653
7148
20071
30641
31321
29884
17585
1260
11164
23127
6900
4900
23339
5438
1216
8315
1078
4914
23266
31834
27403
12186
21045
29437
10890
23334
5307
21042
13785
26290
28908
11101
8793
30061
4942
30400
19928
23098
32326
31737
13576
25686
13358
9164
3631
24379
18343
5923
31777
18885
17969
20307
28012
2196
12537
31649
31698
6065
30705
24581
24572
32628
11046
4398
19820
4261
22095
12741
19124
11233
15009
5366
23013
6207
23275
27181
1355
11572
3550
22045
9303
21428
2732
7431
27869
8858
9174
16953
9344
6730
9278
16597
1642
17301
644
16851
12608
13789
24207
29513
12628
18553
32106
25834
31517
29530
14162
3533
27109
8943
3085
24433
5826
839
20861
2557
7111
1654
12404
21964
6011
10809
25546
13864
1162
16605
28077
31062
14779
16732
14137
14804
9762
25290
20040
29918
7575
1775
13708
27190
18791
14390
31451
10533
4425
16070
1993
28349
4243
4334
24700
14690
27565
8902
17596
13705
6598
22803
26442
26558
30407
9068
12147
14316
12677
411
14564
16857
27195
30790
1472
3824
5431
14543
5872
7491
30163
120
24251
22480
17831
29387
16790
25603
23549
29497
6461
26749
27013
16897
28162
12564
7243
24659
23141
21531
16357
32693
19686
15587
11761
167
7191
16257
8895
17538
8437
6610
19018
22182
19320
1469
6509
12500
25961
16568
18259
7897
30580
11406
31536
1389
1150
27999
558
4186
3897
10472
8619
3041
7669
19204
22945
27993
12473
29555
11109
20249
23954
28891
14485
25496
1835
27916
20043
9171
24990
11912
12439
15599
14730
4931
14893
288
12646
10407
9306
24521
26900
1243
2877
10469
17337
17733
563
8101
16333
22094
19603
8282
5486
26725
3740
23958
3834
13894
2731
30862
20444
124
16049
30915
32166
25124
30181
26338
32609
25333
8886
3816
18208
27261
5380
11657
23004
30893
24719
3283
2427
18328
1968
21519
5426
14968
15943
3816
9229
15858
22772
12239
19916
32155
15498
4509
9713
4794
25024
15482
32023
4176
16682
29182
19589
4181
15208
17559
3
9797
20894
15915
4589
23259
16932
23038
11653
5404
23934
21973
19341
5272
10126
7772
32022
24813
6408
23237
22675
21132
5415
23474
15665
6336
26526
29013
24683
24812
24274
27861
23000
788
22086
20724
8520
22430
17750
30192
13072
6746
9769
9382
20130
32449
18657
27901
865
22906
26388
15234
32691
803
2944
29264
22103
22605
8698
2355
11769
31432
17320
30989
3843
14370
4976
30328
17335
14698
16048
16300
32379
24633
30256
420
14963
29940
29525
6268
2645
2635
23959
12062
18809
14853
9268
541
25392
7936
8230
18913
9303
12403
4691
4101
19244
25207
20997
29693
18784
12230
16281
8956
27757
28866
20347
1812
24617
9145
16722
29088
16283
2663
22391
17631
10254
16572
8876
24801
613
12512
13835
22439
30382
2165
22332
11398
15866
4892
32491
8908
18027
7738
15737
24486
23950
18940
22514
25409
21739
27544
12608
7472
21723
25814
21406
8206
20890
5328
11855
14436
22173
17909
23439
27340
7206
15700
714
7511
6933
20248
11020
28717
4865
7246
4537
2419
13959
24047
22910
22642
29154
24858
9607
5109
32700
6305
29938
30706
16452
26567
21124
1645
1665
2632
11419
20378
20454
15770
26980
1346
6694
3955
2894
23911
19274
30091
31167
2091
24576
4771
16901
15598
21558
19654
25743
8887
31207
6351
605
6101
12853
7979
32437
7366
15545
7648
26904
26199
4375
11214
17268
23309
30421
16693
30875
32708
20333
10616
5876
6038
18080
16929
9072
31486
23822
11044
6336
27197
260
19560
26310
24317
10645
21635
1609
8501
10220
5318
29932
9036
8928
24185
11617
27009
28873
17767
28634
138
17298
27550
28352
18299
23312
14960
13224
4330
12690
11453
20611
24401
22202
3701
12564
16563
27787
21848
8360
3459
31426
30464
22529
3777
3178
24610
10131
20326
19371
28945
4595
7426
4067
9091
27276
31652
4600
15768
19604
4346
15084
13848
32318
19129
16561
11772
5169
17471
1343
9009
26938
12152
27621
16536
15933
17662
6364
28497
5746
32644
20258
3385
9165
9844
24709
27825
22462
27607
25598
418
27675
8566
9793
24510
30811
18750
2194
28168
26372
1257
16858
29590
24422
10459
13818
24981
30602
30282
22367
32399
16998
16546
18135
22249
3666
552
9635
5808
26560
9181
19917
12437
13351
31909
25788
30261
31040
19368
31749
1438
9333
12793
13444
12303
26263
28534
6060
15872
30671
26351
6939
13410
22487
11658
625
32552
24169
10597
4963
9478
12280
894
20491
26745
27295
28880
11138
31239
8023
5823
27825
8136
27500
3766
13156
30245
17970
19727
21408
11744
22260
28467
31543
27477
26413
13570
21913
11007
17658
10613
8685
20285
10704
16001
28513
15190
31082
24639
29630
8123
27910
17227
12351
23437
32465
29290
22691
5983
10656
24431
12417
32061
20704
31583
21212
12781
25808
6611
6135
29556
5870
9118
3434
221
12974
23728
13430
12085
28274
16698
31382
20442
18615
15891
8278
19446
17804
18523
616
6470
8265
6238
30965
27680
17789
3002
16689
19124
10536
29381
9522
26002
19755
19753
22018
22892
3068
14801
11251
15901
31646
7689
16690
9963
31953
18400
6815
30729
19078
4049
21212
13664
7573
15779
31652
11920
14514
13454
10591
11313
28830
10911
23795
606
1178
28510
16348
11380
23329
1453
26239
22039
30422
5363
3259
30070
14268
30074
194
23248
15525
23574
12327
22840
30957
26888
2872
27797
21095
7713
12941
236
23448
43
8929
16098
32291
26500
21281
380
10629
17420
30915
22826
23042
22593
26201
16388
3039
12201
14438
25427
28370
21617
17520
9811
28087
2131
32342
16951
24196
1213
18404
10094
28287
1583
24229
1061
7855
9956
23544
5133
25744
19638
31590
7518
17163
11836
6963
16156
28580
13109
11059
29849
22518
13353
32223
29243
7004
23885
12200
16255
19698
14504
6284
12862
4540
9076
31718
12079
28452
12999
27274
21422
23978
19314
2833
27835
29655
28969
15474
24390
15730
4325
18131
26026
4855
19079
3742
18039
1349
32190
32214
26740
12695
7722
6060
26596
4533
4802
27213
4361
7276
9331
21247
25575
19003
16393
18540
1354
21071
3923
7997
16650
13234
11650
31979
398
24255
31443
27858
24719
4825
21358
19336
13598
17500
11661
31852
17129
7892
25312
7554
28346
30573
10545
11646
7232
17323
32324
22558
6418
26715
2817
23741
14577
29898
16852
17190
1869
7732
15445
21158
12811
3967
7204
32613
4486
24873
29463
16885
29140
19840
30360
3372
330
29969
584
22063
2114
18274
11753
25296
19995
25572
31354
21018
20354
1827
23203
4905
10736
22592
6740
15936
24692
10913
27050
1045
23987
2023
3858
10095
22317
5664
1200
13555
30146
11838
1282
27963
26484
14025
19136
5417
15982
5840
2055
8315
16710
21797
22711
27295
4223
14282
13338
29128
17746
30630
8646
18497
28077
23676
13764
12290
2429
21790
6129
5249
27945
24542
6821
22218
11614
22342
9363
8146
30738
30473
29168
11528
32451
11576
28888
19246
22016
3001
15597
29543
28203
28150
32321
16017
2429
9938
12150
8916
21322
19169
3875
12155
31879
27352
16506
15107
393
21058
24360
14194
32015
7797
2685
8427
11395
16837
11213
14974
2429
18167
31766
3396
7305
26873
3298
23980
27946
21200
22639
2832
13087
7121
7438
3468
11492
21524
1993
1551
16252
13606
29256
5298
17262
19198
14326
26953
8974
10546
26207
16952
11773
107
19676
19849
17907
10263
12147
8251
18620
28765
8441
14300
23425
20566
18553
14938
31561
17530
5594
26646
30399
29016
10683
29754
13622
24203
29858
14157
28394
24041
20822
28676
14985
29437
7817
1627
5106
20152
7098
1253
16444
13155
3418
15456
13050
21720
27694
17805
22717
2290
9204
21823
27355
23618
9545
5809
12399
24323
20170
28
20641
15952
29050
21897
6696
32149
29796
19940
25613
25668
23425
3667
27569
29641
13787
28614
21521
31167
14067
17102
10825
4708
32608
1458
4951
12106
22714
16576
1826
30288
26806
31969
15547
3281
8082
2160
11234
8987
26036
32332
18380
21539
19598
17196
22307
11639
18116
27955
3407
29555
11153
18885
18676
30136
2407
30104
7099
2010
3029
15118
32598
29273
30894
10946
23486
28627
2152
8800
17087
2679
7618
13755
1207
28093
8361
11801
667
84
93
5073
24890
23132
8400
30233
454
27606
14159
25881
25488
26457
23139
21060
21267
17670
18682
19175
2612
29118
11458
16642
9672
32402
23510
22104
5207
25722
23964
24002
25119
12362
14061
1736
1628
10979
16759
26482
5575
20902
4704
22620
32349
13103
13356
22281
12385
1087
14305
25209
22692
249
24937
1534
4100
28242
29495
1611
9267
20419
23854
25806
23994
9536
21182
11584
26429
17774
3152
16762
14848
10257
14308
6026
13226
13507
23800
7686
14665
27116
14252
15008
2967
28654
20261
5883
12412
27808
19247
12221
5587
11006
19750
23014
20849
27423
20502
12896
8803
28263
21537
11222
6008
5117
22817
11978
32512
6527
27791
32738
978
21493
20132
24707
7060
29956
29373
7585
10806
12389
24324
214
32448
21909
12109
22449
3406
12749
16190
1360
2648
20020
16307
21041
19255
24148
15200
28229
4069
29386
20153
22854
6661
17474
5902
9547
13603
10915
7419
18330
5180
5255
15871
27581
10369
4846
22891
31960
21848
19763
17534
22841
9636
28991
18894
25649
26182
29692
14313
27170
18916
13836
17213
2778
31208
24764
16181
7711
14540
3891
29349
18059
31126
6128
2920
9883
4254
2675
30024
27650
24983
13625
6173
9539
11981
18414
16697
5502
28076
26079
15364
31370
17538
15534
24036
31045
5510
29513
2400
9256
15128
1308
27780
20511
22858
23942
32391
11159
26784
18314
171
19416
24084
1480
1637
9365
5213
9899
18622
7617
23153
26851
18681
15269
19273
17430
1654
3376
21220
27090
19414
21646
1166
21191
22368
7676
9826
11315
25251
14554
5646
14749
19805
18177
27350
32454
28572
22104
30940
17885
22307
14498
6558
22002
29711
3482
24000
28077
30907
13122
3084
22080
28896
4216
4535
8858
21505
28106
18405
28381
5894
20619
12912
13331
295
3110
7141
1053
18443
32179
13008
16875
14129
9672
3130
10739
26256
5266
12143
16091
17530
23588
3845
28281
30406
32014
4889
766
22318
306
6364
13422
3830
14547
2895
28244
5583
19951
31050
7603
6138
8655
19651
6975
1968
10460
1869
1485
24002
14516
10207
8457
19837
31869
7639
3175
28624
890
27966
26204
10673
7643
26702
12237
20924
31706
8753
968
22813
17155
32524
30578
31665
3539
1340
13888
15208
2437
21472
11882
10990
9769
25239
24989
19338
3318
28299
11761
582
20705
14510
8986
26704
3439
31043
14306
31392
26567
11425
29655
27867
9739
7475
24896
9079
20712
20164
23382
6433
4972
12025
3249
13147
19736
12063
12801
19050
2615
11047
29950
26735
22126
16879
29602
980
7571
708
18325
14569
3778
5156
8681
18127
13742
14280
20231
21398
15926
20450
14057
15266
5689
18851
11658
28755
25002
4352
10139
10725
29927
29110
10104
28820
18758
2443
30298
16644
8177
12247
32206
20449
18165
30276
21862
12482
13461
9938
22702
25684
27876
25374
22881
4532
26003
18659
16861
28444
23559
16321
15317
7618
20910
21565
12102
31997
8852
17418
11692
14506
27185
8071
7541
5838
10886
9352
14774
18557
26984
13913
14877
16890
14363
5888
14119
24095
22818
17859
7826
20735
30806
9962
19478
11723
10550
22726
6736
1010
8062
23026
32767
22412
22011
25817
3442
30969
6045
9336
24129
32709
7886
9830
21308
27855
16130
11793
10401
14251
19599
19786
15506
19268
14016
26116
6597
13766
2084
31064
6782
4027
16684
26573
14266
24180
16629
1751
22701
30122
12387
12189
13935
7269
9071
11007
10227
31005
25794
7896
27192
2335
8066
24704
14531
10035
23404
20630
19020
25980
32547
9212
1464
16031
19655
15906
839
25128
3274
136
11791
8233
23295
13182
6569
14371
18932
27695
24618
3882
20610
5085
7252
4421
13730
29806
21518
16916
28290
28200
26386
16565
8921
15033
21990
17127
19319
24954
29965
19312
7968
16628
24702
8125
16794
20900
17237
16585
26885
1531
18377
27456
28011
27561
17246
25315
30360
29211
29531
3374
15404
31298
23935
7992
3054
5015
10480
25308
2659
2652
884
22294
24992
11044
26339
12207
21084
24469
21213
30749
23369
2157
20152
23973
27301
14531
18364
25794
19979
13968
8083
3530
21648
25709
32507
11471
22283
30878
16574
30915
6836
9552
2276
5600
16881
5663
23591
8007
16236
26331
19367
29672
32617
30604
2271
19105
15191
16819
30168
20906
11172
4819
1436
23856
3030
20528
238
26944
9432
10199
824
29415
20881
21214
17349
27800
12731
19693
32560
20941
32499
9470
5405
7665
14348
19296
11814
10878
5801
258
32281
14435
779
19438
30304
10408
31271
5396
31936
10324
6652
21321
31303
21391
18467
26511
22143
5124
9896
3735
13032
16009
19224
2948
31397
13314
27611
28658
6774
2434
30660
9527
29926
31668
19431
6888
26310
12666
31659
16032
28633
4563
24352
8444
21457
12546
23442
27626
18298
6381
6750
3620
32310
28867
8708
16375
11177
18401
1406
17737
19893
2039
7632
4314
21161
21094
481
11466
28597
19693
12425
3164
15266
8581
8427
11001
25023
13705
11525
7288
287
23578
2693
29340
3073
1986
17886
7134
15248
16215
29596
8045
27597
23075
3060
23156
29641
18241
9376
8859
19991
25674
31978
29136
9601
10034
4102
32583
6650
8044
8612
27071
20948
4693
30918
22280
11059
14031
15567
11458
8642
21548
10461
18023
15524
18511
2393
19596
6318
14605
14285
4451
25299
29913
2293
5765
22239
18081
24856
8174
5737
16627
25240
30793
27650
17508
27337
19055
20147
17714
20735
13354
14759
5160
7147
30270
11300
11970
8487
26026
26048
23186
17167
555
13009
4066
16595
22018
23845
30619
19658
759
5363
102
23817
8350
26130
20240
27189
20441
3433
3635
4245
10142
17063
24851
18283
24314
18996
32198
8837
22614
25447
12952
21007
29178
26361
23213
21675
16335
10681
1512
4036
4713
30594
22540
16926
28484
14954
25377
1202
24142
8765
282
19898
12454
24618
28852
10760
9380
19131
14753
8347
2841
32267
7142
29812
20952
19507
3714
14502
6005
4613
4432
27309
11340
17405
22062
1792
9413
18292
1375
19434
24791
27671
8494
7829
11467
6552
19668
18024
24387
1443
31388
29330
6266
1556
17733
15847
1741
21351
30888
9452
21627
20335
3483
8749
8873
9291
7444
25815
13737
20375
3730
21890
13947
28127
1464
23887
11668
23129
21307
9011
6879
30419
27903
13202
20226
12266
12669
17936
27106
4477
31336
5540
8809
32609
17040
32494
15239
26198
25350
22730
19062
31034
11137
15141
12867
20093
23040
10255
30858
29141
13745
19218
22401
15923
20754
17090
12599
5109
14166
10390
18462
16221
2314
19190
24776
9026
19448
19861
12526
31749
29260
9217
16310
20167
23797
6777
6965
22745
23886
24830
1843
4980
31230
19628
2351
8107
31517
17227
30115
11933
408
1314
25226
14831
11734
18699
8990
8314
6555
24269
12518
31552
10541
19365
9712
16037
30646
5414
11356
31708
25322
11844
1818
22175
31209
15019
6131
803
21351
7253
1742
24651
3850
32603
28204
540
1555
22539
12534
16497
28481
1852
23928
7663
31218
6366
16813
6972
9356
20693
5309
19052
21019
31240
22980
14012
25404
11188
24533
29827
22073
30983
831
28005
12917
16106
5134
15562
17163
1054
1493
12430
25778
8074
19627
16891
27364
6355
2932
6900
24639
30510
30562
31602
9771
29298
5307
4917
14269
14962
12508
9139
5083
18569
15742
32341
4769
28534
28984
13026
10756
7530
20805
571
26037
1120
2184
26954
5704
7341
12237
22581
31638
13784
27474
27095
28256
2475
390
12144
19765
1418
20240
25755
12437
15876
15379
8065
10838
16552
5808
20813
5191
14362
30413
10976
12820
5734
3861
14789
10857
14739
3904
20839
7002
15996
31637
5249
19971
30171
7597
13015
19819
12199
29305
12068
25775
20640
14727
16723
18524
26152
2432
10481
28444
11348
3574
995
23957
14915
21084
32084
27022
18606
15958
26866
14419
18113
10036
7770
31835
12585
6840
10448
13865
24431
18208
7988
31856
15236
9312
14385
3962
6045
17072
28344
15306
5696
25158
19117
20481
22687
14437
8672
10750
26406
1430
25918
8009
2128
24886
20041
17586
31166
24112
197
22837
16266
27916
29876
22561
32217
7977
15493
30330
4271
12102
31625
3995
22024
29511
8358
17695
24100
6966
14671
22018
30242
24969
28851
28932
16592
4259
3893
1614
20930
413
3613
23640
32417
30789
5005
27658
23238
103
27318
18466
4359
12364
19531
5077
4049
29825
2870
19641
15224
18649
31115
27618
6858
693
6586
8779
12778
4227
28680
13432
32604
21125
2112
14682
20316
28884
933
16499
22900
21156
17196
9019
23629
6857
488
1473
11206
19835
29638
19093
25923
854
15482
32230
15943
19876
21177
31720
8518
12255
9129
22136
3252
21106
2710
15875
26722
21184
28902
29092
17674
21607
10831
31372
14889
14278
24903
13991
22028
6589
10172
30333
21550
179
6
12886
3521
23262
29210
6817
22667
12734
256
1942
18419
14059
5255
3099
1116
3601
11063
12260
11441
30777
26759
5343
30273
17482
21328
3023
32462
10447
22658
23606
1248
27386
26134
17273
31327
30441
12867
28479
9569
19753
757
30490
17217
27001
2427
6505
25073
1744
9855
16253
25489
25761
10812
3322
24640
29021
25835
32384
23090
32314
7038
23435
30722
24627
13457
32664
14666
8783
12702
16010
22898
11559
18544
26699
21701
1954
12506
12214
17354
5380
31400
30901
209
29735
32726
20902
19404
25607
18176
7172
24672
20869
27162
10307
12860
29284
21857
18683
17322
4504
29329
8521
19043
28864
5209
12915
5800
25329
13836
27850
28814
1205
25497
18389
24474
13651
23997
9643
4237
13649
20087
1441
19841
3640
8637
18981
15413
10135
22125
5610
22182
11594
23430
1094
20959
11004
19864
16600
26385
235
10361
17005
13030
5611
16698
11556
7955
27310
7257
8145
2605
29250
29752
28832
8637
21467
974
7419
8854
31187
27037
28845
29542
4591
14052
10311
19852
25316
32533
4802
26665
6938
31625
30311
22906
31919
6003
15596
8805
2751
30739
10976
6225
7139
21804
9801
8507
30199
13751
20619
30214
22305
25817
30603
24339
4110
13075
8725
7954
4991
22457
15227
24
7941
1701
8831
14065
24840
3628
8051
4279
16398
4433
1439
7843
10042
12857
995
21540
31763
16607
26782
19246
8584
16905
23758
8917
11312
25211
23160
11290
11222
10858
25162
22789
11828
1331
13439
8692
24319
29005
4355
21810
26916
27772
17111
1227
32082
28744
31416
1695
8632
4782
15611
15030
12048
7957
26300
3027
7900
15236
3639
24140
3823
28177
17014
24856
7728
5789
28205
29994
1691
12478
25058
7933
6280
29181
18768
13937
31536
6210
4110
18645
22125
31884
31084
24901
18881
15845
28574
11062
21658
6294
19996
9039
5076
15767
11080
19067
30848
15945
25937
3900
23524
24679
30296
24898
5314
28218
21458
9020
29150
22285
23854
28398
15802
13281
7607
24451
12196
1122
26043
22053
28146
14361
32493
27852
1421
22498
8
2899
31404
25505
949
21201
22242
14385
18095
21286
22619
4509
28965
16084
9827
32147
3936
4369
12071
21013
32165
23066
4800
31858
19293
9673
16237
15477
22899
12394
8992
8156
14334
24011
5693
21003
1824
9874
25502
5122
24365
28627
4570
28813
1040
226
20935
186
26603
2918
13885
21648
16638
31151
6429
21502
14026
30538
20882
11282
27254
26578
8087
7276
24177
16392
28858
14577
345
29990
25119
29636
24604
30321
9159
882
17245
25870
8466
31084
15385
32278
4739
7355
25482
27373
23748
23791
21067
27599
24810
29016
4798
4267
8697
30841
4779
29749
25515
11194
22569
11575
9837
31581
32194
27175
9387
9907
14802
27391
13645
9360
30000
19785
14210
28668
13584
24185
27580
3371
23592
26752
24060
23216
1810
11422
17743
749
2034
120
31896
8654
17752
16746
30865
29367
104
4638
24333
6842
17976
5726
9088
25358
4217
8486
19648
30652
22874
2302
18445
32412
9897
5766
27984
6784
20539
16723
6304
11951
1423
12025
32010
30357
22190
10345
5266
17848
17493
31102
20853
1006
6998
28370
29873
14798
7996
26070
11719
16740
18478
8994
26560
28457
6166
25353
26478
18225
19202
22641
7924
4775
26314
3553
23177
26999
28147
23772
10872
1098
14803
28526
11883
27319
16374
4
9706
20919
18113
19329
27167
15962
19797
27021
13532
16569
10934
32560
22751
23340
10285
32673
20308
27069
6890
28504
16027
7644
16622
23914
24140
25172
25896
1814
23672
15229
3806
22939
10290
30643
16463
17997
17742
17416
2199
7400
3433
31030
27858
24612
554
13528
27780
18570
5318
4825
9529
27013
1738
6956
22888
11452
18453
14269
24221
6047
30243
18088
14039
3904
24722
7338
22831
3685
14046
3028
28091
475
17264
17031
178
16141
22487
5788
28881
18645
20053
4323
7421
22161
17565
19663
5417
20858
29659
111
21114
15409
18933
16544
15017
14491
10256
21890
29354
8175
27223
13096
17547
24845
7415
27284
7326
6418
622
9954
25050
6697
20230
2755
11647
21668
15772
557
9721
22091
24998
23633
263
21491
23157
16846
28956
29011
19383
23332
518
15124
16191
15211
10445
1831
21513
25413
2782
12123
24184
28689
16488
23087
24035
19297
5639
17892
27472
28334
4512
18903
1407
3915
16012
526
24107
18072
1272
22801
3212
2680
4235
25595
18720
2565
2634
17616
5803
17026
10681
1809
31869
24720
24899
10894
13811
16805
10716
20604
31552
10683
12773
16071
18285
325
29520
11690
16287
12135
29956
4988
8089
25702
15235
25293
20353
26718
11466
28337
1767
16947
27513
26972
8451
19145
27955
12527
1598
120
20552
24210
20213
11962
13457
19395
889
15911
7068
493
7514
16548
5129
18493
11749
3543
13364
17329
19947
990
10261
23922
15044
16448
22116
25443
17556
25891
24832
5882
29133
16064
1169
7759
31733
23829
7020
2930
2474
30169
18360
28162
18915
8885
2255
8955
21624
20401
16359
22224
29669
28141
26610
28090
15435
16017
1219
17999
5047
18950
3441
2646
4007
22375
22016
474
19402
30770
15422
7293
7688
31812
7148
9487
19394
25092
19998
21343
9307
5854
14309
12369
9463
7155
11306
49
2434
25358
9437
10055
28405
30682
5968
15532
27348
18771
26589
16220
15355
10107
16591
8587
30875
18766
20608
7741
23936
28407
12990
3345
8853
29764
2419
10333
30889
26456
2181
31104
5235
30624
30972
24436
27348
20744
30563
25507
605
14190
29040
20732
32273
30294
9959
16709
17772
30944
12731
5299
28068
7672
22902
1976
18478
7373
13788
23324
14980
3460
25803
16975
17190
27181
22374
3070
20446
7158
31347
14564
18761
26782
15872
29923
30611
21549
16461
9811
9346
19171
8166
1946
7862
10094
14608
32508
559
26976
21094
10421
27151
12255
31940
18245
28577
19614
10852
3596
6811
781
16711
31254
9888
18381
11479
11576
16905
5223
13002
32604
10725
9021
3913
14873
18238
10177
7250
12935
12703
22244
2139
13649
15058
21458
24632
30987
26606
21724
28734
2758
31634
5301
16553
26850
30059
25570
12603
16420
11004
28268
30758
32520
23966
2520
2092
13145
29125
8024
8709
26110
11142
1603
5377
26903
5206
25283
29422
19529
28181
23758
15164
27477
22347
17239
16735
19184
1201
28613
21109
14287
13299
32164
24105
23553
15284
10906
9943
16001
23762
29341
15601
24844
14572
15460
18849
28720
4642
10779
27823
14758
14364
25179
12710
23777
17998
25945
24626
27111
6010
16990
11213
25184
4726
16759
1690
20716
13359
21869
7057
27322
31470
27127
13277
28503
5850
25135
2946
15043
959
23363
22851
15818
28685
1901
3523
20625
5412
13605
3562
4976
25806
22165
27786
20991
12301
7501
26435
7284
11032
32312
10916
2860
29344
12750
8594
24711
30295
1164
21486
31993
27827
2977
6258
22878
13295
4587
7644
31630
17492
20769
3919
6450
6070
19282
22518
23766
10817
22670
18922
319
30838
15587
11350
14078
7792
23179
29913
2117
31852
21603
12331
12026
1160
13471
24068
4362
5579
27580
17465
22272
2150
15287
32040
20694
20281
25469
17751
7434
21145
7842
19544
17909
26705
19797
3312
18777
3302
22676
28792
15929
16928
9884
16770
3309
14021
13220
12736
28021
7080
8906
30498
8206
18914
23374
17471
5123
7776
1534
8182
28870
11934
32497
24661
13631
15025
3960
19641
24932
139
1106
11063
24074
21627
29727
15675
5882
8947
18967
28527
31560
16270
26876
16607
22496
9553
31309
9562
16482
3122
15805
26395
31280
30678
27876
19369
7621
9119
1843
32763
25160
28646
6701
4064
18272
13445
22996
27806
4427
7321
7522
18137
19242
28550
5178
16311
17311
27451
18206
13634
14234
5047
14754
11790
8048
7115
16353
10267
21038
19234
23662
20220
29484
1408
14990
23865
24037
22343
6308
11507
1029
11071
14060
15302
29124
3478
7788
9716
27763
8230
21544
23743
24404
9207
19606
7190
2735
15365
13137
25460
10530
19779
23313
30214
32569
8159
27099
9740
2367
9672
5493
28545
15187
2670
1053
9726
1982
28617
9594
14812
8067
31900
6099
22681
8504
8187
28031
27772
10773
11787
26269
16252
32075
14857
29445
17759
13718
20877
4222
20767
13590
32016
22833
14737
18267
10668
22109
12616
10687
24612
27469
21944
28152
27940
27783
14743
27373
24266
14151
28297
12233
31588
23851
20987
11598
5500
14384
8527
2413
24850
31453
6458
20755
11816
4286
9323
31813
11396
25364
23918
30831
7345
21963
26575
11513
4679
4268
25730
11804
11116
26836
1410
4596
24987
32357
1209
7126
22436
25211
544
12771
18676
22882
3367
20701
32279
3334
23895
29242
27259
17322
32310
6263
22391
28381
29291
30127
16523
9898
4642
24684
17642
25872
10418
2749
21045
5554
5501
12169
27786
19918
29720
10786
14269
16499
4013
11293
9701
17135
9629
1378
28443
30087
15209
12927
13950
25708
3026
9538
123
13546
20287
31622
24139
13025
25440
6221
29372
21113
5649
21263
13365
31250
6017
12626
4084
10362
22419
24187
21147
19299
21124
21988
31211
23060
4303
29486
21455
2142
24141
23769
3740
9682
31905
32017
7831
32049
21715
31947
7352
18468
27707
29969
685
2861
8353
19098
26658
28126
28578
26526
9536
25417
19797
18408
32371
14007
20015
2861
15729
20637
10276
412
23416
18379
20239
26294
8406
4839
12372
15968
23983
28186
20932
2103
8187
18697
22465
15651
2766
20743
13986
19247
13020
27528
4953
920
9276
13529
5970
12067
30060
22287
15263
15540
2966
19774
20307
15901
29713
26347
15659
10036
30507
8131
21620
808
18470
8077
6440
5141
30336
30301
24411
4309
1144
26890
13781
29978
18125
25059
25601
6073
29129
22942
32518
31561
30590
19601
23091
3309
6992
4133
22176
17774
24243
7303
22034
24717
11062
7840
21792
7831
24001
26184
28820
17465
5914
1206
23060
19606
30126
12091
2
407
7311
14897
27808
28290
11193
16430
8312
24783
3481
18813
27643
27447
15824
1998
3176
7949
27956
31276
4079
28625
10007
3376
17687
29955
23501
2932
14685
32309
29800
29259
2845
11620
21446
32431
4790
2952
26830
1659
9962
19306
13814
29147
131
11958
29192
26880
316
16721
9767
2584
25054
24300
27917
15229
2986
14042
14230
28204
8439
16926
14978
25722
31004
24521
26998
20738
5008
2947
9029
25058
18000
25191
29550
3111
11137
27156
3302
11141
4695
19968
25111
19020
30517
1808
32296
9623
18198
8550
895
16838
29227
5243
29572
9007
4549
24941
9128
32529
9590
27546
935
30921
11123
16237
6409
16201
6205
15224
21487
7877
29057
20419
8460
23215
4156
18276
23794
25574
20002
20560
3215
16171
8769
13681
32503
12244
28898
32505
15460
31428
4784
27893
26234
21914
22300
37
28112
22057
1535
1291
16557
30249
9345
21826
22287
32555
315
17169
16370
29395
19352
25408
5070
17217
14977
10538
28770
28624
1593
2324
25008
23043
14725
5309
23625
26300
7697
17974
11466
16303
18447
27892
167
18711
1313
28964
27687
8103
12921
24894
4528
12996
15934
32221
20037
20209
22578
14286
3917
11403
5523
21607
13718
22198
3135
11290
10649
32407
10523
14154
1280
3780
17844
23900
30053
4856
16679
14866
15453
18444
8255
19732
28853
26658
30942
18384
25851
1828
11422
28036
22336
4973
14007
14745
19997
20165
4388
16435
18164
21395
29953
32006
6520
31310
31288
1131
13424
13109
23132
19123
6072
10304
23253
30139
12168
15190
8766
27840
29944
13504
32011
6773
30660
13790
21871
5459
13645
17432
25213
8753
24801
24
21133
17684
316
23862
29921
21576
1871
27956
9864
16816
16960
5164
1667
3674
21681
14534
13607
7254
3909
17582
8898
21193
21600
2374
12673
18493
26927
23704
11921
26427
22505
654
26245
16668
18260
13925
22776
796
27530
26719
20339
16816
29693
952
23441
3610
6841
20700
96
2618
14569
18391
2827
28327
1181
26381
24246
14078
23498
25131
14250
26746
16530
15709
10674
9925
27334
10434
24004
2830
4778
12317
21220
29020
22776
4813
9798
12322
28711
22527
9907
28179
27372
29474
14125
2615
21506
3227
17622
19007
29479
17082
21518
17174
25447
30445
26844
12216
24220
31540
20111
10823
25142
13269
677
31580
4408
337
18155
29595
30595
1686
7910
906
4695
8054
15474
1443
16919
7000
8105
28327
2380
4142
28166
22582
15597
22951
17610
6557
2526
6309
2719
25327
29622
18161
1148
3671
12485
13102
12744
7084
1878
30987
13250
2630
4145
18877
17440
1296
612
6317
32502
5343
27715
109
986
19714
32174
29681
12870
9755
18322
4092
1342
31533
5298
8408
21042
23797
16296
12362
28453
12158
10790
12229
1039
17904
14722
4830
2944
28840
31858
28160
18055
12686
24084
28001
10194
2723
2609
14388
31254
6874
26306
5153
17842
32041
18099
23794
14735
7647
14824
9359
6986
31288
7806
3884
661
32303
22355
16321
25562
29843
19400
26810
11810
15709
5317
21744
54
15937
31486
31961
14595
16771
10869
31739
26435
14092
16192
31399
23642
3005
3981
24547
26238
2819
22243
24488
30235
32428
9899
14670
12918
249
16366
14916
16784
13556
14944
22788
18253
22787
7326
31814
24533
26558
18868
17012
6459
15102
26594
23903
12381
25910
9376
22064
5387
13575
31199
19873
31083
5902
22674
3181
28827
18945
23661
30724
24729
6394
27884
16260
19296
4114
28568
21733
13140
24370
28550
1651
7904
24358
24096
19586
32606
27891
20775
8029
32567
3947
25081
27007
31563
6910
4624
27142
11155
18387
22732
7012
16132
28184
15986
29272
28343
23702
10356
2333
19528
32136
15091
2785
20348
15789
29570
29560
26406
27036
24877
30546
4427
30040
7610
10154
16004
25124
27694
9985
1188
13976
8339
459
25755
15605
13561
32616
10138
31670
12219
32597
6008
7271
16131
13988
5717
13498
11664
25001
22909
9688
5303
15863
19342
1525
28584
24715
23006
18471
29683
15430
12567
5752
21323
27809
11556
4666
19081
6300
81
28314
8692
503
21933
6520
703
5285
29363
26230
17875
2686
7210
28751
8143
30516
16970
9323
20045
20616
14368
11440
10856
18109
31284
11162
17531
333
18536
32398
27946
5084
5923
31339
20391
16234
7087
22115
302
21452
30688
14601
10706
17757
18679
7082
10876
19185
7621
30689
25649
6154
6164
29542
1171
1871
15682
32295
31659
18745
14895
5786
32485
27408
7770
10321
15708
18966
21062
14543
10584
18178
19747
22170
31509
19887
19882
32401
20679
1302
6729
27520
4058
15226
3200
1010
27518
25314
27531
23110
13411
12748
23105
29445
21953
15392
23612
17779
9116
6243
13882
10852
24134
25901
11715
11601
3877
17117
27660
29611
8886
5515
2076
11887
25554
9022
31789
18939
15409
25183
2645
20512
24108
3182
21605
12408
15303
18676
11026
25338
28398
1209
22610
6347
30463
18742
26889
28503
28553
10317
14821
22945
9300
4152
19334
13271
9889
7104
8675
13610
18354
12975
13033
13277
7309
3719
10341
28571
28414
30580
31011
22029
16347
19840
7511
30124
16011
12806
25149
4820
22985
25961
8445
4890
19878
11525
23761
13024
21197
21862
3177
14631
21259
9400
4751
7588
18191
20863
10759
21781
8558
20873
18617
14293
27370
5408
15890
13998
29683
644
4263
20975
16238
17816
24347
1727
2742
18395
18499
9905
5856
25754
7817
19865
5956
11620
27278
27037
26936
21183
276
2447
31007
1305
12314
25978
30883
25089
18248
21882
19006
16791
32654
10961
17919
30785
1545
7992
15243
24736
11814
20083
21858
16835
3849
28200
16739
26010
4144
14321
17043
29613
10579
14768
4122
25613
22927
35
9614
7819
6596
20408
26740
6697
20028
24482
18180
4302
31629
19244
13357
6974
17088
11597
9433
18760
26802
6781
29298
2626
27835
27848
18085
31154
29326
5665
29798
25678
864
27896
25140
6439
27213
9999
27038
23329
12279
30345
20486
1702
31088
32068
15525
16283
20058
2664
20431
15251
2636
22080
16248
31811
32120
12361
7416
3639
139
21385
10251
8131
32725
21794
21276
1083
16810
24871
23747
30566
27656
14766
8844
13617
3449
11303
4346
14753
11579
28908
21707
15627
9887
10521
12670
16519
21423
28317
8467
16034
19219
10897
8466
21587
13622
9673
20686
30257
31908
1961
17643
1506
23991
14138
13342
23511
6514
21117
24884
6454
20397
12288
26198
22040
17522
7854
17803
32757
5288
22507
25214
31836
7662
22497
18818
25576
7626
4116
26579
26991
19459
10301
6430
16764
29771
16725
11844
7680
21281
28400
20828
4676
14838
23244
27383
29474
16015
18090
27815
1909
31146
24668
9410
7374
6372
7200
32611
21609
18394
2348
22706
15455
13455
21642
17509
2332
13070
28198
28295
788
17488
1062
31096
31922
1119
18553
32054
25745
17340
13491
3034
18415
20478
16408
24422
22879
12221
15350
5309
20413
21934
19001
6131
12647
3855
8761
9671
24490
12614
6102
1646
30331
19141
6343
26003
21608
23344
5167
27547
24270
22210
113
31789
22091
30957
29510
15858
20342
10816
13
20377
9166
32142
20578
19999
28401
2125
10993
4173
27663
6716
23692
15234
18333
6217
14204
5554
14670
32433
7445
14511
31295
20073
17806
2727
27505
27069
14863
8174
125
9271
13578
27134
17027
2498
23759
22461
32612
8463
3163
19198
31025
11576
7793
1865
10723
12963
28397
32223
28492
17194
1620
6905
13133
21880
9135
30801
25674
11190
6298
6371
20955
3432
11160
4597
16836
22673
29865
17749
20776
11806
26655
4322
30201
15745
941
5965
13491
29597
20929
1569
24138
4322
14099
32001
27232
27321
15998
31281
16828
23586
22288
28761
3320
10651
14429
27013
23417
23621
24856
23407
13989
22594
25572
4353
30031
12897
30311
19734
25462
2301
30368
2689
4656
25634
23163
32080
25569
24818
15779
14674
10416
11335
408
8662
24380
4250
13313
1718
28042
6948
12099
4756
26179
7234
10578
28260
11804
1822
9416
15914
5525
29836
30772
23301
15078
19762
24500
28269
18486
24300
19654
21177
25103
24943
26715
23780
23055
11820
31533
29584
31200
12151
12371
5963
31338
19176
26130
16402
31558
19201
247
13331
3702
3090
29986
15287
11348
28762
31205
22240
9161
24431
7054
22384
23231
21728
8064
1290
29401
16920
28297
11804
9825
18309
31087
18973
29058
2298
19404
4371
23479
8530
16668
11353
30083
31063
4117
25759
24163
1506
8247
28978
26369
12611
23971
19582
9130
29666
32560
12753
770
24615
29372
10337
15606
9624
25536
16273
11763
20289
4135
24688
29269
16729
24417
22658
22051
14882
28595
452
27897
23057
3537
11242
26181
30511
19118
10987
29110
16319
9107
11967
18418
28705
28783
18535
11144
8182
3182
16431
30245
27269
27852
8496
1546
30302
6636
7704
8125
8252
16036
13102
6143
19760
16859
10640
23039
10236
7767
24511
7629
19901
27856
31582
25361
11726
21577
26679
1021
8424
21664
18559
29824
31630
8035
14939
445
8104
29413
5795
9659
20846
11153
3301
17246
21383
32639
16557
24214
3698
6213
19459
9430
18214
32528
19254
22984
10485
3827
21976
31807
9910
24958
2314
14189
30499
27027
1786
29782
12416
12405
4009
8068
18302
26914
5874
30460
30046
19939
31688
29810
18777
31777
17599
10169
26944
17018
1485
5501
17760
5396
21330
28212
17320
7217
26199
12626
9742
4356
22035
4284
12334
23748
2740
10368
20532
11774
19804
24259
20221
30767
6505
32763
19321
4498
4857
27486
1364
25399
18093
25497
15061
24405
5806
22470
7686
12769
30958
14488
9493
24415
27313
11737
14842
17913
15691
16407
3418
13518
8235
19098
4267
3468
3096
18841
23450
9281
29627
22701
169
20846
23902
30085
5405
27230
18931
23260
28695
5045
3416
1960
25857
8780
31705
18068
32043
32316
4343
18865
29878
15417
29543
11880
32434
24866
31326
32180
5251
981
6156
31886
21641
16712
19814
24744
13312
14038
2857
15709
2084
30422
9244
15592
10905
11122
13461
31189
15627
23479
9022
3254
20498
1768
7961
8727
29016
2584
16066
11444
25853
1015
9461
2025
3642
10989
20047
7785
19269
18789
27737
26931
18549
21612
29122
23234
3751
20602
13292
2692
20704
30863
17835
13454
15668
23426
28489
24974
21734
25494
26573
19201
4048
31823
13180
20390
20229
19076
19361
3122
25270
10932
29578
27717
10066
27038
24275
18333
32241
27403
3303
24458
9203
13039
32195
20641
11748
1200
9213
19637
10659
3270
14341
12547
11204
18564
20652
19629
19506
8245
25826
27498
22041
26475
6852
30843
12035
14228
2006
19937
14657
22734
18060
973
13708
11517
1296
21592
26604
20762
28991
26484
985
26830
9716
6946
9120
18495
32138
7142
20233
28714
28060
24952
21815
4146
20495
25533
32207
887
15699
7157
21853
31595
23525
9782
6387
19681
18713
5913
1299
4967
32534
22963
3022
7894
23586
10695
13870
24359
12064
32313
13522
17032
27990
30662
25560
14767
30068
10227
17920
22127
978
17475
15117
14473
15354
6573
30063
15556
27494
21581
29472
8768
27019
28506
32204
6663
14614
24920
30260
29925
20085
22671
28372
25466
8089
7099
22979
31885
24826
25349
19932
32163
5084
15666
10011
31184
18897
21787
1609
27342
16768
11101
29660
22604
16548
6225
10777
2440
20312
10815
19067
29984
14481
13262
600
25382
29676
7871
25282
30066
23722
22235
28588
2620
23032
24874
10829
11498
23668
29542
6858
2342
21742
8111
7439
5172
2155
26752
29949
24706
25968
20706
28107
20353
15997
15584
2214
5556
3543
13882
32411
17671
9866
26974
6583
20833
30383
28307
10605
17276
16107
13176
5687
3573
25400
6317
22656
14495
14568
6096
22210
22045
30183
1451
28396
30640
9536
17579
12038
4941
17634
31636
279
4083
28837
9332
20039
27707
16008
2006
23873
13105
12348
30775
28635
13154
24039
25022
25593
11318
15906
551
23470
25984
12099
23809
12453
25940
9698
16409
14016
14361
9366
27702
4606
32478
24832
13830
9122
14322
14859
13145
21138
30126
25457
18573
13053
30614
27266
10825
20800
22945
30753
10095
9227
19924
29711
20299
27071
5141
28012
18449
29979
9279
27770
27014
11544
15986
4517
28669
17425
21933
9664
23429
27175
2206
32658
20321
32484
7352
25233
1464
1567
12167
15085
11150
25631
4672
23248
14579
9475
925
7397
6522
21344
15335
4119
14573
8749
32596
4251
18495
28124
10900
29232
20162
22730
28071
8101
23450
1753
10481
21404
27506
15451
8336
20111
22126
25651
31213
11792
23136
16694
14225
18773
5438
20184
10043
14067
980
5380
30255
24554
22710
29515
24528
17378
16249
10049
10865
21172
24610
4644
26217
32556
14047
447
9061
28430
5109
142
4099
27734
22522
28963
14236
31684
16452
30920
21088
15512
22433
32102
23465
30107
24392
15014
25225
29534
17424
12885
18597
7110
29664
31757
25415
23240
10087
14354
12974
19570
29709
10618
9129
18475
14889
15249
3940
12603
17268
30331
28033
12430
9662
10011
27754
15284
15839
15924
25574
3373
22257
10958
21995
29156
20924
13276
29108
4089
24690
5403
19730
2755
10909
25405
18439
10262
27989
31559
20113
23233
27574
312
27844
22107
17297
12779
26907
4160
31330
3134
22800
20950
22146
5492
25578
16405
22686
15576
10199
31814
26984
8867
30010
16906
3980
17952
21574
9887
16870
24334
2252
23903
10738
26182
2129
9609
27268
4510
5732
17732
16057
18188
31535
13793
1325
19215
2123
25953
2926
11850
24537
12599
11697
15986
12750
32335
7876
32363
25486
4686
27716
27054
21949
4636
4880
1774
15441
18848
14333
3579
15596
8394
22732
9446
18282
25047
2393
30822
23733
13520
4372
13178
14305
29780
31925
6736
3445
16280
30764
19558
21766
28076
1239
29167
20747
17920
24568
22648
18668
8742
11622
17099
10588
23769
14979
28692
32489
12863
28013
7746
32465
30059
13433
2992
4632
16166
2525
15365
5847
31215
24492
1113
19415
28480
2056
8857
6750
14867
28051
25644
12873
17061
12326
8150
11355
10106
31174
1757
9941
14241
8147
4459
4167
25145
25731
2612
5285
16180
27791
32088
24733
5467
15660
3723
12072
402
22077
31347
21856
9054
15559
18257
16529
29348
2469
26852
6802
8884
20605
23435
2134
13957
29426
31401
14014
10818
13339
5709
10673
22022
8244
3091
367
28133
7316
26437
10786
17195
13279
19526
10679
10984
29309
13105
32747
11692
26443
13757
19625
25743
7312
29796
12435
10100
7474
22212
7135
28815
23082
11077
32612
6437
1077
27132
5108
21395
11724
7887
11245
1682
18775
16090
17163
28089
22430
27922
16512
9028
23168
29224
8007
30483
24551
27569
28853
14070
14587
30339
27985
19495
12694
22626
2021
21016
23544
27868
14037
2671
17597
22897
26544
21071
8972
19703
20741
31962
22800
20029
5752
14068
22700
24047
29460
22601
16490
28601
24035
17809
17589
32431
23740
18451
14665
16621
31069
32359
20199
15994
3258
19073
22861
20339
21652
24811
12645
17765
1868
23890
1981
17402
23034
68
15159
3288
11450
31288
2050
17094
20806
26575
8904
26640
8138
25433
5161
7213
19955
20379
26729
23712
15433
16336
1893
19740
11712
8429
18636
19179
7561
2089
6283
20369
10030
19133
16265
26284
13534
17128
9365
15134
26630
26167
6557
32622
28705
4355
2336
13676
17360
11067
6117
6420
28717
2660
3822
12981
29276
13533
8616
21587
20324
27240
25700
1609
24125
5606
1802
10034
30763
3170
10252
17162
842
15697
21402
26001
2921
14360
789
27632
23835
10959
12485
6559
22284
15941
21454
29830
26002
29508
22624
11363
23684
25878
26671
4459
9039
5447
5923
24116
26438
9389
18512
22738
18490
7590
24360
3905
13131
13217
4335
13059
24573
7136
27248
22537
9103
25468
24047
6871
3720
26281
27998
29156
2194
19771
17620
11839
24203
12393
22842
28536
30426
19921
24392
3774
8191
27581
11952
17733
11630
21157
26008
4587
22174
32757
24654
8730
3165
30223
22839
16880
14438
19860
17673
6045
6965
27616
16186
11789
15386
723
6841
4808
8077
15831
27355
2838
14273
16414
6296
9318
17276
22572
22519
9200
3877
3222
4551
6554
19487
26121
5520
6680
29269
6797
10185
25688
24598
32267
16459
30237
11300
23565
3334
21482
24071
7878
3315
2081
167
26450
22345
7532
17178
31551
25332
6236
7099
11083
25155
13392
8572
5999
1761
26521
3965
29725
16902
29403
9949
13511
21742
32694
25296
16288
17803
4774
13041
3750
2935
21544
12250
25056
2348
29983
32242
26340
9591
12917
21127
31133
6442
15365
20253
25163
17682
697
9989
13515
9256
12783
17201
13593
11787
22562
22598
25875
15790
710
8947
8064
20558
20851
16002
25680
12456
17478
18860
14885
25192
18821
19890
18707
25060
20097
7081
4772
3082
22465
5141
27424
17047
25692
3258
6155
8331
8359
18607
14318
21209
11280
14004
22363
26978
30282
27077
22315
13348
30635
32752
2058
175
18642
27491
7990
19417
23948
20937
26755
15283
26361
30167
22947
30140
8426
24353
27300
9556
3726
13363
22458
18035
27214
31453
12351
2202
19701
13006
22264
24074
20500
32356
22426
2869
12197
19907
13708
19058
12014
16421
6127
22516
17576
12145
30428
31229
21089
6670
11756
22863
27423
24313
6142
15844
27974
21
6196
990
29627
24259
13375
23745
25162
9907
9181
12512
4421
23290
31135
13589
23662
14692
18672
2229
6423
26635
27987
28611
14216
8488
22252
32100
5025
20778
66
17043
14529
23301
28995
21782
7398
30413
29577
17073
5909
24195
23515
17561
5372
15663
3319
18219
21462
5166
6030
6622
8335
2766
7057
23415
25384
23576
20139
30332
31070
22253
19471
16874
9350
9301
4467
6698
3772
18451
19804
1602
11068
3965
25245
15689
30224
25226
17690
8221
22252
11053
5074
31576
11094
18145
5149
9599
15369
13957
29233
19837
8604
107
27371
3408
23647
30892
17101
5379
9094
25534
11843
476
12169
10056
3882
13782
970
32052
11154
17233
31609
23814
16835
16649
7604
3949
7551
6725
31987
8216
4743
12113
9636
8651
97
23085
24594
30898
17239
11143
18827
7925
14019
29671
2242
6028
11402
27946
8562
853
32231
6193
11076
3172
6506
8922
28659
7066
12864
27183
13486
3193
29876
27870
12990
21302
25590
16874
872
18704
17691
26527
789
4833
15206
32459
28592
22003
31174
17963
18000
12052
11679
27172
9239
8173
1741
31923
11866
26255
231
10663
17921
29519
20928
31502
2609
28884
8500
16877
28201
4718
28193
30516
26218
7337
17587
10480
28955
23587
10725
18371
32171
32410
24644
26769
30648
585
27126
20093
31024
12149
27644
20756
26550
20547
22196
29383
327
6860
30626
15263
7197
371
22639
11308
7635
23927
3890
23743
28107
10180
25583
7385
26317
13327
28509
9954
3056
8737
5869
15390
1214
31091
2567
15582
9363
8956
9367
4339
326
13639
23240
29800
23819
18120
4623
31857
26520
14960
2924
26782
6791
14975
17133
5204
13564
21914
26739
7294
6791
29213
21944
3456
6476
2994
9617
11628
23393
28451
20593
13945
1911
26732
29231
5553
21693
5909
7433
489
5633
23742
24040
32502
24
6652
21990
8478
12161
11619
3341
9421
12613
26852
25185
11913
4897
29018
15649
18216
16103
15455
25419
26689
9506
8292
6494
11488
31481
11009
28515
31358
3926
12681
24366
13872
31559
20450
8162
23070
12708
18835
21171
32567
12786
287
27888
12067
25223
31122
832
4729
21999
5721
23084
20275
32655
3414
24541
11103
7048
16180
29479
18455
19934
27128
7111
2226
15578
27097
6121
31292
10924
31826
25326
20260
21077
14709
6507
17205
3012
14210
24181
31687
31551
3256
9756
14391
20485
9067
2357
26260
22066
5207
1629
28827
24546
31540
21562
21734
18841
31115
10500
24672
7651
23495
6980
7164
7223
5263
32732
17063
10017
595
26952
21371
23969
13093
11299
5173
25550
6859
3309
6121
7870
28434
31499
7668
26538
7781
32015
23859
31310
5277
12858
3954
8847
16923
3391
20775
28000
6420
11338
10593
24806
29997
29249
19963
32730
8520
17738
30741
7216
28573
5773
23748
15606
6156
5947
7689
7038
20657
16079
18432
31679
21690
1684
11866
25593
19829
32359
15885
30616
20909
7870
5962
31067
28471
31721
944
14517
29384
16024
7359
28276
25098
1438
13967
19616
23534
5364
25282
17830
21315
30209
8119
20149
22408
27928
2048
8553
24574
26691
5655
16551
19714
19263
20556
17608
5018
15559
28930
13049
18254
22806
24347
25569
30265
28071
2737
15749
2911
8767
519
17513
11073
13101
21183
18424
16047
8400
2893
11814
8158
30811
28843
8788
7610
6613
15438
11124
18813
8036
30298
28013
17025
18890
16402
6593
29778
5680
8850
21357
31496
24867
13760
2577
8660
15068
13184
4176
12248
20676
19239
29050
30524
4151
18739
19048
23166
26248
26425
10664
15369
16966
22558
15067
3082
14782
25738
16730
26751
31425
11162
9760
912
26536
23509
7396
17443
1428
30818
9349
21675
8187
32376
26283
5184
17760
32533
15020
7669
353
243
20396
23142
30711
16056
16905
20368
17914
5484
8182
8934
19171
14129
8549
417
16342
30254
5931
25431
16352
15309
21854
23247
9597
38
7426
26900
24925
21947
18661
1736
11879
23909
16840
22459
18175
13966
32191
15548
32644
16289
3803
14255
27165
15039
1285
21984
26550
10932
10029
5271
19013
31785
18341
29677
27730
20250
14279
11229
25014
29835
7902
14238
9635
29815
14404
11056
27108
12298
15559
1846
27494
29712
31569
32515
28664
4012
25801
25847
20815
17229
3892
12556
14669
7134
29728
21932
29571
3645
28226
22214
30708
26351
14942
22304
4891
25106
32615
4079
20272
32658
8680
26277
680
26528
26274
5386
10235
29536
10358
6030
25257
11746
9606
21981
21887
24916
10136
14773
11798
1142
3003
10228
2462
7246
27948
4086
5849
26140
30586
1309
6506
23952
9193
5809
12880
29499
26132
23019
4526
1860
3031
23116
30157
31836
21612
25651
7011
30451
724
23983
790
7340
28537
8594
12348
26639
23825
4295
17637
25727
5317
19941
7963
26219
3475
22275
23400
5064
8945
29135
24729
20670
7859
7642
22722
25761
6702
310
15234
27428
31390
835
19848
26057
3269
2502
14678
412
981
3131
9541
25889
24464
29037
27338
6795
32174
27459
21239
27182
23167
17629
31813
14647
17617
22239
19856
16539
2324
5645
6755
12365
22460
28697
23670
4788
27367
27320
9845
1116
12096
14587
13315
5100
29731
15069
15103
24152
26370
6937
25094
15191
24071
32574
57
3608
13818
32260
2624
3632
18278
20449
20623
7384
14071
28120
29415
31317
9511
4754
11552
28599
281
20911
24871
16582
709
14686
579
31290
4182
12843
17820
28714
4816
4377
15357
199
32246
4081
14553
28490
3947
8153
10892
27435
2327
18984
18404
6036
27340
4985
14048
10005
28458
5375
4279
24473
20416
16408
26396
6809
5235
36
11969
5519
29220
11927
13082
9902
31885
3405
30563
10704
12140
15134
10468
14768
4836
22195
1652
2393
32544
17303
24892
29150
17209
17809
6845
2124
13146
26162
17429
20445
25122
22698
17021
23662
2377
20448
7447
31027
25991
31425
22503
10154
2481
6871
30
2765
27942
26910
19871
4748
14697
15636
32188
31610
6927
10768
19264
30407
6620
1748
10163
3694
15401
4965
6617
6575
31112
12571
25980
21952
16555
24820
24683
30400
5250
31789
6339
17644
1188
23316
12397
6677
1264
24088
4584
21330
26740
3362
25161
2802
910
16680
21632
11956
14672
3071
16860
17979
30761
21104
11218
32188
27074
19599
2810
18682
23079
24648
3930
12916
6695
2619
13799
10972
24829
18634
22345
27852
28976
15727
5087
18613
1207
30803
16643
27928
17505
8733
15247
32504
20084
30728
17311
5775
4244
20025
17817
29760
30951
3151
13419
461
17015
22587
22804
29642
24792
25426
15206
8017
20234
3488
2058
22520
17824
21376
6084
27136
7202
14698
31736
1231
22961
10763
13422
10656
14569
31387
29266
29306
8972
2411
3199
17758
26204
10941
2301
18373
11208
22489
24519
9802
28619
21597
23250
1187
658
15829
14156
10709
21341
14731
27681
15528
2855
13473
14788
9305
14985
27228
26412
24976
7900
9411
20509
29585
17054
27497
10408
7606
32022
5255
6645
8477
5435
27725
7232
16030
3027
26234
12834
5376
20696
3627
26898
12140
26655
10224
17195
22561
16700
14885
28208
874
18080
28544
27597
26317
26628
2022
3871
4230
9227
19331
29559
4916
21794
13337
20571
6609
17835
16536
20174
30695
20316
9968
17362
2561
2529
22563
29738
31328
19657
2718
17764
15856
2207
16073
23
23931
15191
29149
1898
24347
1005
29430
10709
25589
6472
3689
28460
20004
10340
855
2009
756
23984
30594
16744
7505
7605
23904
9290
9343
12537
110
7890
6923
26403
11207
24964
31233
30047
7925
20623
27743
5124
17671
11928
24266
8053
25059
25785
14208
16453
10718
3018
19086
24222
30602
6879
24131
25827
5071
24337
21476
5524
17470
8322
18593
30834
5025
6299
17096
8932
2263
7576
16185
24474
16351
10055
13082
31088
6450
4364
21963
11669
29526
15657
18204
2284
8880
32060
26046
13490
7066
25609
27128
30306
693
25722
6299
26325
6016
25060
8760
9390
11562
5516
656
1525
9637
28010
29772
3330
8956
18477
19695
9373
25318
12927
21768
26467
30875
2441
28844
30316
22758
9914
11299
9002
27772
30916
226
28820
7308
11752
26297
12164
3479
21364
1358
14942
31874
3722
6602
5107
29162
21026
25810
28069
16311
13906
13497
22731
31988
21710
24564
10071
29662
20139
17358
16310
13882
24424
7005
26615
19436
8494
17076
19504
12230
26199
14938
17437
3742
19502
32507
7179
31907
27381
2398
25844
5361
18221
2711
4076
14178
26641
14462
22715
22695
14180
15967
17356
6296
3692
9715
13126
4809
5183
19599
22392
7518
20797
14492
32378
27168
7134
25415
1809
15824
17070
19065
31444
12731
6037
24330
5005
13198
16476
9010
12258
14188
28781
3392
31541
20542
28634
654
19656
8778
5025
32436
549
25608
2863
15100
22717
24880
10018
27158
2767
13336
32083
23565
13195
10557
3604
7802
15992
287
20150
27896
26131
1107
15695
1495
1465
7635
25017
14101
17094
28568
24542
14217
20735
5483
32563
8290
22061
2552
19331
6864
12555
25124
13038
5633
10082
21152
17713
6479
16243
13246
30760
1720
18581
30596
5521
24974
22303
17920
13842
28015
14216
13274
28030
14712
7373
18224
3156
27574
3603
16029
6792
24797
22414
20123
28550
29757
673
18700
2933
1009
6471
25363
5560
1370
14513
3368
9403
15820
14129
4460
13036
29574
24918
27705
25863
10984
4697
4862
1431
17376
11191
7498
22970
2982
12320
1062
13092
5801
1424
27560
25446
30409
8892
10949
29808
8646
11183
1383
19029
7160
16821
19647
4687
15169
2680
23005
8963
5697
12905
5758
12806
29640
28257
2085
671
20113
16520
4461
29135
16685
1143
23965
910
28221
1689
10877
21848
14564
10967
25704
6632
24956
26228
18595
580
23176
4405
493
14329
27114
20934
29527
19624
27223
10585
9558
17089
16647
25232
2327
5007
23473
26525
1554
22133
19126
17320
1506
28023
19357
21360
29268
23291
22463
26934
22974
9425
2883
26583
11666
26738
30797
6456
20274
1157
14963
17382
24326
31656
24177
17406
461
29804
29213
11083
4144
31393
20637
11439
25757
26069
32471
22212
15186
2327
11305
25026
22712
4097
11098
5284
27123
11509
30673
1414
21431
31910
6917
14674
25437
17114
1589
26267
5686
25711
13401
24521
27423
17052
10328
26743
29269
23418
7035
31257
3979
21443
28706
15330
8762
19929
15542
12773
2105
12810
734
26490
11917
19474
26358
6371
9346
25057
31677
8239
25851
10143
30285
10591
18950
13550
24145
29128
24243
24431
3698
5816
807
7815
6418
14172
5868
23651
25917
28129
7563
22585
6108
25562
4445
32209
7468
1506
22686
22085
26223
6786
4291
30213
12258
16469
9229
3101
25326
5993
23903
30395
26786
6633
28237
235
97
26617
7029
11686
28376
2786
786
13323
6451
29551
12750
4332
24721
14231
31192
20876
20917
21339
16439
31655
31998
28914
13406
14003
2713
31780
9728
6758
24309
1268
27941
18040
25463
13697
6270
10154
18288
24366
22005
3591
19788
25345
18825
30826
30732
31049
18009
14656
11510
7300
7678
22671
7562
7039
31262
22328
3513
5823
29758
14201
19026
27936
24536
28341
25533
23484
31406
9336
235
21774
30557
25270
24205
21336
5685
6995
20100
10817
16456
9960
19353
7107
22721
8389
30063
13380
14456
17458
2229
12803
1987
12027
10144
31670
27278
11563
1689
27250
12974
29207
20787
27338
3186
25246
23391
14651
22907
21680
29411
15816
11726
26637
25864
19169
9000
23631
3219
17289
30354
2091
31735
27832
9268
22004
6089
28158
30062
26976
13684
17770
13605
21135
4654
12970
32347
29257
13867
23923
22787
29576
6160
15140
6419
32310
5290
30630
13274
1847
3808
26006
32660
25002
19430
14758
4412
30060
24500
5440
11425
16094
15799
9325
31420
31721
16838
21238
31297
10815
17751
23753
24180
15075
5363
15773
20542
7915
23015
17369
17792
4485
19517
19122
25255
17208
16618
24468
6785
19052
26697
22212
79
32045
20680
4931
27
6188
482
1525
29003
22278
17229
10242
14199
25033
25716
29821
25976
13237
6183
9540
5825
24383
14481
14119
29427
21340
1899
31052
4011
1531
15984
11217
9374
10195
1041
29108
17897
17760
6249
6640
6306
31016
20083
1001
13747
4931
9595
8970
12008
23066
5842
26029
27206
18543
27590
827
18335
27806
12241
30100
17507
19746
4881
8625
4537
30298
20728
29576
20686
5517
28485
28975
26989
17709
26931
2373
11985
28248
6896
8334
18103
25508
336
8925
1719
6428
8643
6967
15315
7558
11909
5941
4177
14568
15124
22954
966
21578
5351
8326
10612
3772
5213
506
8405
9115
31220
9437
31864
1553
11195
22607
2828
21979
26378
20124
14011
4431
14960
32611
28345
10397
23533
29943
20252
22101
12129
2309
31470
24873
4421
21623
23680
10997
14745
22169
16386
12540
19229
6010
31825
24948
25284
18838
7696
27206
15206
11953
18682
25871
14773
17414
17270
1130
29810
31137
24684
9841
3297
30986
15192
28801
27514
16163
31389
22590
13537
3411
3099
15831
2840
30180
4099
31628
28404
1962
26090
3693
21965
23782
4125
15460
18298
4457
24885
23413
6268
25597
10219
7749
5242
1792
19757
2521
11502
25682
6257
30881
29
22642
3657
20149
19532
10467
7479
17246
9009
14805
3267
25560
29096
18177
25292
13142
12199
9173
13084
3143
19572
18129
3391
9944
11029
9265
31892
26810
17161
7116
20132
25125
14645
32316
5043
7197
1313
27967
3477
7156
30308
7005
195
16400
11869
11979
7086
23022
25124
19344
26707
10599
30912
2278
31760
7474
22939
21987
22966
31915
32563
4440
14815
24274
8721
22778
11650
4759
4095
21439
20164
23637
886
31627
29713
11420
3926
10764
6508
13363
29401
27874
29699
31069
27082
25860
25607
21084
19698
13663
14522
26932
5844
17600
31434
11441
8346
22259
12509
21163
11086
16685
21101
20361
2381
15783
23766
26372
31737
8844
16045
14894
6575
21
3412
30386
20473
27122
14539
2909
22020
28653
12745
1501
9044
2506
13836
32201
16054
31345
14061
12514
31094
28239
3639
13465
27347
22777
30009
24785
16304
22034
29210
22501
12940
4464
12141
20461
16308
31354
29189
317
27063
18132
8459
24111
8731
2111
5197
30755
10830
22970
7385
13763
223
26605
31691
16012
12014
22728
15203
16266
2530
22120
7771
28002
15706
16698
6519
26518
12645
19810
2909
24837
8437
3934
9895
12721
29841
15334
16951
13765
13643
7959
970
7639
11250
3793
6352
5226
136
23646
29052
23735
28150
2388
12823
20141
24063
17340
20121
21558
371
28019
1146
19388
14501
13009
9926
29676
24606
29833
28784
17593
21907
2256
20712
22948
18709
6082
26351
20795
11912
5889
7595
17888
25430
10399
8182
17356
23653
24894
5628
24660
28742
14709
24837
22122
4527
11894
18831
19558
3627
21998
21408
9991
9488
26925
11610
3508
2737
2951
27600
1032
11222
20474
2584
15502
17769
16913
24226
2249
9330
30215
31431
2680
8774
25648
10405
2583
12538
5013
31531
5801
3102
22494
9328
21173
25000
9846
1609
4751
1839
18153
12570
12248
3930
25233
17644
13896
21399
14193
26816
19883
17936
29281
19491
1322
8155
29804
26371
25548
16240
1910
27585
25149
19297
17953
8071
12749
27973
15090
3292
29883
14581
31408
17526
19380
5116
15885
8271
23703
12616
16009
15611
13947
29990
23186
7480
14067
21869
17648
11207
21649
2552
17248
3962
29352
8538
16511
1423
8790
19918
13546
13884
29890
32365
11172
14219
17059
6308
26040
12904
3330
26084
24863
24056
23360
2459
18147
17709
14938
4964
1157
2712
16748
378
5277
7806
16244
18291
15040
6957
30297
11563
13990
15248
1836
6654
12940
8194
29613
8250
28888
21856
22801
23763
31996
21090
18434
32601
25500
24363
24040
3624
13811
6942
871
15071
23667
5364
29736
23315
31915
10507
29661
22852
30318
6657
21631
12815
15410
6018
12762
20902
2742
10078
1612
25982
17384
9439
31946
30279
28933
19033
9251
24097
12290
30978
26505
28429
4139
13060
28749
23969
8714
31697
21738
17409
16010
4791
14661
20746
18780
15284
17459
30672
29338
2699
3644
13131
15274
25623
28063
12877
17254
10720
17301
32695
7545
17388
11994
31469
14604
31960
18282
13447
6819
25639
18312
842
27969
10969
17925
25942
11987
11839
26047
416
31691
9487
7784
23971
15884
8884
649
6995
17158
25831
9926
21331
32034
8067
3683
24423
29792
14997
16647
10540
10814
14003
28096
20743
29917
11152
16200
16731
5471
5325
17799
511
3475
24849
6232
24559
30932
30555
6032
15681
27694
9879
27709
7515
8643
13168
12075
16740
29549
30822
22701
26872
26789
19488
23961
2848
23460
8707
7573
7041
31175
6403
1681
12243
9016
27833
4501
6549
28107
31926
31933
18431
20262
24088
26242
1593
12837
11099
11834
27082
31613
1649
15842
1363
16799
276
8476
13181
15327
24411
3444
3632
11477
26763
16359
26118
19459
14896
21414
19967
29369
20845
30231
3958
4150
16017
7197
6739
10512
14058
7321
17795
26070
30942
21553
29605
29939
13879
13904
28678
17365
30911
28525
6096
21327
13581
31889
9086
11068
32670
23571
9363
12646
6184
15270
2956
26534
16170
18327
18963
21836
2504
32591
25973
8128
10198
13087
3414
5738
20531
3901
2724
13776
18264
22537
6857
26110
13360
15253
2853
30763
14123
23653
10427
10137
30606
31091
22570
8637
6925
22390
27104
22944
23451
20324
32394
10885
12161
9782
4046
3532
14253
4587
28989
26646
26701
4047
23939
12714
8093
28669
25569
32280
7933
14883
18910
10012
6727
20357
13625
7876
20831
28229
12833
11477
26636
31201
27048
7020
28678
11517
7286
5857
22864
6243
13754
17648
15559
4936
2663
22299
13564
209
6300
7242
14655
3797
23395
21941
12028
20965
1695
21251
9547
25225
16192
6579
28354
24525
9145
7100
3469
31484
14516
16752
9665
28844
3588
19110
27118
4858
12251
19224
13812
18711
14397
17930
19479
10244
5300
11565
26709
2201
21574
18114
7670
16076
4516
16130
13158
22064
19876
26814
28736
30652
19953
28995
4523
23758
21505
2944
22761
29551
16456
22123
26669
6105
30124
672
25005
1847
4408
31563
31993
28587
18964
5705
1675
16789
3509
3978
32159
9747
11345
21434
17477
16068
10646
24096
5556
4818
1435
11718
14049
19759
4631
5594
5456
12318
10193
27988
18474
25078
20567
25049
10129
30498
14323
29151
28208
23917
31707
21011
6422
3197
10408
16887
31172
8092
32009
5072
11908
15551
17593
27583
29949
27840
24494
31278
2821
18671
18836
13677
4534
8649
13689
22173
9924
775
4554
7630
10253
14555
2174
8548
21874
14966
20369
11455
17638
7629
23988
29211
23748
30877
22339
5044
18534
21164
18295
18478
6899
3411
31197
7733
5240
25657
2054
9057
15675
27489
28544
29276
19276
11879
17414
27718
1628
21766
20980
8536
7634
28894
17662
11464
9500
22644
10016
2029
10819
13179
19416
6308
6851
7250
31636
32498
27289
31437
29542
26091
12701
31800
3327
23506
13074
19609
8923
30081
892
30006
1209
16651
16561
1111
4174
19361
4147
25165
16954
16050
22461
30643
21307
22614
25628
2292
13729
17133
29248
27406
1794
4099
20115
30101
18990
23160
32394
22010
32101
21469
10361
10253
24776
16672
11691
30657
270
10860
10930
4143
23160
16971
20988
15326
10247
18446
21671
23106
13036
26990
19862
28290
13888
26483
25285
2943
10997
661
4313
16657
4109
29218
21756
28307
777
27359
10471
7843
15525
30962
1344
20515
17858
12543
24103
20611
30884
31890
19980
2883
8797
1469
25283
29363
22665
1538
16602
26110
22332
31858
4394
14438
31545
3863
27820
15825
11365
7056
14990
133
19579
15099
13446
1072
32256
15640
1383
14891
22394
24234
13810
2815
22237
16161
23534
6441
10566
22903
16251
8474
6891
1112
27299
6786
17234
15749
22322
32462
16834
17530
11975
22767
7672
18511
20780
606
8474
11484
5347
12637
15089
11040
30209
15487
18258
20708
10048
14186
18397
9115
14671
19676
26091
27277
19564
31212
20673
25652
53
3731
19466
27366
5563
5994
644
19637
30681
5301
28921
23188
7620
8865
32113
29371
31714
30410
3750
2636
30432
22272
14264
31286
3327
27979
19490
4953
10670
7468
28653
15852
22366
15910
30755
10268
17298
24445
12167
18422
18741
31038
21379
13447
30001
11903
23906
6722
14653
1256
27583
20130
16630
13683
24637
18192
7474
31343
1401
30470
14737
32459
20797
22901
20565
21137
5879
10596
20595
2225
15977
3546
27113
25088
21153
15615
13395
10624
32044
23166
9145
9698
16775
5421
16300
17481
3286
18416
20625
24657
28120
8667
30524
19792
2331
6550
25281
1244
7532
12294
6278
7821
11410
17961
669
29955
7228
2626
14417
7211
25399
16439
13567
3263
5860
26935
28968
10508
27882
3743
4547
32504
1320
13343
8664
27459
4078
13593
2634
525
9324
4425
15349
24729
23402
27819
16376
19536
570
18073
8788
17161
31211
11316
27319
24711
5824
27142
6034
15683
5088
230
20337
10860
28495
25115
15500
28461
16925
14020
18073
27438
26846
13943
7909
16989
4186
20776
21155
30190
31365
12364
22404
3744
4017
21311
18056
15427
4098
19171
14611
3703
31010
22667
31811
10934
29751
29719
3713
9109
24594
32096
6998
21830
19369
7382
27008
27490
29896
5991
28486
29669
7939
6563
264
9083
22255
15902
19994
12026
30098
21270
8147
24111
30743
9046
3808
15325
32710
18010
8926
1795
3636
15284
4137
18782
20919
21935
2030
14127
5661
14129
20104
15422
11678
26854
3081
23071
26126
18842
2838
15284
24152
24039
23033
8691
20519
17169
497
3561
8678
18734
18636
19455
21739
30858
12472
17533
9199
1609
10839
13644
26050
31822
11537
14592
2108
6236
10670
16150
14199
9851
2852
22905
1339
23198
14765
843
9402
28034
21533
17635
3710
217
4979
22802
8351
3752
3246
14251
3897
26606
17634
10562
14621
1670
19338
18483
13511
13902
20256
4839
10641
22921
24555
29522
18726
19586
21785
24512
32056
11379
2061
30930
7542
1444
23034
18627
16824
11479
14257
2032
1149
18404
4023
2712
18840
18849
28315
15328
23846
25860
13702
18970
32451
15244
7956
26694
11518
19164
1634
18649
17674
23978
9321
13758
19126
983
14218
27035
27806
21983
18793
3669
6307
1908
1791
1238
13466
3430
24299
23054
20289
23238
23049
3383
23927
31051
25158
2910
22444
244
27571
1055
19350
13039
13272
31664
13861
15290
2890
15905
14778
24712
23936
6113
1172
7142
27362
30597
31626
28062
26915
23749
32000
25052
32209
14535
20500
5007
18218
9121
5144
11794
26418
2841
17477
12812
17666
16046
9133
405
30819
31965
9586
30618
5019
26013
9526
3714
16263
30252
978
23057
24042
29197
31819
22669
9733
23890
17666
24352
28520
27671
20778
9598
7943
2895
18047
13511
27280
26307
31541
15791
26108
4183
4143
6620
3941
11407
31602
31888
19735
18515
5849
5767
4585
15343
1802
12579
7118
16222
3752
1222
167
5064
8651
20095
32091
26185
19885
26858
15146
20468
18598
27729
32574
5912
15962
6679
30851
5569
11313
5975
8121
27010
25095
15048
24008
20594
31525
29156
27731
22389
25456
329
9359
15805
15585
9311
12374
12688
14645
20539
20855
19019
15334
7619
13137
25511
22617
7955
31392
15931
89
9248
1942
2370
30404
12955
7726
14751
23172
13593
26813
21022
24001
9584
2249
253
32085
13924
10783
13995
19585
16515
19488
6607
10462
30285
13660
31884
27286
9112
17762
14083
25811
31795
6357
2842
19064
15818
13251
30076
19216
10505
9779
4066
31747
5636
24317
26768
25104
10199
8415
29474
12023
25481
19916
30344
1910
11831
31879
7248
25975
30318
3185
1315
27272
3288
11168
1683
13963
28699
816
30228
5807
4094
32222
9543
8351
19406
23762
29567
3577
12288
3773
6270
27649
14103
32036
3199
29591
4552
17404
12666
7526
14940
1910
8611
18015
22359
23580
18227
30822
12631
29981
8556
11082
16446
3301
23255
4603
5011
15345
5329
18423
6694
12770
3141
29446
3315
1232
31675
11559
329
2784
24210
19146
26156
29209
31113
20799
28919
2675
19589
12655
15686
30257
20878
6858
9234
13425
11546
31360
3614
14850
13198
31476
17810
3189
26626
5998
2790
4983
22596
6159
28930
5214
31264
2571
17572
3073
28127
2066
769
23245
18958
26383
9135
30485
21633
6933
14786
6570
19607
26774
12342
6316
10942
13783
9613
25759
31034
4256
10936
23489
10787
15416
26939
26523
3757
23441
29837
6359
21421
3007
19133
13649
10072
686
18523
27761
27725
1557
5014
9655
7638
20134
17058
7575
18794
11144
16733
17544
16759
31238
14897
5208
27999
17801
1596
20418
23232
9155
26798
24642
29689
8494
6515
17960
32746
20917
25363
20204
20219
22960
22486
1473
14687
790
25131
4716
21146
13038
13386
31319
30272
21255
23321
30689
4608
1001
30796
23545
20706
11019
26577
11755
3021
12615
21611
32121
9036
1418
32669
6958
9873
14288
16585
10991
27579
16464
32665
17619
32084
18163
11678
6197
286
32523
823
17671
31759
27458
949
24424
6042
7632
3260
20857
19504
18674
29932
3949
5383
13207
32193
20960
4378
26204
7352
19050
13681
9402
24500
1651
29858
1662
28831
29769
32664
17786
31828
15983
915
4987
189
28985
2416
3195
17976
7829
23083
6423
2112
29740
3234
21827
4425
30634
8347
20284
19947
23897
19209
12990
6979
11509
22411
13432
21655
10428
17206
20925
25656
10948
29844
14460
23469
27793
13548
27506
22285
27879
20164
30366
12205
26589
30117
18421
16891
5427
23326
88
19114
8421
5387
20675
7952
4608
14616
14279
17612
5045
20864
13114
11435
21676
3867
14893
5325
28827
23703
4894
22019
6166
14085
23151
8316
27305
28568
19735
27553
14116
15018
11160
7485
5686
12288
18737
11233
4925
8271
6996
16519
22365
25599
23898
7029
2767
1838
7286
16484
24700
30456
16359
11746
32715
5110
24946
9205
16567
19972
2576
15873
28196
11592
9956
25579
627
27760
19055
22143
4692
2106
3591
23311
23003
26682
10117
19037
8151
1240
1855
1724
25439
11928
4662
7537
1965
23198
19600
5983
29232
6257
2120
15588
20188
5375
27684
20734
28357
20193
26343
1970
29932
24545
25288
15278
17752
32697
19748
10029
27241
9246
18032
9243
25706
25085
3697
14201
5989
29701
175
27652
19259
2661
13607
16401
29171
18391
6464
10940
10323
4061
5376
31809
9389
2634
4224
7594
2044
5
28061
29611
17712
29962
18929
26826
4805
9137
7426
25282
6810
15667
1720
10026
23553
4970
25109
29522
29714
4056
28704
19310
16454
7147
12066
17654
3905
24191
12821
20556
21486
29349
3162
17824
3793
31651
9642
14609
24985
14908
2639
23060
245
1841
2964
25114
30889
22279
17530
22125
30177
11019
22188
8539
3013
5012
29621
18071
9805
10120
1649
14044
8023
5409
4289
1747
10743
12273
4483
3383
2062
8228
1730
11319
15902
5894
24617
18972
14684
11461
30142
15659
7175
19319
22221
11981
9209
19294
1313
14829
24444
9323
28794
18594
9310
22786
17980
29966
32072
32253
26981
29062
331
1011
9921
15346
18876
9658
31073
8311
31298
8234
29513
20308
3885
5924
7785
2570
26121
19411
27087
11200
13427
2098
30490
4325
24876
25551
23602
8727
29548
17870
11574
1604
3193
18480
25270
16399
8055
24662
28707
14965
23426
28864
7811
2224
31738
10267
32617
23899
29470
20859
3109
31960
8925
31205
17720
12015
6120
3856
26123
29623
31500
23404
224
32698
11455
868
5896
17236
16121
26592
342
348
16709
4623
15573
14598
4887
3171
28598
26376
12384
19677
14988
25084
11360
5258
10684
22022
20155
26702
23342
9142
1744
1760
11337
9776
10566
22
1055
9354
11239
20835
3556
29301
21426
11166
30629
1056
2347
17924
2358
31065
18166
25217
10093
25590
22180
26411
6029
19827
20429
12559
5893
16348
3423
1073
7003
21997
3381
15566
20067
5753
28140
9700
6836
7944
32498
6389
23644
25028
5855
19207
2515
31382
9225
27375
26926
24460
11090
29903
9621
28798
10565
24286
22775
10737
2402
871
24060
32571
10165
27669
32316
8168
4270
25197
20654
11357
29484
27036
23651
7611
30939
1395
21364
25862
30912
29360
31289
1415
14354
13439
3771
11886
11596
6976
17516
6076
31104
10379
10262
9824
3054
29809
18
7072
9173
30725
31930
21435
9353
24860
19744
22477
28614
21328
27649
18162
14916
14923
14580
23214
3723
4418
12775
2701
29193
17343
24780
4870
24674
2980
20880
25509
4359
28781
9293
14442
15114
19381
4032
25196
19249
30459
26621
961
16457
1703
32097
17058
8636
13896
26569
14283
17510
27168
4609
7201
20901
27106
6528
31127
17583
14522
22098
25426
21033
11918
8021
30988
28149
13956
7848
14774
25419
22212
19041
26977
13067
25983
21886
3678
11345
3888
11551
18852
29514
4641
22002
3699
27207
21297
15854
32055
12560
12246
22084
26031
11899
12638
2450
13390
22589
1402
25178
20194
11519
24572
30132
9331
5301
10720
26175
29806
6955
8585
4957
4355
14560
20558
18592
8395
7704
31029
383
9134
13357
25854
5454
16132
18726
12132
24429
5370
6538
31135
14271
11063
11383
9773
20317
9408
13806
466
17804
21273
29553
32222
2285
25262
14032
24494
22772
9841
4928
2421
31643
18115
24749
16445
31576
22424
2385
4904
332
6614
21894
18428
8125
27647
10712
28894
8390
11792
27487
3934
11597
7337
32332
26804
24630
26477
4801
28489
6614
1708
13286
25978
10155
5184
19769
7576
5194
11188
6693
31539
13208
5548
13271
6552
16189
17024
12621
15256
5974
22571
3503
26763
31594
22372
18659
23189
20384
7178
30300
8744
16943
15557
11826
8906
25877
3563
5240
19737
4108
19360
27338
14860
7866
12098
24613
2939
24360
29700
4859
13794
17525
3800
31111
5986
12748
7571
9311
8
29075
20811
3912
3922
11493
22532
29773
2799
30531
2444
21779
4807
17030
23460
11879
22075
20248
24928
2585
11950
27748
22993
25357
17220
7563
4577
3983
6633
30297
7549
9703
14742
17527
11258
3885
16847
22754
31665
15455
7025
1435
12525
12721
9898
9121
5128
23588
2633
13596
31440
25946
2104
30683
24879
31145
31558
31744
29964
13422
25130
4858
6508
9892
7109
10932
9437
11189
14504
26892
24340
143
1494
7047
469
20731
13515
20291
16659
12074
17597
9517
7769
10641
4385
13939
2920
29432
10609
7485
8226
20685
22061
30104
26534
17341
28448
27314
2237
7814
26340
9293
19829
32518
12200
10350
19979
23960
23857
1365
17166
9889
10271
22450
17090
4710
13938
278
28099
12065
19788
8872
20202
20819
20472
12313
29300
24155
12332
11994
30817
9544
13195
30092
9755
14828
12910
32696
15192
1585
13284
10688
3649
1457
2808
26901
13012
24448
22834
21675
12679
21068
6752
4522
4398
9897
7573
30823
14366
7078
3955
1426
26771
420
31142
27569
23631
30568
23473
22732
17284
32110
16621
17514
10996
21376
30670
22973
3415
21640
20073
21018
5117
17571
30771
21420
19124
17782
268
10344
19180
25797
29052
24899
8729
31041
2108
14755
30553
16802
11512
20244
13399
31222
83
317
13679
23353
11564
3602
17683
14629
24351
15947
26221
12875
591
13844
13125
9827
12387
15878
20774
26337
28367
6230
16828
21961
8789
13900
4737
26307
23499
25079
12185
13938
25118
12320
24057
11266
7575
20092
8399
22784
18525
549
3614
2927
2108
27211
22185
17944
21924
23335
1299
4897
21493
25905
14404
25825
32505
23699
23823
30963
20914
29917
11025
29065
19031
17658
26844
6403
28569
18275
15189
961
15146
10898
1114
1077
3456
1466
5288
9532
3799
17845
13564
7854
8565
26174
19065
30771
18737
19296
6730
20057
11318
20270
28808
28132
4357
22453
11870
14694
32185
2351
875
3343
23695
26746
22119
5317
18853
456
8458
18551
28162
26519
17193
687
3031
7652
4387
25959
8196
17819
8571
286
15582
7251
7622
29227
560
9272
6856
26704
22144
2120
15322
19602
17811
4291
9614
31048
10291
15324
918
14451
31023
20149
9698
31821
31652
29322
30985
1573
5755
12845
24042
28521
2355
27570
9363
18693
24032
2667
11874
17643
15476
7447
31593
7667
830
7254
10007
12774
18608
30048
6165
469
10853
11511
26479
3248
3427
11930
17140
14356
13213
7164
20191
15203
19132
12468
19127
16666
22558
3638
32115
12895
9759
1026
11490
24794
5784
10267
9290
710
32422
21435
3664
13640
28589
22597
9751
30975
4508
123
940
23772
29298
12785
1954
19252
28417
17089
10745
11539
6385
22401
12357
22484
15881
23922
3851
30958
29866
29946
31343
29713
20892
24661
27148
26482
11022
19079
5156
19043
3287
31381
9209
23078
16898
18164
12154
18691
6026
23874
12322
25496
15458
12852
798
8305
25272
11728
13486
19928
1659
26588
6861
20974
32027
2198
788
12539
12944
8613
30684
19971
14237
4944
24739
6554
1366
20974
433
8952
6624
8093
7930
16208
21112
3639
17991
15198
9910
23938
1169
19264
10515
2471
2733
11398
28842
7654
1327
11916
20539
8071
11144
5384
32373
9492
19057
2271
4981
28101
19853
2877
32650
3388
3145
7908
24379
32626
24072
7108
20619
14578
14717
24780
11643
1861
25431
22529
20433
21933
28708
205
16920
10774
7535
29849
488
28233
17964
6558
14183
22883
30295
30711
1552
3461
25047
25851
23219
15822
17064
30923
23229
28806
25145
551
22714
12700
21011
27782
29208
18771
6076
19557
14894
19256
20443
1503
5757
4439
3228
16766
12341
30638
29526
9041
7931
27618
23916
30782
12521
9521
113
19866
29654
6312
24975
9975
25560
32150
6185
17981
25352
30272
9151
14845
24197
12502
22802
9729
17596
5286
10889
31272
12518
20368
20436
2929
28625
22458
4303
17237
16868
13701
14249
22874
32350
10687
28229
19173
31710
1050
2784
1359
25128
15836
4085
30268
18726
11481
25437
30248
18733
25246
187
16707
24706
3056
11031
29311
21021
25717
25033
13543
25004
4784
7321
7986
4315
51
4900
28056
16851
527
4994
3556
25344
26000
11301
12747
2072
13607
11524
23420
5209
18856
17401
6264
23058
31669
14440
24228
21348
2426
2594
16284
22602
1180
30601
26187
30167
23659
12020
4793
19135
22623
12117
2083
3353
5826
7193
8529
7523
25514
2127
32548
19143
31786
32013
1391
11420
4553
16143
6663
13616
8755
6050
23070
25029
30511
9408
14796
11225
25297
29821
16879
8107
3057
28578
24629
15354
24284
22423
32119
32528
30280
23430
20041
17663
4238
2237
4559
23339
25875
6740
13010
27912
28167
27664
32530
11813
31315
5256
26846
25962
7116
27270
1763
15774
17837
31152
17986
32555
12100
10856
741
5926
20203
8432
31250
3978
314
6098
19264
23748
12411
14719
31530
9333
4190
15670
11555
24947
16879
19239
1705
2321
29636
27609
28988
5536
21115
1737
11889
6709
23908
13396
29250
17325
29562
26326
30632
27375
11416
12052
17260
7281
21225
8151
2361
14590
4257
5338
26359
5046
9706
24806
27220
12630
15137
10044
5283
3257
9027
25651
20714
1183
8866
26914
4150
22190
3549
20352
50
19382
21774
10058
4088
31033
20293
25765
14119
15403
23094
20677
13110
20726
8750
525
12040
11457
9804
8056
2240
31730
19693
29495
10710
27121
7272
4252
9579
5679
27644
4406
4313
23144
8454
11582
19087
17957
19575
13105
8988
29572
15494
8895
7305
6459
22178
28388
13292
32219
19883
11093
26938
12370
2145
10525
31069
10676
19485
18056
32390
15419
32703
30272
27333
29580
6887
16822
4311
19003
5480
19139
12095
22674
27385
4240
12696
24718
1838
31667
7209
23339
11687
30106
21946
27361
12936
3885
17318
22383
5928
31407
27698
30423
24334
23781
4893
10154
12569
14715
1144
16517
6398
32419
440
6364
31992
29695
1290
3830
7098
4289
20198
12089
9897
32017
29159
24744
19528
17071
20698
15018
18163
28889
17173
26637
17361
14191
21258
15178
13828
15701
19227
22539
27170
13849
1200
5610
28137
31445
11655
124
8238
10839
30540
6286
32023
5248
25962
15022
31370
29930
11552
20206
2277
16589
23511
9700
3056
3108
14259
9973
24592
18955
3688
13268
16317
27756
26191
25925
7477
9946
17849
1319
17522
22717
1155
27057
22874
25264
23530
5628
1591
27431
10401
17345
28262
22101
4897
14949
14675
30029
4673
5938
18853
12391
31750
27368
29877
12517
6332
20596
20037
19926
27717
24831
23663
16443
10674
10538
18395
25193
1296
920
23605
32430
22404
31918
27870
28983
18843
9110
29154
8497
30683
27786
28971
5423
17822
2127
2036
9932
21024
21759
10368
6545
17366
19468
24587
6425
24065
4482
14593
25202
5252
2188
3438
7367
4594
4410
23989
9532
25580
21377
32646
21018
16810
15236
14602
28972
8407
2833
7264
1385
3234
9327
14157
2002
29458
29271
27439
12190
23705
4416
307
1429
16877
7648
20168
18106
29715
19695
32340
23084
19132
12334
20517
24142
3285
19624
26538
4390
18266
26167
30947
6147
1643
9291
27158
27235
9377
29671
15812
25619
9378
19180
22747
17048
18675
12442
31021
4558
24078
12116
28705
19407
27317
5027
30120
12310
14981
7294
10099
5605
30414
201
2148
15843
16802
28187
5186
26378
1836
25796
15280
10944
31043
5391
23648
25668
26943
8644
2436
10060
29708
27633
14469
2541
13437
19434
9720
17850
28642
23439
1742
29744
28892
13773
22986
27218
1136
20328
27961
30608
19803
19703
27869
3053
24997
31280
3114
2401
26233
18021
8373
17532
7732
27215
16617
30797
7356
6923
15099
12674
5651
28258
30753
29904
31532
21581
8191
9366
22781
18872
4194
27069
11733
10375
32049
9186
10480
14551
19617
9399
2121
26502
935
15014
2223
17909
22195
20152
7195
14092
12955
6582
23105
28031
20949
13454
24421
8016
12778
2039
3440
4758
32039
24408
25411
26492
15510
8934
24139
17292
26157
32013
6741
16942
6980
28434
9124
20075
11085
6390
12097
18935
11967
14493
11667
9583
20051
9264
27439
19935
2675
17343
13297
4999
5871
20011
11340
28127
7923
19779
21726
16600
1334
11565
27720
1893
29811
23304
9020
1850
21533
14031
22232
29139
30031
23680
17714
5817
3074
2174
28724
2817
18562
6964
8874
27157
9507
32764
19353
5047
15407
31551
9170
2882
14884
9181
20936
23603
16412
3023
32671
10217
19085
23563
6021
16553
28722
26535
6725
30181
3401
31298
17433
30142
12031
26016
29632
26567
21289
4756
2001
9484
20532
6435
9807
12627
31071
9190
8829
22945
21287
8880
29940
7168
27651
4209
31218
15488
11602
20570
27125
11132
14482
26178
16521
8478
9426
3657
1374
4645
12394
30651
11165
25062
15081
10039
31612
30097
6991
17424
14865
3254
9853
21747
867
776
31209
12234
2759
24416
24214
8417
13674
21509
22596
3399
17194
5162
13540
5240
31146
8888
12366
30008
1445
32334
54
14786
1666
20102
23644
28450
30761
30331
22276
27616
28438
12424
6566
27102
23211
5970
23014
30595
16843
16392
6854
1049
11684
18921
3611
2932
14028
1799
10814
9429
26768
8779
18435
30990
28297
26298
23791
25574
16496
3062
9637
17598
16434
11272
21666
17013
32327
18012
6442
1674
6208
29709
4738
13184
26016
12644
864
6791
26349
24731
22944
29784
11015
27110
24120
8545
7864
7348
8558
13602
31371
13873
30537
20695
17122
12560
6213
4439
3651
17033
14922
5180
1523
10397
13791
22596
21702
11681
2972
31991
30773
1274
24029
9610
10161
25894
12990
772
17975
764
4675
18847
4645
21044
21718
5489
1868
12073
13815
587
10054
21982
32559
31458
7177
19007
24389
812
26813
5546
16821
525
7371
32174
14942
20019
15671
6163
22907
575
22575
24602
31700
23589
30436
12549
27446
11221
24984
18906
25376
5403
27128
15973
19903
10435
12205
31100
19740
6402
4910
13447
25749
3345
19160
2111
22154
22555
20032
31413
2648
5977
3016
11926
3723
31612
7280
6062
2895
16715
27119
22700
14632
7565
31491
11813
12259
8233
23045
2779
8653
21132
18880
18750
22306
5451
15491
5683
32200
265
16757
30997
8509
20124
23593
7417
24271
2667
31346
16183
10763
5914
31865
26406
13687
17258
780
19238
21380
30554
30777
1764
25534
15507
1564
1753
8262
9730
28661
19732
24450
23239
381
29498
7699
18510
2171
3531
25863
16315
3218
21670
24656
652
14685
13520
14709
633
11966
12145
2696
22687
11122
10783
32088
14302
17897
5215
27367
24192
10069
1641
3871
19227
32002
15660
9408
14520
5093
6034
32157
9780
21111
30981
27400
27879
1220
13618
2699
10884
11966
26893
19161
576
22744
25877
15619
31031
2768
3289
1519
29195
26828
20411
1031
3022
9897
7924
32046
26658
17808
1240
26872
7326
20426
16731
11034
21364
1749
4053
21023
24401
14263
31234
11869
18053
10642
23629
21800
2404
23161
32590
25669
10220
32386
27281
6561
10920
29980
21657
4931
13011
10403
21540
19328
21953
3122
14001
9582
18299
11193
8256
7579
6314
591
22617
29438
2998
2761
26703
23597
17710
16011
28358
7377
23403
30366
19571
3927
2416
25347
3619
30441
2325
3143
14335
11677
22629
4952
22030
748
28228
9111
30203
24165
8789
19246
28185
31394
19482
11684
5540
19580
23901
17583
21066
27259
31695
9033
7913
2192
24048
28421
28571
23559
28462
932
5872
31671
32593
29923
4218
4220
278
25240
21647
27111
7194
21245
6474
19251
5626
1868
9427
1147
22201
32396
5344
11307
3170
6826
16252
3253
12782
7115
4360
6789
32103
26081
2943
1590
31054
17532
19198
16134
19771
8420
13187
31111
31171
24164
11252
3736
2974
20712
2660
18068
2569
459
5523
25801
9322
14058
16307
1836
25395
28669
32370
11850
24584
20007
25652
386
18724
6603
24224
9074
13305
23202
15967
10927
790
13834
27680
4793
25422
1953
28384
14638
9239
26643
10088
15165
28464
5680
25879
18270
9095
30274
14305
14144
22361
7069
9112
1539
17819
4215
6250
30376
10905
20474
21676
32454
21469
9880
5078
18814
26450
27807
11982
26288
9641
20237
4457
31343
11260
6821
10543
179
30897
15682
12638
31054
14242
29036
50
4130
6522
18473
14692
5520
14946
1301
2544
23348
23518
181
20764
18639
30193
1289
23222
15748
25480
22624
3741
4424
11798
27248
14723
19092
15483
22438
21232
23644
26922
14011
25738
69
17291
25736
30357
275
158
16923
9654
2400
24290
6410
17916
19092
373
6663
14112
4113
1660
10677
19980
4782
23749
28603
30619
8295
7339
23574
30880
27731
26682
5811
28457
6870
5780
3389
30981
24087
11923
4916
9091
14004
29872
18495
2173
11445
4132
14531
15509
5311
2893
27828
29375
13706
13138
22699
30976
24981
6922
25913
29301
22809
17690
124
29334
2107
14686
28143
23996
30085
2443
18566
13025
29847
2322
27387
8871
28954
15431
12898
6044
26102
17090
20228
5053
21701
16645
5994
1849
20871
3424
4536
1143
30359
9234
10045
30041
21726
9905
13895
13763
13382
27340
30268
14167
14449
23502
25062
4739
15788
13349
7183
10430
542
20900
590
15374
28485
10534
25120
8142
6052
7541
1082
26286
15541
15722
542
12795
28965
11605
6637
1569
11072
16286
29820
18542
23467
173
4521
18968
23633
14856
20208
1154
19359
12475
15417
27323
10228
8957
13044
29767
16211
18704
25448
17699
18268
23913
19528
5891
12666
28689
20616
18398
3933
2379
24430
12716
7083
24439
25324
12143
15090
9270
26669
29552
2274
11471
13934
4811
17849
31186
18447
27181
14334
25083
23018
16349
22130
25688
1251
18169
20036
26030
5568
26627
14724
23834
5948
29340
6618
13300
16982
7310
27512
23800
18671
29200
25677
26280
11924
6982
13179
3308
9113
6920
21772
3580
5735
27364
19936
18047
28438
6246
25578
22773
10559
18326
9885
25682
16395
16067
23456
3563
8336
24447
9161
25238
5726
12523
27721
21261
26196
24373
36
20372
3001
21598
19941
18140
19336
20033
13711
3110
4618
5585
29398
26795
20138
15266
30607
23612
16902
32171
19046
20774
29250
14922
15823
18264
14753
5256
4927
15048
9046
11679
24219
18706
2711
6073
15857
23138
12276
26107
14694
20885
14567
32194
24431
1947
19884
3372
28996
5664
18770
19163
13202
13675
12307
25333
14192
12678
24545
13679
12181
15007
12097
18828
9672
5294
28252
6816
9367
27224
32339
8730
10572
18195
29396
17089
29213
31884
29163
31038
31907
30534
17946
30171
18574
18051
22187
906
12950
23399
31301
24617
31669
17243
22462
27140
20627
25008
18736
18076
25922
27780
30031
26279
31019
12522
4857
2903
22344
25157
2831
12511
9876
30965
27780
564
7872
25654
26291
14864
29992
4932
15862
5437
5637
6596
28276
14864
32228
29535
28986
14644
18263
10928
22414
2984
16618
26464
12415
12811
8024
10127
27841
22808
8191
10358
13496
10093
12178
16971
25811
6288
26894
15205
9243
2355
239
22177
18700
22711
28835
8452
163
17392
30271
17058
27576
23848
15473
22206
9870
17766
16053
3890
28329
2800
15820
10002
23263
20750
22635
26764
22962
9489
7216
18962
27101
9364
8921
26300
16685
22786
4024
21991
21906
27736
354
9763
31862
6956
19368
32588
5197
2031
3528
12278
27758
21359
30948
10766
24353
7839
23218
12991
20985
22939
16502
18835
4196
999
17965
2779
13440
16887
26123
4432
4656
27637
23592
6906
22640
31166
29303
30033
23781
28718
18679
29859
17848
13213
28205
31413
1445
25513
23505
20653
24143
9270
11208
22575
23767
30644
6482
22471
1196
3745
8837
26247
7333
12366
24058
15089
21069
8421
22726
24855
10110
10411
4267
7168
24113
8323
24208
30286
22164
10164
25903
17950
4957
26347
22542
10288
22622
1156
11952
13896
5978
11781
6156
31955
7960
23275
16958
29646
16565
11434
19069
32484
24382
4079
26957
14550
7551
808
12021
3616
7701
9798
25652
27354
2507
30657
25392
32732
20515
25309
31919
25381
22066
813
15753
3966
1969
16725
10334
1882
32338
11539
14212
7937
13136
14465
15171
12781
28490
14484
26693
18292
27729
20201
10824
27304
24128
8385
3862
14716
21835
32586
23991
28456
11995
25888
11749
28110
2202
27923
5056
2909
27081
9771
13251
9654
5850
26857
21239
16909
17211
4560
14182
15250
5488
17700
27859
17745
12644
8178
16808
17239
15617
31312
4144
16151
4862
7910
10246
31500
6136
7085
27598
27039
26053
4087
30498
2890
16645
7088
24783
30718
3321
21475
27970
6082
12697
24703
17725
20126
10208
10076
1231
8119
8299
10361
13954
3003
30786
28552
3798
11903
28662
16044
31726
24551
22764
22145
23946
23559
11512
32605
31029
13959
17453
14293
32448
7500
7412
11395
12526
11860
27228
23815
1649
25826
23729
4684
22293
25052
22608
2573
26940
4977
3769
31639
29578
32766
11750
22992
26337
14387
6620
30328
5264
13426
25727
27311
1223
8567
30634
26807
4431
24638
9599
23292
6263
15649
4860
29777
23634
8770
12495
5501
25119
18728
13932
11254
26121
12205
21340
28140
14097
21527
2776
6025
3912
31877
28054
3448
15425
3469
9699
2212
11206
13347
2546
12098
12490
26300
10356
16145
5279
436
872
11488
18537
749
27957
23890
19155
10426
15350
23262
5632
30715
18197
11545
10693
28041
25371
13624
1557
24276
20422
13264
10684
19914
19549
23521
26960
13307
17984
5907
12901
2299
21955
24383
3841
2056
32060
20785
32080
30957
24155
23725
28568
38
22970
13743
2158
14917
19637
27383
26411
9877
24956
17861
6298
9468
9574
22242
32755
2854
22921
21727
19469
5343
12679
12193
19663
13249
29866
32030
15592
528
13620
9057
21439
23778
4592
25556
13229
27011
13837
11198
2155
2583
2860
19979
27078
1409
20920
2636
22170
26244
4982
1278
23549
22056
9309
5391
15547
30048
9639
2718
11523
31209
16168
21251
30303
4725
735
7695
6121
22025
11979
26772
14013
17060
16639
4136
29354
3873
4601
21543
29485
21598
26928
26615
16543
20894
16364
31376
15789
20524
9818
22331
21769
27202
32480
921
12127
14632
942
32488
1419
11936
19094
1666
25353
7554
15133
934
27820
13732
10962
1659
32659
30460
5086
29266
15450
24585
6621
16172
21133
23406
20716
29820
8290
12513
31491
16686
31399
32067
12166
21735
12537
30224
8470
24207
8759
31738
30125
21517
30006
16593
25834
26449
18870
1190
4265
19608
30101
11824
19415
13803
8771
17007
17285
10217
24182
32654
15930
3015
30751
7950
25998
8853
12956
801
19956
15811
11567
21332
12504
24803
3503
19569
3306
12464
17277
18340
8377
21328
30394
15580
29571
9686
30647
17524
24651
27403
17069
23571
22317
22382
27567
29393
18671
7801
1756
155
28888
25894
24793
11480
28869
15794
7039
18508
29561
4257
720
7741
18741
5890
11824
24789
12936
18932
16850
13512
19817
27497
25712
8247
22659
3114
15679
24787
16592
13084
3618
27973
11625
2497
15901
9678
32157
12801
26637
30762
27968
10539
16791
31419
21317
23607
28255
17123
11920
20814
4986
31410
29957
2700
16165
31169
22757
1540
30903
25949
30810
32516
3284
7144
11088
21659
27108
28541
25479
14681
8387
29651
21222
4182
23994
25444
19475
7029
28079
24526
4416
24298
9112
4473
1352
24058
12854
27258
29434
5378
19967
4279
24244
21691
11100
13132
5685
25276
11540
20270
29356
833
22280
9998
276
20522
22818
29313
1220
327
18056
2141
2114
2514
19733
2150
28761
12093
265
18474
17771
32047
4351
1833
9992
15049
30240
11833
7614
17709
29847
7721
16179
29505
68
20901
22642
26288
22965
22105
4739
28210
30546
24922
17726
23822
3799
705
27744
31709
21256
15513
29407
30352
14752
251
18555
27572
23946
23415
30102
245
20819
18870
8517
8417
30176
1886
15783
17903
10588
20790
20086
30400
25205
25483
32219
22436
3016
14290
29575
30048
13209
17806
8703
11567
25544
19060
32311
22022
13824
24013
21859
3868
30770
21277
13578
22442
30018
12290
6492
21487
13824
14686
21957
25464
20057
23480
27586
27806
2767
29408
17396
336
4646
13522
32115
16659
20320
17373
18276
7238
14316
11269
30926
23723
16923
20389
23209
5923
8147
1881
22584
27321
4487
31002
2457
12514
25958
27307
19611
771
30419
4917
24527
14644
16918
12334
13282
17988
24657
24958
26409
5373
32693
4325
8062
19113
11253
26775
13899
4821
31483
7466
27364
22612
29147
3762
3866
3975
13829
1323
25101
30172
24254
3095
3393
27285
31441
12647
30708
17611
7809
11167
25775
19122
3523
11062
3356
11806
22186
23355
12311
12870
28707
21823
17927
24264
12514
3182
20335
25582
12956
29695
29120
5168
30071
25807
22130
5882
22463
1608
82
14511
13786
16008
2846
31725
18046
28095
2383
20499
1825
30937
29750
4352
19633
26462
25162
13342
19590
6294
30657
18080
12693
21488
17757
8455
4582
14500
2441
29675
22600
20632
1956
4600
30275
19073
27037
6967
29262
8010
24512
28046
9794
9913
29391
32395
16911
24400
15445
605
26285
28017
31031
1059
27990
5574
10892
21354
12019
14048
14510
27376
24532
1566
19601
13486
21411
5073
21332
20246
15771
23197
24598
14234
16629
24099
24587
32365
26019
7388
21711
26509
17729
22856
2298
7425
1097
32329
29428
22111
27526
8905
14859
6546
13771
28835
4546
30938
26084
29377
24428
29204
14541
3714
24058
21308
2082
11358
13330
18480
12503
21452
12385
30135
21033
15971
8241
17857
30932
9792
29758
18673
2695
21417
10181
20824
1429
11759
7647
10884
26861
21401
26893
4793
22604
32190
12564
22910
20657
12979
11019
18267
274
3047
22450
13026
6989
4874
31749
26348
12641
31349
2065
15909
29406
13510
24583
6091
24218
12234
15247
2482
15526
13985
3934
29580
29824
16156
13579
22375
5002
9834
17694
7031
6075
8436
22379
6422
21141
24965
7582
7433
30807
15278
3094
15621
12147
17769
1271
9841
13378
15356
14714
19054
25847
12320
13704
2837
18898
15715
18824
19967
28054
20683
18037
6155
6716
17084
16435
5723
19945
18459
18979
14496
31774
32436
25077
16536
28462
6361
31933
27349
24054
27724
27209
5311
2504
26720
690
988
30888
14170
21042
12879
8123
3869
14133
17567
4604
29959
9907
3258
1841
30998
2748
15930
20254
11343
28501
14310
1272
22112
29058
1660
5916
11908
9380
1198
30465
7079
25093
15466
1387
16331
14002
27998
3810
21162
25481
23740
27747
3996
9106
21050
7253
15036
11411
26206
26558
326
7646
1528
26551
14660
20846
20208
32542
17514
17202
10817
7306
6718
681
18246
22660
15740
25263
23605
17396
8376
23447
20457
31449
15941
21369
12516
20285
26454
16589
7572
8297
3683
23353
469
12885
4302
20136
19896
6498
17351
9372
2434
3659
18541
22469
27384
15961
27445
17874
20442
27607
4752
29575
16814
29382
200
22288
26302
1490
27947
7317
1124
14212
14444
6414
30341
9144
16454
24409
16476
19794
5730
11145
6777
1069
7803
6274
8713
26452
22464
21443
3415
22389
21882
17282
2451
28050
10990
21246
9683
18938
20101
22801
28503
20344
14378
19716
8977
7882
16116
15784
6244
26196
31237
16034
18733
23062
10418
16391
6912
26588
26084
1065
19892
31668
10941
10160
13089
26789
25727
28652
5160
18846
8618
21353
26356
28333
6757
28868
14976
10865
6175
26558
31577
5074
118
18575
30118
4079
1880
3453
14437
14424
19560
21164
15863
29054
26531
16440
32223
17768
10563
23169
19399
22183
4323
11462
10179
32651
16357
502
25562
29079
27409
8130
17091
26931
3966
14327
29676
18849
28342
1035
4289
13618
5653
16117
32554
30138
30066
28994
23893
18753
18690
17254
23223
26363
23160
19024
8781
20603
23921
577
14888
17187
27408
27613
31784
24031
24805
32643
3080
20243
10004
27354
28314
7889
8627
19628
9812
26960
20851
25336
30988
7577
26499
24386
17152
5252
20657
21806
31513
5091
31699
30541
19569
4605
24421
5687
26898
19774
627
5594
31233
3116
3258
19729
20603
6557
8714
889
15486
20775
3310
384
11403
20441
31887
26302
31403
7464
22998
14985
2736
24620
30673
27331
7613
29965
9048
11511
32520
30392
22000
30116
28127
4310
4079
31193
26857
11774
7649
28418
16047
22057
19755
32002
1882
20839
21486
5762
27582
25297
28718
11144
23960
12223
564
27211
9492
10043
9776
582
26515
32181
4387
7563
2986
4344
13564
1114
7790
18524
28673
7922
7663
17725
19313
18855
19714
30637
3432
12085
29764
27494
8706
7508
13403
24834
8131
1932
19839
1903
27447
11339
58
27037
15829
4149
27499
25721
5161
17339
2961
14623
18227
9967
16198
3915
21770
8086
29962
31761
7364
30079
26178
24783
4506
18708
896
13919
10568
22575
30213
6289
2483
1327
23173
9688
14798
21578
6442
1859
22974
21285
32475
13487
9789
7841
31677
18748
19260
31480
11002
31741
18892
12810
1986
4340
30014
11249
29584
22077
19337
30171
29103
393
11501
11033
15356
462
14038
29811
5357
6461
17923
4543
31442
21365
25575
8626
8283
11254
9040
7157
20059
30936
12358
12667
4811
28093
5942
1811
24850
19204
1872
32313
1924
3391
5165
50
7720
12519
15029
32600
21182
24143
11584
8882
13824
4567
11003
20423
28201
5218
26254
1716
29364
22538
16379
17533
13670
3346
21961
24481
23694
795
12643
4849
29324
10907
4795
10913
11920
19084
7986
1952
15012
15969
30652
27941
6893
20542
31295
19595
6701
872
12861
862
24461
25339
15539
16310
4506
10459
9025
32451
10893
20716
29322
22954
25039
27782
4062
5263
20156
18979
4631
9203
10408
17755
8640
7233
18463
21267
9341
16291
19825
7665
14246
7706
4206
18195
15926
31694
15727
7936
1508
29091
17302
27358
18319
31756
30806
2534
1759
27684
5173
3862
5418
28411
27856
8997
15252
7981
4128
17084
20603
21690
9469
11491
15378
10001
13536
5562
12363
21870
17133
29033
6139
2406
21553
27481
313
10177
19752
23973
1798
9095
18562
23755
32308
1885
19238
11176
27008
10514
31096
11171
30978
15222
12759
7464
6343
12907
12394
17496
21180
11582
8221
17918
1997
23351
15590
20677
17487
3694
27469
26281
13211
28897
26923
23212
30460
4036
31666
22218
25548
12568
16045
32302
27865
10111
30985
32678
15118
6223
6805
11349
14671
26597
18182
26280
6052
16444
4670
32139
2458
26046
20942
18396
17382
20057
10169
5151
32076
11990
10875
16500
30399
29286
20041
3783
20170
20606
29595
2375
9262
29925
16104
2841
19405
28172
7600
16717
7622
21917
7360
14353
7650
26454
29618
18468
815
31256
27059
30862
25322
3899
30601
10383
674
27685
19156
5589
5531
29211
3731
4849
26993
10326
7403
524
17917
11354
32292
26582
1148
31875
22773
10944
8686
20705
14337
21099
20669
30278
18593
23392
19871
24476
30436
29441
31677
24956
2772
12224
3093
19453
11003
6542
13341
22218
26662
5782
14249
4984
13929
4140
18958
23062
30563
25600
2696
25605
31171
30104
8153
2314
4619
29693
14131
21153
12437
10164
27224
22932
6355
23791
20736
8653
7642
15877
16763
26728
2082
12832
1175
6157
2183
5173
196
22397
23700
22074
8310
26218
2049
25747
30667
15500
18298
24013
28014
7921
8355
29326
27323
8085
13144
460
22308
15154
12345
17726
25299
2393
6246
8720
25744
12994
10887
29147
20198
8673
8464
22484
129
8633
9667
30276
29659
24309
7798
6200
4632
32565
14102
9081
11566
17062
19692
26302
25928
25557
7967
6177
32109
10693
26746
6096
25436
24639
18032
19205
28347
10857
4445
9016
7025
25498
2575
9619
17233
621
133
1702
6904
12820
22518
11868
30200
5615
3094
14381
5686
27485
7060
17302
2704
32211
31719
10438
24771
8491
31306
26011
11916
9790
11781
22220
13838
32180
24559
4456
10612
32027
2865
28799
20951
31287
23372
11038
7522
12441
19294
1665
22708
9587
19105
30853
6021
32171
2612
20060
4237
31278
22558
11140
28833
3719
11152
29946
26912
17840
18026
31915
32141
26920
4097
299
21629
7749
3359
21929
4020
28108
6476
17955
28555
27071
17740
3030
17813
25974
32489
26105
31361
29681
26099
10922
11074
8301
29316
25641
8558
5429
20616
20036
10980
9403
5245
18450
5298
26855
11640
3556
19766
27823
14441
20345
29059
5096
6303
30321
18949
13660
31119
12548
31337
6940
7633
5364
26807
23832
8043
28352
8129
18924
1362
4379
12481
20989
21038
14492
22590
10437
28766
22455
27183
4203
7996
24300
18787
919
17826
21822
28192
12676
19885
21735
16395
87
28096
16458
18247
2479
716
17193
30945
17789
24527
29720
8812
22294
13979
10802
14568
12422
32217
23306
3817
39
30797
5349
13813
7283
16732
26918
3885
25111
715
23305
20271
14408
14281
9876
31036
12122
8496
29643
5526
28047
20232
18980
10028
24109
25421
22586
9337
22227
29169
25541
30634
9996
8741
30154
18943
17957
29909
5903
7795
4924
21617
12498
32671
23450
20979
26042
17628
6979
13086
30478
12968
11210
13827
2597
31307
21866
11722
25118
23738
30291
23727
25041
29883
13378
12107
27140
27722
27732
15637
26595
8507
21788
12840
10154
32034
1779
1607
16293
1136
24207
9502
10074
24798
28120
27594
20229
27407
28406
8092
19268
30576
28079
16922
26900
27236
6896
26183
15868
22430
32425
27429
2184
12493
31710
16247
29945
18303
23292
4811
6715
9791
20073
6072
17175
1281
9566
15205
22442
23745
8441
30282
31510
24166
8078
6715
12663
20716
4671
16802
8729
6850
28876
17420
18920
31345
8108
21479
12839
12927
31836
10633
32613
11411
1015
24437
27821
22489
18439
25562
1790
18088
9626
9053
15610
20323
29337
20760
5858
13469
5462
28643
10946
6272
14948
210
8425
16239
7339
31487
23708
26090
5051
28809
7436
11698
23649
1244
10885
26158
20344
6195
25575
13326
31490
19548
16474
23598
20856
18107
6462
13757
25438
21394
20577
1950
22297
20096
9845
21774
4869
29767
21953
23944
19907
466
17686
21477
30928
17526
26373
4296
14684
32632
6479
17465
25433
19151
6301
27280
10962
20268
23665
2197
32638
824
28509
29413
18069
19996
6003
9368
26338
13127
25340
26912
23322
27499
28013
23924
15980
3785
28822
3183
1881
13487
30237
10866
25798
11327
15659
13393
29007
12913
10341
30061
12511
18780
18462
14621
3197
5297
21706
11091
16489
24456
11702
11388
28776
12127
12279
7335
22108
2143
31137
25066
16151
18146
27961
11777
18801
12851
2412
18233
7064
11412
26880
22669
680
9350
32524
3342
12412
11076
25444
31368
3011
21649
17240
8034
18006
17331
19102
30662
11721
2496
6284
28162
27199
14616
5514
10798
8067
21043
15560
1295
9301
28061
11820
8764
17410
18238
7311
30079
15928
3807
27688
14206
30999
8682
5448
3483
6539
4721
8008
26904
30170
8050
18368
24959
5753
602
10746
3649
14628
13767
31399
9117
2605
6546
11216
22211
2069
6157
3343
19770
17753
12425
15358
7039
31886
2844
30960
5871
10928
31137
13279
32486
9144
2559
26022
16681
21868
3503
2416
23937
11387
14968
19057
11433
20425
18557
14804
3690
9736
12666
8436
17157
22920
30027
17358
29649
20048
1966
10167
12069
15981
19273
12874
23416
28810
15855
13477
26055
15553
14879
14037
12088
21425
29133
6030
32252
31697
1637
21535
30073
14595
25102
3238
22953
4717
13868
6272
8637
27268
17192
16132
7687
7529
19827
26737
13590
22905
25544
23332
31779
26144
23218
22799
11948
19693
8527
12646
18782
6380
21331
6811
19512
8240
11343
26765
26606
2991
16436
29437
6795
4435
7443
16449
32603
5197
14886
18492
22024
8109
22548
25485
1283
28463
13937
15111
6949
31320
17028
19297
5271
13762
9038
20783
26351
32437
18119
12561
6299
25846
21611
12331
26499
18148
10485
4309
17130
29632
16235
26515
7317
18509
11098
15431
21808
31129
2147
19365
18413
538
758
31976
14702
25852
24158
24515
11749
15290
7166
18075
27258
16876
10202
20723
9709
21344
11865
31272
11388
4203
32585
94
31495
7297
8739
14266
5490
11012
32656
7634
7243
20058
17453
16737
26028
15682
24715
21056
7523
616
19067
28049
12369
18999
25480
31293
1808
17134
10436
10658
21465
17142
4040
28805
30628
10611
13558
3150
17040
11545
16129
26740
4998
3392
7088
30774
6937
22843
31198
22668
17841
16870
9414
20061
4329
10623
9341
29938
20533
26039
18368
12459
9416
26632
31472
14832
11445
16456
4187
21611
11604
11647
23997
1652
15591
12534
21255
25805
12157
22416
28254
18064
19223
11613
12647
30053
1802
3949
31682
11768
23204
20450
28372
1195
24338
24649
16074
648
18561
30251
5338
3705
31364
24030
26316
30395
15286
28577
26554
11920
19616
23273
30228
5172
26077
15349
10982
21267
24955
12200
28254
13881
5029
22936
13705
32522
5759
4195
19805
5171
3410
9282
22268
7392
8937
29664
22839
23600
18235
17260
2897
24805
28746
2540
15622
23905
25162
10453
32716
15310
17158
16857
30041
17052
31872
7937
26469
23856
13015
24827
3249
23770
20846
26549
8008
17928
29515
10539
10245
32186
10941
27261
9045
27446
27714
3908
25406
25085
8359
29478
21153
26621
8817
424
32188
11272
10876
68
1010
16517
28642
16060
22223
28262
32542
8621
27207
13402
3186
15207
14910
17987
17798
26364
18766
8426
26193
6551
31940
1521
5436
24079
31211
29706
19077
11964
26766
28519
18146
8586
16056
11890
23912
6731
31166
32445
5290
30546
26751
30268
25381
27709
27371
17586
2780
32530
19138
14697
22591
23438
4510
20774
18513
28857
52
24668
23050
3262
2775
11680
3834
27386
32574
4189
24368
26707
14214
26569
9306
20939
32378
32279
16430
340
2323
11247
520
15591
10555
20507
4052
3024
7638
28547
22062
30284
9219
4443
17352
25429
11679
11163
21516
2237
24844
13231
11523
8570
17968
10096
21622
24129
17600
8788
16467
17494
22462
21217
18001
28322
6720
25704
11991
25862
4468
12527
28443
32239
22497
20335
20103
32298
3567
21056
31584
27386
13226
18897
21161
17000
20419
24476
24389
3547
2007
7513
21597
744
3572
13426
1793
9835
1882
22968
11026
9687
20606
2388
22367
23242
16981
18176
5390
11493
23758
11895
32318
17882
31393
26665
12266
19398
29255
22068
4880
5570
18505
3472
16659
3764
22206
28553
1887
14956
3599
30579
20043
4332
13054
4249
26435
9222
15847
2166
1574
17197
16197
28968
27117
4485
28023
2081
30862
16956
16325
29984
21023
28445
15006
30047
7999
15714
20771
18190
7858
17610
32746
26881
13899
27884
1275
678
2831
13515
22815
2105
25751
6314
20059
28475
24502
2594
30647
1824
13404
11889
15939
19016
4794
22293
18268
15152
23463
26778
4140
8682
14403
9136
25200
15818
21722
1152
1662
16227
17163
11328
22150
7857
18217
2309
5912
8600
5345
12249
14566
9869
16157
7438
26572
1940
24361
20178
2829
10602
14100
28163
6880
2819
21338
31044
28459
26935
28607
9808
27534
19128
9086
28046
11427
2119
6307
29670
6788
9511
21174
18132
1166
3026
18585
7866
10853
748
21939
7035
22072
28277
17999
12101
27719
12610
830
11182
5026
17070
8388
9475
23603
19597
21682
8156
1534
25953
6095
15604
19880
15057
30332
22328
25142
16470
21656
18462
26648
13880
10402
17976
11622
7353
29213
4617
29545
26511
28473
25879
29021
1432
21935
22337
29813
4298
4845
11859
16672
14953
22387
19416
6539
18300
29053
11568
3431
12673
15074
12770
30444
16224
7740
7219
18718
10910
30537
32759
4943
9427
21137
5031
24037
20830
20553
6068
17501
1879
11896
18459
28816
28613
15960
3130
23349
21521
18687
22753
30120
12475
10046
30893
8426
24652
4298
11921
5608
29324
26265
26294
8960
1012
31887
27013
25281
10598
9818
17666
20466
17436
2971
24667
23254
20959
1862
28096
25519
3449
5707
11894
16001
29548
6518
15655
9240
32484
28307
21117
13388
13035
9431
14319
28036
17372
20603
23770
15737
29978
16810
16851
3901
32513
8861
11836
31355
4381
16645
25621
30720
17562
1705
17941
16250
4860
25936
9209
12928
9489
14817
8477
30931
3619
27337
26953
12772
18289
17821
10189
24470
32737
24576
29904
28228
5103
32712
11493
32262
16873
20060
26335
20784
28254
23392
31719
1052
3284
12949
21963
29226
185
2298
30617
27652
2716
17720
29805
8999
5533
26428
18567
28319
31010
4902
18592
19729
716
17250
7038
18431
23722
26132
29127
7240
9132
27066
28691
19438
16986
32013
32580
32028
25541
1575
30490
19048
4798
5355
22274
26709
22855
21666
303
17436
29767
16610
11244
32684
28546
8628
32049
28399
15815
4853
1140
31311
8555
6909
1729
2681
30967
5247
20749
24928
17438
28592
1224
1157
29938
3756
4785
7287
24919
16661
22510
28053
26807
8957
4444
19995
8695
25350
6436
15709
9642
13255
8847
77
18565
27762
26651
26435
23059
7348
32718
8446
15274
6109
18890
16102
25502
15169
11554
20115
8372
29662
5868
11411
12762
18239
28567
29800
1557
25504
31359
12753
14522
31570
21439
14155
7649
28513
70
15830
29463
3445
17454
12796
2131
25846
13129
21008
29996
30579
12284
436
11848
18501
19536
30365
3864
3951
16710
8859
11202
5065
28779
32467
32607
28766
9133
7247
19047
18706
32621
7610
13673
12936
23253
32356
3072
20802
29292
19085
9218
29706
10471
11487
17658
11665
19011
30012
9177
12631
1296
31930
18152
30666
3600
2796
26113
28082
8704
8292
6911
13004
22966
19061
30323
11189
1132
25662
19609
27402
31836
26851
20106
13774
10637
15134
17330
9996
9964
1527
30597
14013
15774
6863
12142
10219
10901
28835
15624
8727
25185
10383
145
31193
18249
15249
28572
27846
1435
13712
29701
21654
2624
8605
14122
5511
18323
2936
11608
19452
15476
14934
30084
32106
29079
2273
24892
20596
24866
32385
14557
4181
31864
3546
4101
32639
17487
7318
15947
15745
9993
14436
20526
17454
6465
7488
1100
16380
7332
28918
10453
18346
10498
22497
27966
14118
11172
18169
31802
12717
4321
14093
29158
3892
3052
7500
579
14599
4336
19722
25578
14768
13663
9921
21243
1050
27271
14422
16471
13814
18022
12958
271
22878
20159
22561
4636
27064
31341
18718
17488
8158
23800
20687
25740
18812
12390
6125
13364
12217
12627
24695
17888
20761
324
11952
4692
29345
825
871
22963
19517
26241
2938
9455
21600
21458
26781
31620
28394
28825
30552
8550
846
11407
13903
28983
15860
3469
12998
9918
220
28065
7780
11669
18309
24417
29239
18465
525
11391
17145
8903
11161
8862
10898
10077
8183
8804
27357
9439
29826
9425
11695
8036
22598
10959
1558
23632
16229
19210
5854
32458
23994
20993
602
18545
13499
10334
1889
21066
14500
29570
28566
20989
20690
9317
13036
16194
14188
26781
29802
28054
31817
12732
15404
28210
12046
18143
4779
20029
29847
5252
24894
1345
2969
11932
15328
10204
1157
14562
30771
12984
12463
10602
13765
444
3247
6525
15250
18308
10759
6308
20171
6415
23559
13827
26326
25016
11246
13288
25238
21352
22610
6564
8940
9993
25538
6042
11902
16702
30377
29077
17079
3921
6261
25439
30223
12397
1017
13199
20364
16141
6928
26786
30600
20148
15748
21581
26038
29151
1838
26898
12384
23607
14686
3602
24818
29964
21373
25890
29116
28159
7920
14112
22772
12798
12864
31368
17658
16502
12152
10306
28128
18627
16847
21182
8234
6636
7815
13123
25810
14989
3349
8580
27280
15636
14978
10613
5208
9264
23569
13148
20771
27527
25890
29227
8434
2216
21590
3085
27408
30784
23540
12607
2456
11152
27020
5409
11832
27166
20698
32141
1076
31659
7660
23655
13230
11878
21127
10101
10788
3423
4808
25201
19514
23358
1287
3933
29882
9525
26880
30999
25817
563
10805
3117
2492
21083
29070
12786
15162
4788
31299
25042
22500
6434
11771
23778
25154
19605
19510
18363
864
11648
8424
5769
5769
17037
3686
32607
8787
15759
28294
26318
25308
27831
3842
31413
18770
19468
19742
28506
5305
19221
5259
4794
26600
6872
17802
10782
213
6153
18005
19951
29971
9595
17338
14283
6041
2778
25865
14040
27589
11164
30512
15961
18849
10805
21285
17023
5988
19338
900
22401
15420
11945
28026
18159
12362
11447
225
3907
19950
29993
13228
441
18502
14904
19590
29280
27377
398
16566
11889
1817
27974
10566
11488
12720
4371
4964
11570
14073
10175
12296
14478
26443
15576
9943
14614
8466
7846
4168
7032
15382
11359
23301
11967
14848
21662
8340
13936
24602
22546
11574
25298
7766
9331
16143
9101
26514
23483
16520
2166
24346
23442
498
9386
32622
22794
13932
10202
7750
25740
14342
8677
29140
27155
22310
9388
31561
407
14635
14370
31386
9165
2641
21666
20356
5901
1748
22406
27598
10387
8025
9717
15054
1515
15497
29180
8750
19111
26111
21984
32752
5715
20580
14771
18864
16043
5848
14118
12585
29195
9108
28574
29179
24102
3022
2186
11436
12027
25309
16883
29420
31237
18590
23380
26909
27058
14102
15021
8466
15639
21337
2515
4631
28642
17834
15882
21042
7824
23779
15829
29865
31456
280
6413
12740
25735
14711
1841
15316
31269
18802
8189
25972
13944
10529
574
32015
28111
23777
23780
419
16322
28738
3673
5316
20769
6176
19985
19939
25130
16399
5219
21200
5375
1789
13463
22910
30807
28434
23872
30471
10867
17627
29388
24559
10324
424
30809
32173
7467
11570
31434
32103
17937
641
12826
15358
15864
23565
19697
13130
17889
11044
6773
19623
23888
32395
1635
15536
16125
23656
7006
19530
5581
29535
32647
13029
32256
26364
8013
26110
9900
15185
31367
488
10090
9184
18368
12237
24143
14779
25041
11504
27166
23785
13238
22324
5307
17676
5786
25314
16867
1345
22068
7591
13851
1864
20310
25308
18918
16869
23747
9482
23867
11909
1602
12462
7990
16933
9712
3129
32270
28016
30682
6491
21319
26663
18379
23425
8233
19398
12643
1949
28272
16741
9833
16677
10565
18140
12130
10334
621
20266
6755
7642
14273
16920
3107
24383
19678
7961
10068
24907
3357
18293
15924
2837
27078
13222
16991
13974
2176
6146
26343
6759
5644
15515
10406
204
12595
3172
12499
28658
509
8085
17876
10101
20772
17744
15955
5925
13256
20612
10900
13066
8036
11282
10246
18598
31233
31278
4888
14713
31402
17160
2893
16075
28191
30380
32147
6821
13262
17959
10449
23073
1790
6124
20671
3299
26702
7030
4858
5608
15198
16430
4696
31103
27852
5006
27768
19604
13410
19079
11678
10548
18317
31264
14014
19534
4113
17249
18903
16567
15100
30319
12419
15217
13272
28920
12491
3373
24613
15313
17471
19726
12039
11230
17735
8368
20795
2611
1716
17769
11599
1912
2458
16079
25619
32402
17762
20090
31051
19072
13851
6411
29862
13186
9489
7276
3828
14209
24481
23386
16275
12715
20555
25121
15914
9566
11785
2215
19610
12359
13791
5548
23858
26571
8884
10064
26915
9637
22368
1238
2867
2001
28422
15783
12981
10153
10148
14746
696
19535
23272
7794
12671
7242
31046
11945
31793
4724
15175
1388
722
14867
32036
21478
8306
30278
30867
961
5028
22691
20705
25322
2866
19230
9537
15509
27407
4396
7524
898
23949
25641
9289
29054
1232
12023
17751
16428
24707
11497
24489
24325
15305
28639
9129
19102
14199
4530
3808
26921
17536
5330
23052
4159
8881
14381
3443
6109
14238
16979
12152
7852
20956
2008
16748
25477
11376
12538
32422
22580
18056
644
4566
20860
25449
11763
13462
30812
18089
27862
27970
24721
158
27515
24330
26716
24342
18119
24645
17797
22088
8550
19208
25504
30219
5157
15352
30607
16198
32155
13148
27720
28072
29967
19575
3289
2457
25750
32532
4009
22128
3708
8034
26368
28902
485
4098
31433
12746
17076
23135
12183
10487
10412
8510
24295
17540
14805
8598
9381
30778
1058
13729
9713
31051
14928
3635
13602
25152
6161
5707
30475
21300
20842
13543
28030
25152
4442
24861
2831
28726
19388
15464
13338
13714
26222
10048
20744
7085
32179
1005
21965
13876
18390
7068
25269
28889
23569
22963
25185
17736
24748
20834
18700
3421
25705
16762
22804
17812
26400
2691
4277
21441
21927
19209
9495
9729
31988
5686
11915
15856
14470
30886
27153
31772
24577
16246
13343
16314
14360
13726
8349
11928
27311
19329
21556
14675
19009
23747
712
12234
25728
2139
14147
31186
10300
20201
18581
18476
8838
27465
8185
20916
5909
6504
13433
28890
30697
16214
24500
13654
45
11421
28639
15896
30306
25554
6922
28542
22970
8809
14244
22986
32450
6861
24130
25555
24388
5297
22684
3579
8556
26528
472
24928
6697
988
31756
24407
20182
32101
24318
1302
14874
19800
17454
14256
22541
15738
21526
11335
15772
12821
14512
8316
16174
17923
6457
30507
27272
27912
821
3414
22509
4197
25779
23390
5770
22953
31698
13945
14354
8139
24452
18016
16294
10870
1426
840
30711
16292
27104
20500
29870
12142
15091
1225
17164
21026
12208
32066
3533
11415
27238
37
14419
11965
3343
4629
13568
16504
25299
2345
6884
4271
17102
29853
16024
23200
4115
11464
21097
5494
31473
8014
20921
16925
26485
11159
15267
19285
7471
9088
24798
11269
9273
17488
18660
20434
29558
15341
29267
25073
21528
3664
29331
32313
7781
28470
14521
30845
13242
25624
30635
11800
22992
16990
31621
5577
23358
24016
28220
450
4415
31565
20354
18427
15030
23487
9193
17612
17519
29518
8010
27579
26280
8404
20072
23187
15312
31121
977
8886
13454
32033
3077
15539
3333
17834
27866
23067
10071
2138
13343
2449
28519
31249
6528
24865
11236
27738
30633
8915
24707
13984
24751
3967
9611
16287
20907
23522
6295
15128
18856
31730
19095
28617
18367
14447
20249
6556
29824
17083
20679
15391
31380
15083
20272
31028
21153
23582
27083
16394
1646
17165
23608
26699
12104
740
4042
3479
13220
31825
26179
16178
2053
10970
8670
22521
30496
23667
3731
4763
13630
1872
20630
11781
17123
12792
31777
13854
25261
8603
23155
17589
9854
17061
25
20151
22494
32659
6252
20902
16282
31237
2651
30022
4273
23061
23146
30106
31345
10216
28155
26894
9694
25474
5068
14070
8787
20191
30146
21047
1388
7743
22501
3140
16930
705
18603
5197
31544
17203
9849
30387
21719
22313
7783
12478
2421
14412
2116
11410
17915
24053
17370
14687
4390
5883
31602
21465
16941
13769
28571
21224
19109
17075
12328
19616
22434
10378
26232
18291
3616
3949
5370
2981
26273
23011
28655
10497
27671
30759
13170
1227
25091
1475
6838
1013
5599
25952
23696
9621
24506
20189
20789
8599
5666
926
9540
24495
31046
7463
15879
23186
22876
10729
13046
17254
31809
3163
124
31095
1631
20557
22526
10795
27348
27258
12570
11576
9937
5724
44
28948
19519
17988
13847
2990
8105
22953
27970
17243
19798
3520
26592
9235
31157
23630
17269
29917
12543
15547
1429
8584
31255
31591
26095
27804
4277
6977
31115
32144
2755
30101
9040
7997
27911
3109
28105
17043
29443
16764
12841
6539
3609
27519
12428
24156
24563
29765
32127
6898
13346
32040
26819
1180
15621
14364
16718
16389
6125
27456
6803
8549
23678
21171
30467
15608
15193
21673
31700
23472
28664
15294
4609
10279
2520
27530
6290
10199
20702
17269
3101
21645
18676
9164
18317
27163
6387
18709
16930
15437
22725
29088
28345
10527
2763
351
8270
31533
17532
6135
6079
20587
19023
19735
7890
22806
8923
1801
21626
747
25917
8071
3670
25750
18107
19151
29563
32109
11175
29946
13427
7518
16261
2441
1157
2342
22640
22849
14391
11972
10681
4665
11538
32302
2514
32305
24229
14914
20330
31525
19661
22015
2522
25122
5939
12789
6336
20569
29205
19962
26345
1650
22602
17183
19573
21026
7808
6627
23605
13824
19401
20646
8280
17300
23382
9824
2631
23473
19329
32146
6605
18693
7697
27517
32635
26863
11706
18323
15947
22160
31972
20267
4227
19493
25006
12664
5084
11924
13105
6076
228
30532
23561
32185
29089
28722
30226
28264
31607
30274
21359
30958
8267
13779
6353
29132
23273
5525
19701
21590
19107
17311
367
22630
16955
6332
30887
4177
15876
17926
27937
8986
1347
183
24065
30438
31451
8251
1230
24496
24874
25226
22646
9790
5422
19124
16786
31572
1260
19901
25580
11047
25874
16812
8510
9492
27099
17119
14653
11154
1843
929
10966
16486
31772
14847
15032
8470
11600
8151
17170
26527
4903
14641
12446
9066
16060
21714
20702
32381
14923
31503
21926
17135
18654
16096
12762
21662
18729
9525
13177
29476
16306
5773
32474
22534
19509
3780
20278
1327
3654
32556
8295
22429
15672
5856
9711
12891
30526
25941
13116
21935
3024
2866
31019
13972
17744
28002
15562
27242
30190
7783
27490
31469
19401
29169
12213
13924
12374
28335
27780
20506
14086
4709
16468
25874
24355
7231
30322
14583
11515
20837
2357
16210
24129
28623
6531
17664
15792
17243
32662
19938
23025
4380
22784
31446
9151
19701
14317
3046
14153
19815
22441
21184
21720
29096
31330
10598
19633
28149
21550
16679
25149
12840
10064
24014
27239
7821
30135
20761
10566
31474
27591
19053
13052
25597
26716
20167
21470
8899
17932
27894
17365
8853
18861
520
10499
31005
23063
8706
11690
13483
25899
30932
11594
25801
5653
14219
15626
4373
16589
25033
4953
4688
9956
3954
4821
434
31101
30377
31852
12928
15514
20987
3265
27105
28569
30425
2257
18670
7934
12364
32214
7432
17266
12772
14444
2670
4620
14066
14066
17678
8656
8694
6963
19356
2677
12379
24389
22754
24684
5730
20914
32599
12829
5981
7382
8946
27252
28189
23944
17728
15516
6573
3325
22453
32010
25153
16872
2112
3006
10857
3302
15393
13253
24714
29722
11519
9219
9359
21012
23605
25903
30172
7160
20590
28959
32131
21212
20849
20294
18619
9329
5694
23163
1934
32486
6489
5115
9169
7177
1894
10162
17497
18352
31734
1462
4204
25943
161
13589
18294
30986
597
17360
253
14214
12525
30759
10455
24987
32005
10007
2971
28372
10253
21538
1877
19290
6813
32334
13438
11542
29960
15984
6955
17430
3636
6826
18564
18994
21673
13107
22648
13807
17895
11350
18351
5283
28669
31166
8640
20442
12631
28400
24485
25081
10968
14617
2668
15905
6185
9738
30254
28502
592
23681
10565
13025
132
27050
17338
4594
31551
18405
31485
16010
9622
17098
32217
14232
8390
23658
21670
30819
32271
6104
4545
14119
4805
19689
26169
30467
21156
26935
28363
28946
9316
17004
19729
6361
25741
23997
24822
16353
2701
20660
13933
7332
9223
7987
31587
14510
6767
15030
4593
2556
30420
1752
4823
15272
6140
1817
21542
27080
3766
6622
18492
21651
5228
25785
18677
20165
20472
21995
8992
27461
23736
24359
30256
11781
18405
19865
15412
17450
30752
25383
3594
1902
13134
5367
30671
20674
13990
4913
29081
24119
5384
32262
20585
20510
20369
27633
17243
366
23660
9532
12576
16231
4075
14535
2478
9333
7126
19973
24630
6743
6403
22599
24919
18304
20262
3901
31121
27582
12011
20665
16380
28697
12866
20407
31034
11774
5882
13467
18090
12701
10130
4793
21982
31631
1612
22298
9296
1468
11906
5245
11088
3964
8253
20637
2113
29948
27140
14002
29957
5604
1266
21306
9398
3894
14092
15609
22679
19577
28625
20287
16714
13336
21266
22889
67
29445
26115
26538
23932
11169
4755
2316
1386
3040
29945
14001
25393
3752
10127
16479
27412
27771
228
25148
26927
32598
30732
26581
10344
7641
9019
101
1443
12711
1171
10325
17205
3344
6457
19455
12443
17390
24238
1975
31341
3020
16989
10508
13965
26446
12144
21835
164
8397
12008
31045
15055
22593
19949
26194
18069
10340
15970
16534
18973
10004
26045
8835
21917
17657
19990
6559
32022
20585
11645
24712
14911
8072
30609
31285
10942
9652
11599
4734
32414
30752
24359
18399
11006
1470
5461
17017
13574
1635
4718
15449
10528
25894
9273
24317
4708
10761
30401
6676
1619
9947
7592
22406
6345
27484
18366
12468
19501
17571
20690
2305
20971
19389
9673
12689
12068
18327
12013
31313
6564
26141
13447
21559
8468
4260
29103
26827
30832
24453
18787
19174
29628
28939
20951
9401
3571
10128
10764
1810
2881
4834
19876
15835
2929
2284
23285
19939
8361
12690
32604
32738
15957
2524
32211
7351
5217
8791
966
16115
10923
7352
16419
23963
20664
11459
28849
29738
13734
8299
22946
27606
15457
13115
23403
10772
24602
12532
6867
26718
15605
11128
28490
14644
4354
18406
2941
24161
18799
26375
5159
21631
28668
11497
6442
14269
3246
11209
9438
26080
20424
13878
21929
392
6135
7284
13776
15029
10445
22815
17804
137
9584
28944
27489
80
9108
2693
16043
5565
27302
32635
24698
4214
13130
28511
22175
29396
31496
5094
7431
3555
16450
23866
24904
7857
14954
6486
7290
20677
25202
10931
32584
18925
24451
4644
25670
9021
11249
20478
15494
29524
1647
24701
10854
19937
895
22371
16043
23654
21293
24290
3028
29756
3837
7612
936
19928
9250
18601
21266
16716
11760
25337
12334
11280
21652
29306
20132
25603
1027
10908
28213
23469
3888
21203
14227
23495
4994
27709
23414
30205
12421
23173
10220
5362
26592
5127
2032
19845
14727
7477
8511
21843
20529
21305
1127
17020
21005
18908
8993
30891
10672
16550
224
26448
23378
29510
20906
32048
14907
18741
31527
29984
4728
10391
11256
24589
6866
28770
32073
4160
17153
24001
21162
18912
12828
24763
27674
23737
2388
9232
24165
2875
16098
19555
26033
25286
9534
12958
18003
26917
29330
7571
12263
17240
23662
16095
22175
14742
7101
30484
14043
15506
27896
9495
14074
20478
24729
1222
7024
32333
4051
24798
281
14782
2432
7196
20942
20118
2907
21923
26421
19116
23407
11422
20445
32299
21967
26406
27274
31124
648
102
19405
11522
18388
25085
8664
3250
3216
19619
2705
24258
24304
13328
4069
5689
29554
4634
15967
24392
4112
29981
2553
16592
14266
19871
30002
30499
10755
16180
11872
27663
2843
30880
5960
28697
18429
22332
27372
6406
2793
22939
30116
27040
21525
9580
4976
9910
2720
9378
26765
32101
6599
32211
2118
24214
28251
27614
32269
13256
26738
14545
27850
20752
5470
24586
14451
18525
17883
7068
28125
513
21644
24820
23762
15981
12457
4284
6243
25916
242
24063
20863
17780
29415
12430
16325
11016
2618
1699
3223
28065
1157
6597
29808
23709
9529
19179
4727
11352
32214
6628
2644
18603
1634
11254
1090
12467
6676
9670
12133
16340
11344
23671
15967
2045
18904
8726
4638
8493
14912
12598
1783
4662
21922
31703
6137
14017
25236
24973
19579
18066
4183
4318
9208
25101
24913
6123
29725
18425
6589
26707
27935
6277
1698
21076
14418
18824
12545
15155
25848
12301
20819
4830
5974
17167
5939
19665
11790
31617
6487
24630
20904
30098
452
4944
8818
14126
19010
5657
30858
16328
7438
12330
27193
17751
11728
1500
3202
17054
7884
14509
8699
15025
18012
26341
11228
21941
26782
20089
4438
15079
14698
5935
20774
19424
14983
2051
29033
9495
18974
11209
8626
1959
30062
10517
17242
4178
25538
20824
19479
24518
28064
11083
14032
6176
13380
31889
30384
21423
19789
5784
8314
30970
22197
27328
15900
4100
1798
10687
134
31950
3531
29252
17340
17182
22597
21210
6442
14207
3680
8975
19513
16777
23525
30678
5407
4962
23025
14123
28155
31365
11430
3829
15905
11714
10528
21296
20402
15494
6059
1867
17265
861
26163
5839
30417
18869
24316
322
4179
27877
14227
32075
9742
15470
3076
22295
12943
27520
6733
3578
19428
15296
21011
30042
20724
17736
3220
23753
274
32751
221
881
12753
29131
18492
23221
5913
9973
1785
23573
20858
22156
3393
30290
14017
22781
1123
21971
2249
21377
31807
3144
3732
15591
27898
23437
17306
8083
247
10193
4449
15559
15107
21751
18254
29985
19664
4924
17595
6757
12709
24347
2378
3709
24915
14446
8056
21438
12139
21717
5493
29293
10926
20827
30771
22402
4293
10071
1212
4267
10803
26769
970
2452
8839
1702
913
11878
12502
10670
25568
6030
9320
23067
26728
8895
10674
484
17755
7482
23428
2276
23098
25421
29828
4221
3816
6425
13531
4736
1794
24729
20526
26449
8051
12512
30672
30534
27202
12962
21814
6993
7343
17910
2219
28895
9087
5466
68
9471
20884
23032
15127
31431
23744
13608
19624
4339
7387
17205
13476
10960
16659
19300
24274
89
28548
12594
24390
22943
777
2782
16088
31086
23377
295
27604
6957
29493
23639
8947
2054
12616
25216
25738
1863
9904
27398
18946
11784
12341
19293
20360
21007
11672
276
26117
9200
17190
15635
24913
13432
22924
13345
5796
26956
20461
22697
16205
9422
5170
25021
29606
9536
5538
17243
21063
24364
17842
31727
10106
22275
6942
23322
10479
15876
19256
9650
6577
22111
11648
15114
27225
25243
32118
8051
10626
9269
28332
4098
22652
11658
18207
916
30789
2806
29639
15632
25268
1854
19309
21228
17400
3883
29629
20467
18497
30840
7324
20805
20925
12271
1468
17823
19142
4814
621
12764
26714
30575
28598
7868
28875
10536
20644
5093
23223
23409
1250
17447
22587
22596
19850
20228
8804
28106
5179
15216
6374
24371
10348
4053
2577
23781
26367
11098
14080
18394
25
17509
26644
17475
20274
12382
9633
24434
31080
22711
26854
19702
17945
297
22851
32520
26032
17216
27046
7718
6847
25369
27207
9213
31055
24939
25237
7564
12404
28356
18287
22663
4644
9237
24984
32761
19784
9329
30821
27694
3604
3090
5305
10704
30868
20637
28723
31824
12680
30374
25766
24455
26994
16503
28618
19614
7661
14861
7985
17963
1344
18020
30844
28572
22579
4597
12750
13273
28194
3708
20097
16165
24399
23550
29720
20549
8572
17163
2933
9445
21178
9281
589
1335
9852
273
16600
13021
10479
454
10189
16137
19598
7362
10893
3043
30193
17163
22942
32043
31205
13831
29020
7199
16834
27268
16619
12959
2553
7419
32112
8591
28397
31510
21889
30333
15364
1647
22746
1155
12541
5275
2129
1135
12676
4199
8716
34
4867
24673
32241
3382
31932
5787
3678
6884
3605
19883
22810
22308
16178
22262
31884
28437
12233
7727
5419
11936
22578
26138
5942
17240
20670
17046
28837
9893
9034
29658
1887
29474
23316
1791
26541
10563
18125
24511
14063
10043
8431
3964
16014
22557
4688
7555
9009
24129
17144
9363
7220
15593
27951
27033
16214
17700
9947
20414
13489
18931
21769
19875
26352
24491
32202
18411
956
10906
27712
29947
24695
237
23288
11773
5933
25553
6266
20779
28615
5081
23071
6474
27010
17568
12579
3700
30880
13231
22011
29723
19550
9889
15849
22603
12581
5253
11981
10287
25348
32387
17726
28119
25694
15299
8409
6968
11488
15498
10969
1653
17590
2214
10985
31581
8191
32013
7734
1588
20094
3265
1223
23478
21394
2294
6417
601
14952
13431
9670
8403
14959
9798
28143
5596
12
16258
23354
15669
28048
14478
26261
1513
26727
2416
28411
15827
1681
12663
29326
13920
12375
8737
24039
9878
2614
20795
26026
28245
15136
13898
7773
7901
25316
14122
18042
27793
21738
18421
30402
28155
27427
16935
11477
19471
1344
14079
25600
18356
2082
16680
12374
14464
29074
6552
4098
26819
21555
29625
26331
29384
20404
25798
22585
855
22858
23160
29447
9598
26718
25827
25626
31634
23427
22426
8897
2416
10666
1562
19358
29704
13209
8038
7604
23069
18841
27886
19904
10822
14703
30901
9165
6713
30862
24243
5891
9032
16011
19833
23488
10284
9169
31251
6122
10242
6294
2866
12675
8851
18446
16267
27517
4568
15326
21370
17616
7358
21459
27115
19915
26406
26068
31866
26535
9008
6677
5849
8802
18361
22414
24946
11467
4130
21676
16206
2777
10579
8262
822
1600
12288
14034
24
3398
25643
30681
30892
29651
13803
4008
12886
19144
3947
10569
12111
16786
53
31921
21504
17919
11697
3387
31662
22096
11496
11349
16476
14735
10638
5241
31213
4643
32320
12384
14474
32417
8714
25202
15939
15589
3884
24704
15353
866
1822
30645
21883
1206
22481
19658
12527
20865
1592
27770
5492
3192
519
16438
23813
9397
18107
15129
15776
2641
3546
21278
11688
4405
30332
6801
26505
30253
17930
3523
20634
14911
9798
26882
18247
18490
1163
6856
7279
6289
30294
9779
15371
18282
18182
2485
18705
20723
4832
32269
12440
26613
4950
8566
30780
6827
137
25374
19396
14804
11276
17113
3586
13831
14571
14615
28923
26439
5356
23316
22856
29399
5908
3918
4284
17231
26477
26172
3143
18160
5127
27453
18714
26677
30525
463
1292
29866
21305
8961
22077
26113
18107
3883
26105
16739
32533
18396
21215
260
19323
26132
32322
15354
30073
8371
18639
79
709
5938
624
4949
17463
13457
4465
3129
22038
16016
5346
31963
30101
25890
1596
7389
20381
26143
7751
11003
11469
6457
314
30874
7872
30769
30244
21411
4750
30539
11660
17041
27797
16895
23380
18121
4473
12273
10212
6442
105
1571
15492
5350
25252
22633
28424
17552
13372
7966
20659
17782
27162
21782
9302
30000
14659
12755
32696
7545
25434
21500
7226
4670
11365
28682
6843
30197
24020
22341
16058
6192
31423
27375
25786
8818
2415
20415
14315
1857
5664
30097
27398
26492
21253
18267
30841
25071
31117
5987
11716
293
20709
7087
1571
15229
32190
3773
6253
14720
32592
18549
7228
22130
32158
25436
19022
3879
19708
16906
7211
21273
19151
2270
12040
27575
30613
24560
19948
28159
29221
4423
26385
27214
14391
22349
28813
20087
20518
28543
49
11795
16373
17769
6834
25881
30097
18898
32262
18607
1109
18996
27409
23103
23507
23663
12929
12492
23506
12989
2295
3207
27027
27625
26215
18589
27225
13244
29889
8020
18215
18361
20945
29782
24012
13322
10340
6476
797
23737
25772
16559
31362
10019
2021
4827
1716
22442
24377
6502
30660
30635
8673
29871
23136
22448
14990
4026
11346
486
16391
17979
14921
12497
24851
12528
2780
7742
18329
3124
31436
15993
14086
27858
28297
15297
27119
14103
15608
17913
29432
3115
14196
2720
9460
8609
29459
26883
17997
14156
14122
14001
5030
8020
13587
10288
21952
3210
27949
12782
3738
6905
25893
30074
477
18109
4980
3828
7286
17689
9257
22211
32645
29635
31465
27525
12918
21122
5684
6220
16493
15099
14313
27399
17640
19144
30477
3902
11168
13259
7880
16643
10160
26306
32432
27685
9720
19483
4171
19366
16068
32521
5582
7535
27305
16087
5675
15939
32432
2685
23115
16882
13239
6769
20376
23503
15635
11455
29631
11107
12922
22364
11700
16739
20769
21687
14326
28896
22561
32402
20
16574
1055
27408
8048
4455
28204
24591
20803
19136
20970
4279
2529
9821
32496
22867
4927
27121
31088
28000
21170
9736
3607
11236
7161
19704
23861
3586
13694
13844
8478
25546
29145
24868
13264
21334
662
3602
6102
19986
26680
31974
2156
28763
9085
27124
21731
32588
3044
6740
2887
30932
28525
3219
13888
27148
24480
8616
12854
32712
20432
21034
23992
1389
26785
17344
10527
17922
13512
21208
18798
905
2834
25756
4733
30863
22952
5409
15447
6146
13969
5602
6112
32579
22904
20590
30395
20092
25264
8541
19050
23348
4981
16264
16055
28960
23413
9082
21331
5436
24463
801
14526
32539
24026
13769
29798
15483
4841
5196
4115
13085
1101
10626
22658
29908
21596
18175
28496
6619
817
20990
13339
5483
16628
23704
18659
14477
13660
24378
13750
22318
24689
9813
28556
17265
30871
18519
18032
4937
27080
14299
32480
25670
23073
17948
6775
4527
22432
10672
5065
4306
4908
23923
4495
26520
19669
27585
21764
29020
21854
31208
26510
26109
18680
10204
19361
22322
26449
6189
13536
6174
11469
13367
2950
17189
4371
153
16133
20989
3788
5608
11245
31752
22695
4516
6414
20193
24481
4970
4065
13621
3715
6764
5156
24532
24236
22303
32453
17671
10768
17715
1
10789
24193
8648
3277
27489
30254
4575
15221
30182
22889
3342
21379
10278
3501
24697
5346
3182
21983
24061
31299
8638
10196
2990
31424
9945
6932
26500
3775
7064
13533
4945
31770
27779
13675
31990
11645
31906
19063
22231
6415
401
19198
29836
31316
26067
24643
24538
25426
9576
16407
14817
26866
22690
23640
15510
28330
24884
11192
28788
21849
28044
28607
27247
4466
18019
7188
9770
27741
6802
17144
20585
29978
15655
11027
5577
25640
2488
29299
18863
30373
25335
25298
31102
1206
32647
23319
16397
22313
30990
29216
27992
89
20876
14015
22133
15442
25323
12546
25034
7222
27863
2232
9086
224
13519
30000
7725
10438
27772
23108
31712
21796
21058
13974
21308
19031
16406
18202
19705
12166
7311
981
15766
4488
25151
23012
1867
3330
12611
18111
22592
25552
7961
14527
6396
423
14514
22750
7968
13304
27336
8639
30805
6423
17522
26606
24963
2716
18422
14184
15940
1802
15838
10846
9368
24238
15950
7478
20698
10186
25748
25555
5618
15859
24833
25622
7629
20664
23799
14756
3594
17796
25924
18154
25846
28870
20142
22367
8891
27214
18639
14089
4820
250
4900
25411
18884
4499
2144
14525
11016
17650
29702
17092
2890
31079
26166
4036
17111
23387
31175
12043
17491
28979
16535
15311
2988
7800
18975
6515
31052
25141
30795
17670
28051
21665
5768
24589
14468
10238
26398
22658
12734
12481
6848
21020
3246
14579
26209
13521
15620
8919
11082
1178
32611
7885
25962
26230
23133
30838
21485
30385
11166
16153
4112
21606
5479
19782
1587
1603
24639
29625
1327
7308
9445
19328
22507
13410
21128
29537
7466
16454
25914
15478
20903
14809
24739
2586
16484
8421
25330
26889
19775
27553
25625
8642
19910
19505
30010
18992
25676
28525
5212
6794
4413
6371
26723
2424
28334
16415
31039
29559
19000
4906
14435
20862
4359
592
28025
17122
16942
14630
23380
28279
23357
10444
12582
32504
29462
1904
7155
16040
30460
26899
3141
5690
15853
21904
1058
29422
26162
32730
315
22526
12596
645
22374
7992
20881
17800
3918
11500
24431
28993
7529
6920
26385
4793
1323
8066
17832
21802
15482
12790
18539
29886
25441
13457
16873
20122
9224
9261
2462
12827
20196
5053
6597
22367
1835
30444
16238
7944
5003
1
4304
32572
10011
5382
7648
16880
13970
8233
3875
30823
11703
16226
9920
18421
6424
5974
22489
29705
6143
19836
26651
18795
10914
28030
20372
20161
12442
15842
19141
24152
11158
18409
21241
3361
6737
5815
28885
762
32705
29109
7471
10287
27282
5684
9252
19521
4306
13395
15972
10726
21486
13090
21713
27728
16605
7
8777
6578
24731
28001
10175
1793
27865
25708
9873
14584
15603
28261
5397
22110
32546
22766
16757
3979
4595
31155
5822
7977
4599
21838
14387
18488
28604
11624
26343
30036
8701
14881
25995
23867
18454
4786
20100
20618
20666
2385
4161
5319
30952
32342
971
28836
14107
28315
20893
19842
26306
16680
6327
4661
18415
6160
3054
6919
10067
10390
31110
29439
17002
24212
28930
12899
15347
20254
31547
9851
13475
15970
6320
9880
23578
15570
31261
14933
3606
8070
10063
29981
20455
22491
2102
10989
16931
28257
1084
25179
23194
9460
11221
10200
31372
1064
8279
9778
13594
22507
11789
10333
23035
24421
19590
26738
6256
13347
31027
20472
20090
11381
8242
3427
22602
15636
1892
8922
29689
7688
28613
21053
3449
14025
24829
2663
1740
5541
21298
14768
20595
30305
11041
10678
26154
7203
15469
18526
978
656
17974
533
9903
10801
7662
4444
11987
1051
31848
26499
13530
16591
8498
4788
26584
1631
16421
17716
1936
20946
27962
25062
20199
1994
31392
12817
25240
30820
32011
10338
6184
23136
27214
21813
10525
386
1580
28688
9835
21559
4459
6768
16431
17532
28459
16329
13727
20476
13430
14024
321
19320
22040
2011
5468
32108
26801
31987
15533
19440
9992
24201
29530
476
12962
479
19500
28463
17044
3208
13816
26802
13461
4394
13662
27352
13399
27011
26294
25577
27928
29098
23624
26975
31092
2199
11451
23697
1405
31206
17873
17038
22285
13528
22353
21324
12379
29851
27204
1026
16589
15819
30819
4306
6157
21816
6097
18859
20319
5098
3846
9838
23858
15458
25867
26191
18164
13603
16877
15999
9515
19569
13164
23560
11714
26969
10739
15608
14496
19953
16845
9409
29312
20193
11413
12256
12796
9250
20206
19133
8938
14086
26229
4050
15340
4473
19444
20752
12867
21126
9689
20606
24548
19485
7910
27684
20430
11795
29993
16679
25754
25194
29999
2613
19796
32467
13685
15651
15497
28529
9759
11221
5537
16096
18668
11359
1135
8054
9578
3177
13063
6600
19814
21464
4560
1136
1447
6827
26074
10510
26332
30242
4465
14989
2770
16678
19186
168
6634
17381
13789
23724
19659
32445
4652
2943
13908
7259
30179
18657
27092
20260
17641
14322
20862
7635
23318
13556
18711
25444
7309
29779
20722
1586
24652
4834
27934
10844
26881
31592
1246
25452
24607
17755
22105
10555
1842
28907
21139
5135
4976
9283
30108
9223
26512
19979
28424
6073
8159
20785
11934
5657
9360
7657
10581
12189
13907
23538
27260
31390
10538
2587
17720
20226
16760
14087
14899
25880
26459
14125
26003
23491
9276
31778
2345
27099
7845
28955
1771
16080
2130
174
24485
22160
12938
10200
2539
17579
15536
14916
13650
15029
4373
15306
19936
19949
9232
29495
21440
16411
10577
6732
23354
20415
13170
20233
18659
21351
29135
10795
7697
9313
152
7923
27026
7314
32548
2089
12446
11174
24712
1633
25609
18282
10857
4989
13757
15221
5646
28531
25192
7182
18361
19024
17266
24650
4152
20349
15666
26485
27831
30273
23905
28083
14552
15240
15823
13287
18182
10467
32596
24276
21254
19663
28938
20867
718
2106
14265
1764
27035
21827
2451
11959
16702
27458
21026
4525
19894
25608
21118
203
7940
18024
4547
21520
9531
6646
12738
15447
19159
26638
31735
27775
2383
19992
15036
24008
11246
1291
12987
13184
13534
560
20649
480
6278
5417
24370
31793
17174
10033
22831
20018
7263
32677
11295
9406
32233
12740
32469
10666
20287
6067
20590
30445
15502
32451
902
17667
15214
26871
10668
22675
20992
1985
8978
29519
21561
21517
26249
19483
2941
26496
1453
21106
31856
31490
16733
16646
16137
11898
17007
17319
7400
32216
19105
13414
27113
1881
29138
13306
19193
1798
17266
8547
24360
11135
20535
13517
32512
10230
2065
16822
1557
10110
28769
25683
23262
1414
2662
7728
10435
28576
32247
9752
119
21640
23672
28468
21128
17505
4103
11126
30773
9793
19190
19769
15999
26352
2942
19489
10115
1261
1969
12617
22022
7602
5553
11933
22354
24633
25632
17796
16193
2239
5847
16579
19095
18888
7131
1438
31636
18019
19596
63
25802
431
12064
12124
5677
26526
27728
4885
24681
21241
19793
795
25208
13477
22022
12311
5491
16420
20340
21578
19112
16734
22134
22384
20462
32674
17074
27115
11829
20968
31179
23325
13921
18521
729
12054
20569
3857
28182
14191
16474
28195
25817
13173
22162
2781
30153
15243
15594
20046
29002
31689
22307
5382
27196
489
26916
3101
12005
8804
30610
24439
20011
14552
5794
7493
32007
18349
6955
29391
28726
15096
25088
9842
32306
21151
8572
29412
7520
30655
31070
10176
4747
330
13527
13118
25489
11253
29410
31041
25180
18769
10452
7064
25620
27191
13108
6013
30867
2154
26828
23650
13850
29560
25600
16366
27970
1249
30303
29506
22837
24443
31352
23936
8221
15893
30703
32654
14301
5467
19920
17687
768
3322
22306
26323
14830
5124
15808
16905
29798
5269
28516
18770
26408
2743
26885
29343
10738
643
19555
18045
6574
16777
29664
29848
10986
8050
30865
4478
16520
20964
24213
24998
23223
12198
23461
21937
12834
12037
27629
7151
4967
9078
10522
27429
3786
32380
6069
27278
20523
6092
24239
23327
13109
16560
7485
26127
26585
9897
21222
13463
15098
18776
3545
13559
22378
1950
21381
12473
4886
2051
30564
6201
7293
84
21527
10085
7271
8336
6840
18370
8147
9478
11372
21424
24113
21431
12855
7918
12241
26881
26389
26720
18588
14207
18502
6416
2818
32555
8169
29812
1843
16325
7628
7663
31378
2681
29315
6041
25446
5820
8375
7747
31955
7799
30913
1718
14090
17767
29303
60
32700
4035
22854
24674
28372
11296
32386
23547
11109
5267
26105
20840
7393
19221
8398
2071
15501
13611
19077
2378
6961
23238
23642
30234
28436
3175
19159
32443
15911
13448
8613
24321
30849
22584
4515
1059
5899
2821
9525
16320
4733
23070
3807
11295
18057
29369
17938
9659
5461
1971
26181
32255
24367
14966
1096
19278
8829
2848
28117
31302
22514
5090
1897
1094
24328
5029
15441
28461
3754
3060
13576
31333
15920
30230
18368
7457
23185
21370
22335
14818
23508
7513
5100
11072
11976
22422
21290
3559
26357
19177
28900
27616
19666
10812
28521
11538
7225
10069
18811
28936
1815
15030
10914
13812
20584
8897
455
28916
4963
24096
8701
31637
2801
9572
26018
31382
28004
10220
1959
8686
12390
4105
10028
31247
18735
4703
10576
2669
15612
3215
27975
3386
5564
30483
1709
4212
3852
11881
29209
10274
3941
22387
30710
5595
16788
25374
12686
2439
25195
30018
25704
24426
5815
13001
10196
32606
23922
15124
2244
16735
29241
20634
8157
31565
13312
29906
19918
7150
25604
31572
4577
30515
20737
22587
11983
10172
17061
11725
4569
10653
14661
23902
12308
4707
21968
8049
19973
2642
32257
26401
25965
27377
4312
5311
7526
9929
16202
15293
2223
24169
23864
32714
7749
18093
16030
19775
8243
17472
29965
28858
25770
24672
347
21000
13652
31457
19865
22089
14566
23925
837
11598
6901
5162
4545
3654
26122
12084
30980
10138
17400
20973
11408
17941
6253
13082
8867
30536
10696
29296
25522
11053
19498
26455
11795
6410
17104
19693
506
27544
19360
28494
10662
30821
2305
15891
4572
1655
15856
26648
1685
26674
4177
25731
10228
27772
17794
3329
11130
27422
11574
11603
15741
28781
11905
11274
5846
19499
11055
12430
6875
1960
11610
27237
4493
1836
4924
23986
21010
23193
11585
22780
29029
333
608
30769
18764
9542
11948
22763
27530
4489
4134
25585
21846
26564
13782
20481
30477
22834
17690
16845
25636
26303
18749
11587
16224
27757
8523
23569
14153
31734
36
15721
9948
19123
13008
25345
11904
14012
8466
20319
22843
10065
15424
31059
8742
19576
20561
10437
28190
488
27448
4272
19901
22822
20081
19055
7048
3822
7897
5688
19050
28628
18114
1254
30818
28715
15943
28411
6520
31526
11741
23781
20213
15677
7979
17536
16083
28114
12316
16349
32627
23573
31794
8514
27534
17189
12317
2161
29294
10616
31628
23853
14430
20348
21827
21243
7007
29054
17773
23078
28700
24780
10804
8709
2848
14358
10896
4224
27207
12058
19292
21201
4722
20865
23215
27528
30079
7427
9577
25042
29817
19154
11020
30202
21003
18486
17358
32560
10555
8820
27884
22154
15445
27125
12096
29512
12324
20644
21526
7260
1896
1944
23612
21290
29317
8179
27992
23436
18297
29450
10622
1305
13840
21958
9474
6567
3163
6986
28299
5390
8030
10965
23913
2607
11273
11498
6697
22837
17514
5039
5478
6939
7456
660
24802
26223
20243
22836
7893
20821
24930
25984
31620
21710
12189
282
25878
30010
53
7679
30115
21532
24368
1641
17295
3870
4385
21492
3094
4181
12888
25087
27687
13253
22102
16213
7030
26152
15236
25357
24013
8427
26404
10414
7842
26490
15751
22423
27375
10685
27264
14750
15678
12258
11802
1272
20483
29534
24966
7513
27183
2350
18519
28763
23042
355
498
28964
4641
24541
12095
30531
7400
4695
8357
1244
23041
1956
8246
14341
14902
19511
11302
27503
28035
20457
13698
19017
14192
14583
14110
23393
23966
26698
14544
18317
25759
4860
4827
24393
3850
5399
1454
9121
21199
24992
31183
22098
14537
13268
31762
21804
23186
26033
18958
17594
29339
4024
721
20005
12924
22002
20435
29782
21384
1585
6697
17499
5541
27544
8187
25868
8283
31581
32312
18926
31274
16078
648
3415
2593
7826
22915
13779
22444
29490
27936
27335
31918
32472
1904
23636
32207
13398
3468
25214
32024
28521
26316
6030
31421
575
25657
29108
6201
15416
15429
8177
4512
19946
28346
11828
24881
11879
9457
13508
16683
26050
25156
5853
32739
24783
6341
5278
23058
12843
30257
13347
20339
25724
32031
17902
9614
16890
15997
2187
3278
13615
18237
12147
7130
9978
5708
20786
5410
32218
11972
197
10936
8809
6754
5702
13410
11559
28730
27339
3053
8569
13225
2955
964
23026
8076
10306
11201
2512
12719
16599
22594
30666
2697
22076
8064
22025
29990
8855
16668
23412
11108
7327
11259
560
10850
19016
5716
3943
11062
9890
23559
18505
5086
7934
5937
30801
29817
27476
9981
11466
25784
17889
6333
18833
21903
17940
10041
23324
11056
25259
17478
18875
13113
24346
24731
21022
19244
10284
26081
26392
19233
25580
5897
24738
2231
14534
19170
7203
1616
4074
13547
29167
8830
22257
12390
9229
23480
1219
16813
10813
31826
26040
16841
32569
17068
29437
26689
21308
22953
14650
10032
18369
13666
4721
3482
6285
10268
14122
9216
21999
17272
27341
30514
5191
23018
18255
17765
13509
13420
27664
389
11123
20596
5124
8397
26230
14883
22290
26260
14993
22207
6841
8810
30954
13155
30201
5219
4625
11253
3185
27571
27198
32345
9413
4987
17114
7652
32322
16867
23873
23316
10693
32105
15047
13182
27096
3193
7673
24071
24095
829
12581
26455
32243
25526
30236
29323
9804
1036
25398
29226
16100
12066
20887
27995
15001
13166
8369
9557
30483
21512
13066
12054
16296
20480
10303
21848
30588
29685
30794
22209
12013
27107
21504
21594
10286
15165
28381
1090
3889
14652
5636
31908
26827
16246
14466
10982
32019
1202
17619
19235
16651
28155
32679
29660
898
6131
14310
2538
24888
2666
31729
12471
17476
18991
13355
2734
29363
15654
18104
24048
28786
5275
10372
29001
14446
12758
32647
13666
4345
14576
14920
3640
32624
17893
16544
20684
7962
30697
8641
18717
24404
18176
25462
23635
27883
22473
22189
6973
19146
16794
5426
22781
24021
31442
3261
6658
28692
24427
15151
28471
28436
1487
25
4474
27018
21997
10110
20816
4154
5771
4570
11991
15895
25822
7522
11772
19372
19032
13454
15085
12730
25793
9685
13010
16163
21641
10423
25784
26118
25949
13313
7885
25644
9464
2381
7123
19107
23612
6600
25807
10408
7809
10296
31489
24011
25389
19517
24089
22349
23940
15062
17064
15565
1730
30760
3285
20515
3687
22139
25425
1165
9427
26246
28301
4361
21522
15596
6186
513
23289
12550
24241
3629
15986
30947
4484
12982
1300
18061
2324
23191
20727
19086
12117
5449
19398
16307
27759
8351
6421
25616
19383
18927
17141
836
27869
27250
21702
30207
5478
749
6221
15041
30301
14993
10503
3044
31302
17696
20924
5852
12116
29778
26710
14526
8668
30839
7156
25599
15112
5213
26939
4990
30672
18548
10476
28357
3110
14640
27836
908
18033
21679
7776
14463
18237
31644
5351
23874
24881
12627
5196
31665
13633
5958
27468
20076
24357
14239
9077
147
17929
25383
30592
6862
25990
9830
992
16785
8913
6668
26011
10398
562
4751
15193
24523
20664
29462
15546
23813
5676
10134
23533
26517
25411
2618
9599
18594
20503
14345
21104
25847
16088
6339
16524
9223
14015
7691
17656
18478
27460
32203
3340
7226
17297
27605
352
6698
30262
5830
24362
28470
3358
27696
31687
271
26050
26616
26263
22631
412
29436
23822
5300
15071
5369
17672
19761
12645
32173
8541
806
1001
10552
13494
2410
10614
9160
18079
1318
32543
12405
16093
27611
24049
22378
2817
8871
19750
8006
573
8900
9371
30146
15223
18257
13189
2963
2460
10325
16223
10130
4663
9985
28455
13594
12866
3893
30409
4529
9531
29254
5852
24043
8827
7935
17548
21900
25796
23269
3543
29421
20505
16575
3581
24993
10706
26710
1585
1111
5871
15226
28309
4610
21677
7237
4965
3640
24407
16548
4722
8408
31583
26386
19667
4336
21677
18599
8407
26334
10295
27730
62
31157
11218
16227
13992
27618
10311
5964
29773
23311
31146
168
28911
18247
27111
32636
15117
30043
6558
9405
1882
20613
27441
7443
5229
3916
9243
7389
30394
8103
14467
19829
24769
7781
29968
8117
15237
24012
31488
10170
9024
16257
17012
26087
7253
26024
5902
8493
5254
32587
17086
13962
1127
13312
23257
464
17682
29382
25452
17320
28189
10289
15567
10454
20425
8135
3965
22207
23932
5289
10786
8488
7282
13686
1526
19776
27311
8044
25930
1505
12856
5328
16480
25875
23682
29328
29824
14034
6699
10536
26952
22801
21224
15554
8260
23806
20927
4257
25279
19848
374
447
472
16158
19787
5301
23768
3258
31205
15068
8642
26143
2699
29362
31788
4959
1684
18303
9806
4511
13086
29752
4185
27934
5379
11683
4618
31860
20233
22460
23166
24856
12377
10840
4680
28965
1843
2312
25537
28254
3039
4672
23967
11887
30695
10680
25545
6262
7555
531
8810
7105
4949
27071
14148
985
18518
24348
1352
19904
5137
12256
26211
25208
5903
10170
12186
23236
32658
4661
15193
12339
1670
5088
28168
32601
14516
7852
26848
16224
24633
1429
24317
4800
8758
29572
16564
5450
9418
18804
12582
19307
20797
10196
31253
5807
1662
10029
29175
21380
20432
1029
2121
1089
29632
16899
27686
11622
28506
2644
280
18213
12700
18764
5678
26658
11051
20305
4943
3448
1605
30965
4301
9212
6903
8802
3389
14021
29584
27131
13703
26348
30037
1600
29497
4240
374
13042
13601
16669
8769
31096
9754
25294
6294
22658
17958
16753
23963
3820
6589
19563
27824
3557
25445
14843
27046
22096
7043
28611
30507
17770
6769
21636
20873
5294
10448
28457
401
4342
27168
30471
15313
19682
21902
14691
16398
21117
12556
30772
19694
6174
17063
9771
31732
15501
11285
9201
6577
20071
9358
25264
20025
8900
1246
4052
10709
32534
22967
11795
27127
6741
28747
16298
2675
14681
4378
26090
30443
27271
23817
6644
28811
9391
181
25281
31735
19765
12806
11365
27522
26991
11271
9364
22945
32591
7413
16485
10143
26946
14998
20310
21650
8535
28875
16272
16525
18340
24169
30573
12311
26598
5189
26680
9180
16999
19086
15924
22691
7205
96
20959
896
23088
14741
15991
7755
27732
20191
16830
22608
19192
1044
18683
32584
3142
22728
20289
29833
21644
18209
28915
633
9698
25831
22664
9800
21262
6875
26764
8671
6564
26186
18151
27155
10098
22753
11618
17695
3866
19139
9063
11601
28673
29401
1288
19459
21864
22889
31556
8397
4313
22763
18821
10489
5061
8472
5228
6967
3179
28739
1489
2962
18939
30444
29190
2979
11260
6547
25180
6917
8427
1226
10473
31753
30757
18318
24968
16554
2823
26583
1056
9155
339
9582
27690
639
13525
24319
31085
2577
30791
19823
11788
28070
17779
2415
28099
14488
5783
3922
17006
4325
28429
13595
18891
32223
22315
18139
12416
1829
20329
15674
24160
16337
32449
16979
14314
4595
8284
30917
6418
24127
29802
14598
27973
17410
14418
14587
2215
9563
27147
20934
9887
15271
23241
22496
12693
20541
21725
14695
14330
27996
22742
22201
12937
7009
13805
18753
32717
32317
416
3217
14564
26407
12956
15793
17282
11918
25312
25783
17721
27218
32032
31896
23543
21555
22887
11582
16336
29834
3329
27611
12797
25911
29080
30076
23845
16602
10141
22497
2780
4678
6122
31884
21098
22578
14501
27160
9421
28978
6503
12236
23041
998
31389
12144
9086
14193
29743
14687
2051
20525
28512
11998
19602
1182
30710
7852
28347
7844
10394
4059
5150
15604
13953
28381
4908
18632
24652
20706
31021
29654
17453
354
12679
21119
24908
3573
12861
26186
18537
17515
20918
11408
16322
22297
10688
1401
24119
7025
11220
1831
25004
5846
19100
4400
17583
19886
23730
13394
22362
2232
7339
16994
24443
1183
27220
6790
1011
16336
12603
1444
1884
23177
6257
14106
5615
15667
24463
17840
10916
30962
3319
12490
20378
5754
20828
17891
15802
18212
17541
31286
8088
11329
24397
3262
31641
10414
22255
1121
2395
28841
15744
24169
30289
19426
3005
307
23982
15829
30727
18219
30597
2136
16044
13816
17198
15472
16232
13811
12523
19817
5164
24030
3787
23078
1309
9939
15567
8373
32224
7290
27724
20518
26645
23935
28304
11422
3873
67
22216
14759
28977
12242
29474
24266
8572
5398
24878
14944
8136
24650
16778
5797
18735
1712
20158
13582
17955
2183
23397
25565
6576
21304
31630
4594
13825
5072
23905
21732
14886
3506
5382
5456
15636
18830
24514
21873
18925
12429
8803
17905
29058
26574
9951
7423
5399
22
23864
25506
20070
19907
9122
11597
6374
32002
23016
28083
8268
13890
17420
24796
22610
26345
46
14713
16824
581
5038
2421
137
20165
21397
6348
10144
4969
11313
7840
23914
14711
3072
4234
15854
13936
30160
31790
7690
21058
32291
7954
5119
7615
14296
12464
26928
11598
21512
4809
22822
27616
31023
23549
16856
6694
5516
28825
10537
19970
12490
7600
15283
1595
223
27245
10435
9844
17973
5031
32676
28511
13063
26038
29217
18222
25103
26757
8261
26186
8286
4585
20837
15432
3723
29233
15969
8473
23823
3839
20774
9856
10224
24662
32119
7625
13725
9203
5870
9657
7449
31457
18493
21697
5980
1352
4026
21366
32759
28806
25883
31558
18678
11136
27773
19811
26122
13626
23212
22020
29416
14758
28318
20429
6380
28858
9280
7051
30722
29637
1142
24613
5830
32003
13916
26320
7658
17775
13779
1921
25304
29912
21305
14760
1433
22583
24695
7451
9718
21056
12097
3920
29661
14903
17561
8400
7942
7429
26005
32488
27093
5259
24931
9634
25475
10550
15498
28148
3449
29140
8562
19510
28668
26022
14887
21209
25103
5302
22362
19799
2197
14954
2217
1894
20663
24154
2592
5233
27013
30559
11007
11080
224
17644
4541
27159
18327
21154
334
5781
208
23070
930
11901
8362
30486
7534
23618
15904
24996
28462
9215
23601
8929
26475
23724
20029
30646
27193
18840
15283
21999
4613
26643
1769
18321
28045
17771
6987
4206
24368
28955
26296
20982
360
24382
553
8528
13461
20298
19860
17322
14844
2810
784
1229
15
4492
1337
23540
1007
813
27862
21214
27695
24754
6585
25378
16603
29576
19175
15811
25784
29166
505
12548
13262
13153
13762
8317
27428
2392
6194
17263
15819
4146
29562
7509
15133
3181
25201
25787
27207
10264
26679
19539
16133
9355
11032
25158
19373
21589
22195
31176
21615
29046
26971
21231
10203
9167
28861
29893
24739
19414
31171
28060
29859
25998
14265
28065
13598
6071
9903
28596
9291
17217
11550
25719
17424
9991
206
5029
16909
27578
21238
10150
9436
11291
1958
5984
24215
19822
31842
25167
26779
15403
8719
21208
19596
24822
28180
15066
16026
25041
26297
24199
11522
913
20178
370
26839
16270
13474
18920
19458
24991
26618
28292
136
16966
7073
25086
19723
28967
13816
28996
2708
25535
5342
1996
10127
31826
18642
3624
23575
32037
2903
5851
29556
15342
29853
19819
20194
10633
13405
23479
1428
492
20997
14731
17913
14429
14357
6770
23614
29667
3785
28107
532
12282
10744
9503
23475
21898
3644
13490
17951
24602
20819
600
23210
25409
22981
13962
19386
1118
16839
9145
32460
15497
24928
14306
1977
30410
17354
11363
26936
24200
3099
26637
16037
29252
3365
18298
13057
11911
6298
16289
26937
25880
18804
3751
14763
5235
19859
28409
26854
21367
29352
151
15281
9567
31315
23731
3152
18931
31112
1914
17666
24063
18231
13362
25550
24581
15916
3973
27519
27951
22068
1052
26094
19079
22657
11632
23423
3690
13135
27869
25582
32314
12488
21753
13388
29780
5413
24355
20036
25154
26647
8031
13475
17201
28005
27233
18712
4773
4310
8679
14135
7019
18769
6988
4292
13008
14147
21594
32559
13328
577
27233
11867
20497
14831
1925
21667
1361
15904
14940
31775
21533
29246
27577
28963
773
16365
26306
31241
1932
11499
10057
15409
26404
2106
25177
29253
9305
29314
32014
22466
3148
17841
26026
28084
30819
8164
742
31937
22591
5514
11654
30824
6126
20166
26672
10123
13922
5142
18814
13867
8226
3635
19538
5236
8768
15672
31338
18169
2443
27397
9524
3136
16901
7398
8419
31617
2712
18544
13762
171
4356
20396
15304
22952
2588
2168
5229
30946
6706
21289
30397
28934
8656
1141
16811
19976
17065
9873
18599
32615
12494
21910
20083
14258
9253
15145
8754
25931
32280
27995
4802
10347
30602
13518
11339
27238
27407
32282
29720
31280
3932
31342
5798
21024
13820
13179
15355
27381
25157
5773
30265
16407
19595
15099
32371
26911
9619
26562
13247
27800
11850
7277
4237
12295
30647
8504
2615
10538
24367
25204
3801
13438
6856
6957
5474
13571
27152
4875
29675
24899
16126
29558
28744
24977
29480
30717
16093
9103
23863
32249
25523
1779
23192
14189
10700
18314
8565
1329
9395
18557
28388
15440
28758
9427
25950
23214
8984
10551
12146
28398
9763
6907
15034
14226
26619
28766
7951
15716
7513
24074
1529
27925
1078
24033
9833
29733
23846
4857
10411
25858
3815
12005
1686
26228
10298
15415
15366
29240
13297
29250
23436
26348
4938
30245
23395
28971
21115
11525
11942
4088
11150
921
32449
14432
11119
20204
6438
23643
11588
10846
25921
22772
8188
30444
30381
4009
18987
24498
4008
12053
21
1966
10180
28364
8
17607
19168
17031
26864
3086
25687
18561
32549
29507
19063
30496
13191
27547
7733
19928
8397
6592
21278
3405
29466
28442
29585
15031
28113
26701
29996
29323
939
5379
12676
20056
13575
19691
22297
25070
10369
13826
26249
5062
12741
17
4099
21662
15014
31094
1279
31332
17002
24872
4652
16981
26472
6646
5546
15974
11990
8975
9594
12771
32476
31175
31283
8534
32492
18584
29174
6570
21078
1895
16291
29328
24855
28937
6733
4130
8946
29190
236
26566
8387
29853
26194
19542
8207
11784
22881
17790
11487
20737
32122
30309
30159
18820
26424
22415
11874
26071
12639
18434
27544
4296
24079
14759
11971
310
22590
31988
4758
722
10597
28616
20095
15399
14200
5014
1079
5592
7964
20166
2967
10025
32277
23896
12461
19393
16893
13515
6159
18095
20284
24381
15727
5802
5172
4563
16496
24477
23740
603
29624
3427
31184
16432
25158
5070
4486
5214
16134
28655
11076
11527
29347
20113
19505
6150
15261
31751
14313
20689
5275
296
10613
26020
21762
4503
6266
30684
16326
12104
24240
7073
29825
10047
20886
23239
30402
19355
9317
24310
16295
3796
9794
1801
3502
25665
12471
27573
26312
2525
23140
5995
175
8010
16882
30079
890
11798
1353
15497
23151
1854
14595
22540
1816
6640
29728
5461
10905
10133
17403
6054
14656
30991
7292
22420
3166
31039
6288
12718
18005
22731
7894
18527
15603
7966
16028
15638
24062
19632
22793
1187
16912
29319
27291
23269
24997
25342
2261
6562
8307
24517
26673
30390
8954
26921
32348
28016
8795
4757
5282
22329
12909
89
24231
30582
11790
29355
26969
32432
15799
491
30242
18674
11348
28716
5730
23411
32338
13295
6940
25973
32505
8241
11504
18541
14332
19881
8265
27492
1870
10571
22999
23965
18232
19472
22336
3192
15529
32761
12306
4246
16333
5714
8957
22078
21216
29492
831
9472
6981
29261
6751
19096
28882
2275
21022
27925
30575
18711
15019
18490
30431
10855
16662
23076
25821
15223
10759
17197
21867
8465
9392
23825
17767
1642
2560
19791
29535
25255
7193
5842
15014
14239
23045
28369
9383
11747
15268
22772
9338
12796
27113
20152
12469
30451
18246
30228
12165
535
23653
11101
26877
9210
32025
25191
29613
701
14740
8941
20343
6541
28634
9266
8862
20846
4470
19433
19744
5943
29035
5202
17990
4830
11885
7591
30841
25590
3409
28342
3927
1910
22467
10447
27654
19132
4919
13024
13256
28626
9250
8159
11472
26351
12649
21608
23893
16705
23577
12200
8420
16617
8026
15225
10234
10824
27806
10190
5586
14969
22558
5458
12412
26398
27015
29516
22319
19296
25840
29894
13024
26161
8208
24814
21779
3540
14254
17084
14578
15520
14680
15317
23196
6913
5464
32432
22719
27327
27876
13303
21609
14211
4245
20272
795
28823
17179
5788
10016
20461
5166
25183
25116
12899
26567
22242
5608
17733
32145
7798
18333
11539
3226
26170
14575
2437
18255
8766
11197
31437
23463
23784
997
3100
17310
5527
15197
10087
31205
29319
23680
30315
26328
18933
30373
21743
6576
18051
16630
14409
8698
10973
24448
12323
7496
30877
32390
25727
19750
32364
14363
13561
18767
4458
30704
23884
8737
30161
20842
17176
1871
15061
31735
20707
18134
3534
27043
605
14386
18584
11238
1512
26577
16186
6848
5975
5832
4295
29192
30710
25285
32642
22786
10187
10820
5189
2095
17436
262
4388
361
12082
18623
30541
3631
25948
16912
9266
30781
9014
10676
18923
12383
16682
13822
18133
22408
26680
2179
8320
24094
1011
26644
9672
11673
5580
22255
31809
4172
19859
22837
7385
19330
2875
32671
952
8141
11742
2669
5995
9115
21504
14496
2882
11274
28952
5993
16630
14334
23629
26081
28047
4464
15485
24826
1413
6409
30083
2998
13350
28655
31418
18327
25143
29663
10941
20822
4062
16764
6257
30168
1472
12518
25926
4957
8550
143
4281
15099
16613
8778
24862
1611
4542
24229
18844
30050
18179
17017
29049
26882
31419
2751
16535
3346
16008
677
5439
18252
8071
2018
1822
32310
8568
10566
23437
19539
29983
5013
3862
29594
28137
16533
6195
9511
31443
7270
18264
28977
9864
5394
26676
29500
25289
18533
2101
3727
8978
17407
1610
20201
2683
2983
20460
16752
12508
23010
28511
23018
17204
20164
20277
14383
844
263
22293
25054
27287
9562
17850
17488
29789
16379
27710
4810
21272
5256
11929
21751
5407
18451
28005
14741
31873
26996
15588
366
3636
21475
3395
5770
7279
8134
10272
9123
20564
5575
10059
16345
30418
22570
18633
679
5322
13917
17439
5142
1648
24273
1229
3376
11765
25353
28184
15544
30051
16881
3084
9240
10184
27760
21954
16539
26006
30784
25823
29916
14410
29950
18013
9855
2380
6013
18574
25630
22
12128
27229
10118
2969
6888
20440
2084
6876
11530
24555
29114
18663
14789
28526
13142
32735
15538
7523
31365
22386
19933
17528
3780
12918
22739
9684
24887
24524
18940
12559
17566
17035
9771
3458
24964
17754
16500
18626
15033
7454
574
20071
22019
7894
31128
3346
23825
11458
8657
27822
19120
32459
6722
31221
30786
18975
16239
27446
8043
3100
23119
25174
9229
31855
23015
4118
14967
27261
19230
7315
15833
2562
716
30995
19195
29431
11796
32510
29487
22714
15604
43
7045
15465
23322
11357
23613
7822
27385
28686
29826
29698
14109
12395
9813
25099
19899
2207
3783
1480
14989
27732
20075
19151
4828
21367
5643
5396
2015
21308
27546
16909
29507
18531
15210
17683
4619
30393
2463
25356
24986
16865
22500
20807
21262
25428
4956
15271
18640
16807
7899
30212
4713
19725
19799
23758
23192
1308
24729
10483
15265
3028
24632
15107
28135
27101
23752
8595
17597
26640
29519
24287
28026
8761
9464
12723
9419
14107
22284
25995
22094
14773
3869
28153
23132
18372
16261
20807
17958
27017
14351
9821
515
7884
3827
10726
6664
15649
5640
11951
31962
874
12341
27983
7360
1693
6952
30477
9980
23496
331
20478
17756
9042
26612
29806
7692
22915
19933
19841
1454
4166
3539
22810
6060
30254
22962
2300
10445
20152
24976
7472
18439
16336
31545
32166
16789
6294
24028
22303
22601
30049
17923
32585
10530
25860
5576
25644
27937
29521
17734
2758
3417
15580
14159
24818
15686
28674
18013
26255
3935
24361
7626
29149
14318
2120
13123
4906
29216
13739
29818
23471
15192
7152
32027
2997
22729
6486
26882
27644
23364
31287
5803
22108
5454
26322
28137
12717
14198
24142
32475
25829
1766
25340
3356
1408
25143
15325
23355
17701
2186
28516
19051
25222
22228
23420
8827
8584
28537
3789
5640
3748
29
18235
22257
4492
6582
14768
20235
4882
20198
1820
20758
14918
3209
698
22000
1247
24714
11668
6665
16093
8954
2889
12055
7532
13667
13326
22027
266
19545
18419
13635
8940
30547
10088
16129
12702
23225
5375
23580
8427
20542
9331
12021
12540
24944
6890
685
28868
20621
9335
14997
16283
9113
739
21990
4648
26029
6573
23475
32389
4754
31567
17179
21406
24719
23491
11203
16346
23678
3142
31364
19198
3109
25692
11872
10062
2756
15380
443
7669
21483
23437
11207
6822
12430
953
22081
6788
31323
29793
7003
575
10571
4969
8185
8064
24440
6486
7711
22920
26414
26381
29610
21780
22340
26845
2367
3971
20909
10944
9602
13626
4170
478
136
14152
13314
28499
11150
25670
2581
8242
8427
2177
15277
11978
4163
22876
7095
2344
15102
12271
1776
8413
29944
22260
2627
18433
7546
28644
17234
24439
9322
13149
12115
14963
28606
4295
23581
23354
13622
28983
12162
27945
7243
8595
14560
8185
15459
10232
16627
18497
19270
2136
3053
26940
4053
15464
457
3021
27898
25273
12508
1728
6363
26916
24237
7251
21587
13932
6918
4341
13986
5919
2379
8013
24931
29117
21515
28030
12479
1564
32469
26538
15329
15371
2637
9141
14761
17718
7806
12875
7589
5706
12146
292
317
31577
20480
12934
11565
19327
9958
3596
22329
32710
14872
28327
26651
12615
1111
20962
24001
17042
2308
27754
7605
14416
23095
26573
19421
1319
17676
11650
31076
19678
6205
25386
16376
25282
14582
31765
7478
1864
31204
1032
8802
10483
26768
1853
19548
11384
1259
15276
6095
33
5929
20361
9644
32367
6099
270
983
25603
24088
25466
28192
23742
2149
30042
7028
27688
21301
27655
27476
13582
21033
22640
1927
25712
16219
2329
19980
17306
21744
19812
5971
13712
25836
32272
11437
9135
9034
28415
768
7570
22093
11836
3519
12339
24849
13372
15897
14418
23653
26980
625
13339
12765
9420
23055
22531
27938
2115
20757
27379
14221
23955
30900
11688
12788
22790
12191
20826
8388
25896
20160
16795
7760
23503
3627
17795
18281
20569
13904
15370
5679
20277
29044
30645
24358
13989
20834
32117
9357
3265
23901
10956
13291
30400
15450
1841
16874
13683
20332
17590
30824
19218
20608
13288
10956
11835
18762
12022
9366
11832
30335
16406
17979
27777
27461
1829
25647
3969
2280
8845
7235
4765
7886
8044
5425
22387
18093
13555
23669
23647
20731
20236
22111
15428
21926
11327
29799
23433
15622
4822
9664
26209
21776
24895
13872
1104
18124
32179
3870
25835
9
26901
3821
2527
25935
31005
27272
29236
24597
32181
19774
2771
7476
21923
10961
2118
3996
13929
30665
3520
2885
11113
15374
17757
3177
4173
13238
19882
32497
2726
29212
8296
6701
18131
15154
22157
9415
31781
1816
28044
13562
31809
25581
29142
16639
20933
10725
12961
5064
12846
13723
25320
31217
18169
7337
19379
15092
4616
4215
29592
12956
29000
25424
24450
7868
1425
25531
20657
29984
205
520
9218
21956
8029
29737
13937
27972
20664
19395
29404
23444
21333
12933
27914
29425
18380
16569
11755
25367
32568
8728
5409
9397
2271
31971
29632
14622
17173
20271
17490
4673
29533
13953
9247
14043
10706
21914
29099
30443
29637
19604
13439
17511
8616
30510
12844
1069
9258
25957
21646
27452
17572
16964
17742
15396
15540
7420
25258
30907
28967
18487
29049
23570
21533
17322
12393
12455
12903
25577
12428
22236
28724
11392
5907
4008
30957
4159
11353
24461
26205
3029
23587
7626
8981
20129
2854
977
3087
26052
26057
20731
21905
7547
3117
22139
14164
3244
16234
32657
9190
32446
29724
10752
3917
12206
28191
25281
2285
3679
18838
23289
11436
31026
5426
10537
12115
10455
25009
10916
2615
15715
27300
6471
2586
8610
15478
10596
17740
14510
31658
17407
15637
2496
12644
12605
11864
24135
16683
18201
21872
1591
27629
28761
10590
13988
1091
8128
21030
13967
14327
902
24182
19968
4804
3333
31881
11093
7772
8373
14923
13017
17328
602
4286
27800
20843
20860
16028
1138
19391
10776
13886
4207
26981
15765
8892
4434
25055
30713
18518
24945
28929
1373
17426
1475
13231
19359
28327
5435
16872
11350
26266
10836
10756
8971
1447
4846
12601
5030
17762
12888
32100
23846
22302
18862
3078
1173
29454
6757
6797
3131
8874
5924
25558
19219
2644
5845
22255
22651
30268
15869
11041
24623
11905
4680
29998
29304
22169
27753
8663
9377
23538
15392
31137
5547
14297
21148
4569
11074
2204
9988
20182
6895
17899
18769
23422
5006
5252
30558
14860
6915
32016
2114
21008
29737
2631
8669
8118
8459
4699
27825
26700
21847
12180
14835
6143
27919
11319
20450
11493
15234
26029
20568
21313
18043
27361
28063
5890
16824
23018
24965
20108
24221
16618
23219
8891
17450
1590
21562
22565
17195
7095
2927
15776
6830
400
2041
25605
24762
23552
27176
819
25406
8330
29577
12374
5448
7764
32183
18793
23671
26062
21363
14841
21171
21395
8183
32044
20507
17044
26760
259
20799
10611
17483
20188
3472
10029
18009
7483
21013
17148
19989
11977
29791
25468
12734
8861
29118
16652
30528
6587
3765
22391
3920
21978
2732
6868
18103
13675
15333
29610
25070
12502
10161
18008
5868
15623
27364
2484
22844
14121
1670
12531
11346
15793
25803
27849
28703
6815
10821
2000
23523
8960
10073
25134
6979
12216
32240
20595
16795
4990
20334
25024
1941
12840
1768
20782
1787
7465
5010
9837
26825
22872
10102
18860
14727
12787
20076
3769
22485
15587
28998
31594
12616
29761
6475
19771
16756
2330
2023
568
1866
21359
30368
26910
25765
896
4940
31933
7199
30795
3201
3744
24873
24399
16974
1264
11867
405
28456
12182
22024
25073
23847
30880
278
4230
31603
29670
4108
22408
26617
4589
4717
9542
16738
31243
18501
22375
21829
20428
25089
19315
32411
26517
29315
22678
18548
11911
18294
5793
10473
18854
7135
5714
26706
12347
22773
28373
2233
17783
22835
17546
16782
13656
25003
11529
25499
6353
17821
5220
14651
9509
26696
1964
14023
27284
4352
2230
3922
26169
17793
20254
406
27443
7811
6797
28973
9987
19087
31288
8197
17717
13072
11689
7182
30275
30637
706
13621
23990
13270
21759
3990
11150
17053
4603
9709
25828
29896
26422
20558
8142
27940
32021
8983
13955
5916
25386
14882
13759
27529
4534
17471
2665
30668
9324
25313
12916
23323
12920
12823
29955
11800
26560
3262
26064
2216
17258
24822
14286
6658
8094
10450
8973
1798
26253
23380
25054
721
6322
27032
2361
21902
2135
7247
16475
17806
28252
25967
7091
5788
15412
31273
7935
5002
20272
18716
10931
22032
26880
8392
22682
16599
4471
6725
3007
24528
17806
7220
14222
8906
6060
2551
8759
9796
9508
29469
9811
32383
1279
22304
14282
14552
5117
20819
12276
1877
16854
16662
9470
19070
17349
16972
20624
28014
20551
2575
18860
18473
18465
31650
5594
31792
28832
2470
21890
32595
8996
14225
3993
18631
5600
20317
24703
21624
8667
8061
4136
28832
10810
21781
21371
2457
2242
18026
15607
26608
9113
16792
8348
5306
4172
13187
28425
22571
26646
15119
19426
1636
12640
31892
25460
3725
644
18828
17308
36
16854
28815
15332
31380
9957
18818
2288
15114
24830
21003
20249
15492
1778
28231
10327
7723
13337
8640
18788
17378
30359
21657
542
25887
29406
30988
7470
32249
24693
9495
25319
22147
17399
29809
17264
5209
2654
18115
27686
2680
27009
11797
19516
15187
10716
8582
19620
16675
15760
18497
16179
4222
18602
28844
18688
18731
32424
2019
19469
2357
31034
9572
5161
30270
27717
32524
19220
28950
23341
22850
30693
10124
13140
18290
3497
30852
28638
20669
19789
24138
10936
19694
32446
21286
16088
3504
17742
25649
24518
10239
4954
26214
19035
29149
297
508
29384
2118
2840
2036
21467
29029
31476
17902
17278
12040
168
19520
28801
21842
15896
23113
28057
31151
19020
25859
28072
3597
28625
27608
5438
31818
10844
4023
1376
5608
10161
8294
905
11272
20419
5146
25327
25494
6173
7493
4871
6593
9856
21167
30539
27822
1742
7624
27707
15469
30758
25405
7586
14380
5457
6601
4634
19370
23645
17230
4050
239
22919
31780
16015
10811
31071
5296
10993
26684
17958
26937
3832
24707
5243
27640
966
14393
25399
5486
167
9998
29333
12027
19278
13939
22166
11179
15714
265
2211
851
825
1625
15476
17373
14307
26309
31794
19680
618
7102
20440
26996
6232
56
29663
15428
18810
15707
25370
12772
30948
28540
14303
28005
10037
5963
10343
25383
29212
11086
8823
5615
11547
23950
19008
10809
30603
27024
24709
17360
29665
32390
21499
24987
1071
6599
501
11194
12270
25981
27200
26578
5882
28573
23116
1956
5598
19741
21389
1509
32594
32097
12577
1353
3842
8694
20659
26082
31121
24194
17055
17576
15838
29947
17751
6489
7046
29208
4101
26243
21162
32261
12402
12254
4338
9563
38
10976
12241
11855
29905
23948
10251
20010
20457
8075
24181
21241
29077
12669
11772
5509
21194
24209
21225
18309
27315
23635
7012
29203
855
23750
310
14429
16758
1715
4307
12957
25523
18496
16791
30027
31993
14276
9040
6288
11799
30426
1277
21503
8877
19381
30933
640
21836
25779
22923
8844
24281
31284
13521
9888
21810
17068
16155
10731
32020
27895
13477
23882
21309
5357
19383
16503
12493
26167
7208
31614
3826
24929
8225
27760
11716
30511
12835
15706
8814
28213
11339
5752
4239
18082
3285
16551
4832
4189
17376
19481
5910
26451
3696
3916
12554
2575
697
4669
10519
16011
12699
14809
18883
31045
361
18356
12450
31382
9710
509
9848
22079
22962
6066
17054
6469
15481
5392
23975
512
31501
31822
5954
32366
9277
22154
29538
25805
20262
20740
21149
6760
30385
14986
18898
7345
11869
30003
7439
8336
5183
12368
25010
15355
9287
32416
3022
19911
20676
7363
27344
6077
1066
31729
22882
16113
28691
25836
9359
9807
19845
18227
28200
22391
29299
2169
3687
28107
24710
26709
14547
14277
12573
19515
26723
655
658
1963
22246
17357
19135
29864
930
5565
12992
28780
3388
14723
24571
4186
25304
5054
20062
9012
4224
22367
8168
21134
10954
21179
1387
30851
7605
4831
9360
32166
25301
20771
7963
21307
25264
24322
8048
23976
1383
1064
3670
25382
13977
717
22012
21180
24708
13890
22074
30574
8813
32713
28184
27570
17986
30122
16020
24867
14719
2179
2720
4217
3406
4832
22635
26041
16882
1803
14305
15529
24933
12070
21109
16775
11584
13174
10270
18938
25564
23298
7583
14921
24759
14941
16396
19147
7193
17600
24970
16799
19959
29531
29526
29852
14359
30445
16649
10123
23413
10131
28954
6804
7398
9949
28324
23799
7419
26663
8297
14333
18216
4903
4376
17965
23589
29890
27851
2754
31637
29220
30676
7517
28902
12815
25273
15864
18296
28787
8061
25883
27137
12352
7201
9298
20784
16248
1643
27358
1424
16776
31974
683
30896
13272
20778
22914
31105
8353
16221
27264
18431
29695
16122
23495
3091
10055
20689
9331
13240
13978
28240
20176
31838
5306
32256
10954
11147
4381
29010
1188
15048
25664
28572
13293
31419
22078
12895
5808
29073
13217
30411
19692
30879
1144
10373
18499
23880
14762
10663
1014
2337
17545
23561
30993
30035
19626
20415
8931
27969
30709
15074
10161
25707
30968
7828
31148
25490
22400
15678
1055
20766
10091
17948
14573
6332
8632
23036
4667
30283
21472
19778
23658
26617
22889
19248
23624
2985
21432
15972
9607
27545
5159
8866
13678
32321
11351
9172
9678
23934
22728
11855
3128
30959
31142
21592
22893
18335
3558
11495
19734
15589
25746
4011
20917
1161
30817
21069
21724
18984
10635
27385
28573
4058
18907
7195
29505
22545
12038
3430
11836
9925
16187
30235
32097
7630
11259
15496
32083
14481
20267
11983
28732
27358
24168
14568
11201
10009
26778
15337
9013
3992
20940
27269
25100
22349
16699
20179
2707
5541
13740
23889
11487
4527
13315
14633
2563
18561
17426
3507
6023
13016
12207
8506
22293
3582
14345
1283
22132
11249
13628
1675
27579
3777
21538
17937
446
21306
26220
5716
2253
11971
30962
2462
24478
1158
9288
20481
18567
21969
19346
19169
16112
4540
15769
31155
16649
2061
27678
9219
25016
856
11630
25788
14038
20075
15414
31396
30618
10473
27033
550
24405
28468
13696
31828
10336
31120
16689
18220
13139
30342
20516
27418
11896
17543
19217
25023
20864
3794
31054
14833
372
12696
25688
15619
28910
10589
6576
31046
4232
4513
16104
21967
25493
30400
11261
4987
3343
32535
32743
24369
10449
12136
25455
22887
17670
20095
28225
14056
4066
11286
25154
24276
3472
20215
12579
10728
27243
20064
55
9983
15728
23211
7809
2265
20211
14638
8466
8476
14226
14177
6546
3224
27496
22846
6940
29903
1411
18158
335
2741
26519
15777
11681
7860
499
1982
12023
31219
22453
16444
1907
23768
4922
25935
1165
18124
16089
32328
23910
27454
30161
22710
2904
30698
8575
8402
4306
4187
5845
22810
8803
8878
10247
30011
26132
31130
32391
7220
15611
12205
20788
21945
19213
26584
19151
9941
12596
28462
13486
25044
11682
11241
14772
11616
5732
32174
21888
1770
25146
29458
17381
17484
13222
30812
1178
22700
6723
25484
18227
24739
32344
413
21328
14750
27309
2312
16661
10373
10397
5513
5594
21403
25197
4389
6435
5030
16348
11884
30162
24655
12539
22524
31643
23499
23359
14662
5305
16827
23765
17557
17375
15697
23093
23116
15986
27317
2554
30062
30453
1959
13041
356
11205
5989
20592
15611
19974
32207
20713
20141
21725
21961
8894
28193
20703
1761
855
18165
21450
24114
17523
30906
115
11911
31675
22592
22272
15300
20637
22036
4439
30082
23639
11848
9175
17658
20562
17778
13893
29220
22194
22263
10505
25632
24875
22666
31386
16596
23062
14063
8503
12247
27588
20485
11480
17549
21010
19971
17764
21396
27197
18434
22820
14175
29944
19388
3960
18465
16060
13459
21448
2797
8800
29653
3262
23579
6633
11838
21426
6381
20899
21182
16486
3187
29041
3709
7412
9131
4193
16925
5636
11501
1667
23615
15170
9862
4348
15688
25616
24740
31830
2149
19575
30322
18714
1484
32356
25219
32417
31301
23313
12916
8231
6121
22721
7629
30753
27690
18608
1065
11728
28436
14666
5783
22807
6099
18587
12351
2186
6772
31495
8777
28103
13040
27195
30458
9225
8550
24675
28704
17658
15272
13213
17585
16329
14329
30126
25007
9853
5397
19445
12878
25993
17266
925
13145
6560
29638
13846
21970
30666
11977
4549
29913
31672
6716
6906
25294
20564
3882
31011
20922
9885
25966
9280
6891
28338
6261
1687
10719
10028
10565
26281
3684
14001
25022
11620
31228
967
23840
23706
11398
16101
31182
18866
5147
4816
6226
28830
9271
12069
19360
29453
10265
24881
24223
6113
5228
12041
21221
24291
7206
10455
15554
31925
3249
25715
8321
21257
13641
22323
13546
14609
23973
515
12044
10294
4057
9144
31545
8461
14715
26017
1873
23687
26628
13919
580
7528
9338
18167
13522
13818
12876
24102
22421
5634
13694
30197
2626
29939
1029
22412
20524
27746
9845
10571
13833
5818
19417
8983
1273
1585
13538
23794
9924
10234
23109
27599
8035
26556
21086
16548
16323
10052
14873
32192
30149
24183
9490
13919
23945
30602
22779
19580
30700
15221
22591
24806
10831
25252
32740
2454
27547
7664
15542
16960
17025
11215
7074
19240
30983
19911
14688
27191
10560
12841
21845
16974
1882
9723
2999
13530
3295
9014
31474
425
26932
3890
22602
6396
23398
15710
14274
21469
22821
2612
2877
1714
10001
8812
7396
8723
17973
19056
2247
21977
23249
14865
31175
27255
28765
24696
11699
17550
16074
9311
1201
18107
21771
29825
8160
1460
19668
15438
21307
659
27554
4324
28353
24433
21755
10811
8915
16951
12791
31903
989
22961
29183
1636
28984
14564
2261
9685
25423
31906
19924
2925
25857
28507
24698
7242
15431
7990
13859
22750
1559
6752
13591
7144
18824
17828
199
17826
17974
317
23380
10044
488
4072
16465
17034
22896
29757
7370
12794
6355
14398
18565
19656
24234
21297
9351
23413
20168
8619
730
28789
22557
9198
15246
14632
4570
30324
4862
23307
29654
14540
21845
12592
28209
22181
19280
32235
9271
26409
27717
25807
20103
5772
29028
16600
2164
19940
11837
10986
3243
3387
21122
17530
9494
11234
30990
6795
20993
29449
10279
13533
27772
18061
9984
9569
18432
20497
19586
11247
5973
24656
11084
16955
6322
31409
16121
9222
19751
16157
32417
10129
16184
9741
30882
31319
7371
17127
23456
5627
10308
138
4298
384
17646
3111
19295
12984
8861
25172
12657
9215
19601
12891
490
29225
8094
3032
23500
5816
27530
2691
2749
4690
17335
29770
31938
7027
17153
32163
17739
9568
18154
10272
20848
21340
26101
28483
12666
11293
9551
14229
7077
8577
12724
13298
3108
16510
8081
13607
9830
7511
30310
6079
15256
20502
2927
17433
6763
5430
28547
29886
3095
26272
29756
14066
8864
8409
3160
22921
15447
2169
2911
15868
24741
17375
2182
16316
23044
7459
26836
9670
12622
8268
21635
21112
28218
27075
7081
9635
16675
14600
19992
17633
31244
7076
2690
15913
28898
17503
18657
14496
17152
25266
9237
10162
2553
3711
26319
13410
28561
7168
24495
20702
17164
27646
16553
10839
29612
3139
3501
27919
5237
15441
24199
3764
19763
10836
30724
4844
23742
31830
86
32305
4221
31154
21177
27359
21801
26827
13911
29835
17619
29949
31849
28055
22057
12500
18848
4867
4341
2172
3779
12934
27622
14457
29849
30430
14227
7320
16137
20068
15037
27430
27520
8163
25556
12383
3731
16810
13245
7721
13542
26336
17875
1027
19276
30488
6444
824
21039
1061
32541
21336
24627
21040
21248
10984
14358
9736
24372
8281
30171
19896
4966
5943
5927
5983
28687
3491
25323
10812
19262
24067
29763
30217
21144
18680
27806
11402
28317
23441
4384
31077
27437
1470
22340
27700
2378
29959
9414
18649
24095
1917
18112
12817
9025
27377
25619
25165
23606
15461
28424
26301
30004
15296
23095
4269
16170
26566
5288
4372
27909
5702
4409
29290
30252
23701
23871
25787
588
23612
2672
4090
16987
18414
28673
24727
23255
13501
1803
595
17231
2957
26163
32084
16165
11976
8330
10612
21394
10323
2994
27615
24298
29633
12611
29405
13602
14535
28524
25580
25999
2544
3294
12306
3568
31634
17381
625
24239
9985
2264
32028
13412
28162
4020
14377
27291
4739
21764
14088
19415
30345
11780
18451
17111
6249
9221
613
12567
7995
7955
22000
3738
2956
9174
25034
14055
24659
10422
1224
1874
22566
17986
23630
12924
31406
18131
9573
27933
9817
22892
13326
22529
25166
27621
29911
19281
3238
28745
11435
26388
14553
4476
27374
3317
21110
6945
25034
10055
22552
6330
6339
24902
17045
28689
11666
13472
27768
31448
5936
28724
3506
25484
7985
7193
8076
18847
1363
24290
15584
28885
343
18464
21129
32751
5903
9257
13336
4743
28857
15640
26824
8763
13195
11541
17589
2829
655
9687
8776
12042
9137
20838
20470
32042
31511
12326
1578
24440
20656
6161
31103
21618
5136
14660
23859
14259
4731
19389
27097
32207
21311
19043
15437
26495
3655
24390
8429
28670
28910
25897
7942
31410
9489
8766
22669
1039
20072
8240
4624
22969
29206
17766
30443
7656
31870
4999
28095
6673
22873
12089
4384
9411
20997
5423
8334
7887
9760
8290
32167
19371
4694
17822
2458
2328
14711
10305
30431
10755
9165
27712
25382
30889
18604
26986
19853
9215
22090
9201
15637
7249
11217
11814
11095
9001
14771
22404
1907
4722
15422
19696
25930
7901
1136
3647
11501
6532
17164
23801
24148
29902
2541
2140
15700
4242
30619
15012
31179
4479
16668
11146
10270
18363
3597
23563
7653
26826
23281
16234
1764
8370
21960
30072
17982
15964
26852
31251
30693
32574
26616
28141
9813
15927
4978
23695
2178
2490
26122
9117
23566
25903
24731
24411
12224
14742
18482
112
12850
14702
2661
28394
22729
15317
15335
24195
29418
21232
25945
14370
32107
8589
4706
15525
19016
13319
22273
17630
20632
24682
16162
17115
14527
29144
23664
26731
30948
9004
26219
5853
5542
11484
8378
31755
23306
27172
31682
152
8632
22881
9079
27509
29800
31675
28786
24234
10647
22534
28485
4435
17790
9450
29195
27368
14404
24130
24643
25538
19571
18883
14558
20187
22953
11998
31382
28886
3984
17895
26242
2111
27919
8822
20711
11027
14274
7438
29778
7555
1960
32764
31459
1525
15132
31618
12780
8780
26375
9525
7099
25193
5971
1700
21427
3057
29603
32570
30882
19281
7233
32102
4430
22016
21335
21240
8017
516
18019
10447
21543
30392
3045
21937
7302
23244
10586
7290
30189
9101
13678
5497
17024
26983
27246
18199
3859
26024
15612
12729
32645
32134
19206
21224
21839
32356
14073
25520
17500
28497
17201
22085
2588
7122
16821
22253
31444
15329
11297
21529
31032
23861
30691
20949
3131
29124
31402
3171
1830
10119
29468
11811
30695
28029
2504
7351
20396
18930
24155
8547
31153
26113
29974
28858
21590
29272
6271
21879
16501
18747
855
681
15090
29132
26317
20755
13460
26761
8433
27602
7187
20758
14187
12352
20082
30013
27245
17689
24974
13619
29670
11484
31992
19740
18169
22388
13568
5074
25517
30488
7186
5858
4838
7280
32326
14296
7828
24057
31538
11965
23082
3754
29187
5597
3922
18392
29644
25294
8926
19031
12317
28845
1538
31458
4056
32683
18369
32188
29248
19912
23206
13720
16467
11487
25268
10679
19034
14819
8095
5968
9150
6504
18237
12852
28957
23909
25655
22706
23709
30776
3332
16056
9344
24810
1816
21564
30713
19637
10840
27354
5694
8643
6354
24255
25567
1849
7851
18117
27222
13940
20056
28639
30175
29074
11537
10168
17802
17205
899
6807
398
27523
9926
18566
27616
7794
19854
21939
32516
30530
17829
14870
28452
17739
7577
5204
16735
5624
5810
9188
28003
8212
29478
11888
15678
29764
29840
21630
24433
5845
7839
6479
24390
26296
4619
8711
30564
30155
5070
28687
29345
13915
5264
6840
3863
8678
19555
19489
6010
15653
16048
1370
9897
7497
14961
28105
18818
21126
10913
12749
29435
23502
19185
13474
30318
2015
5309
6533
31797
26495
30782
26648
9335
13574
13825
20487
19521
21790
27800
20460
10457
21703
11919
17264
11599
2206
13474
7347
28244
12638
44
19695
30799
18855
483
8280
19374
24830
6339
4422
29562
10262
32072
22165
27183
4685
27872
12620
16586
12410
10656
15742
15395
10470
8758
19054
23677
28824
22047
32246
860
10710
18970
18218
11159
19432
8412
25656
26541
30751
11269
32659
6748
8214
2387
10320
7536
24888
8213
10704
19162
14722
4835
1695
7169
31114
31117
6812
21341
6081
30545
10330
25665
18677
337
21959
3320
538
26948
23563
22292
18249
107
28339
29187
27657
26310
7695
7139
10446
23177
14552
3223
10687
7114
28950
5915
31420
14460
18497
29972
29856
21664
1703
28844
4035
17082
16909
24732
16324
130
14233
10890
15493
27613
31984
16278
23670
17419
19611
18224
25623
19234
29103
27692
28344
7099
5805
24
21635
1771
31655
26829
12733
3701
22436
3140
29513
20285
26950
11947
3182
28672
31402
30392
14810
26691
23696
3134
30182
13193
7356
1278
539
17609
31644
5055
10741
19999
25898
11681
8936
12482
28948
6574
11681
10550
11802
7858
23694
3011
15544
17228
9120
9509
32006
21574
5456
4997
21468
9506
28896
11176
19257
16117
26083
15975
4582
29049
12543
21087
7766
31325
30194
9705
30929
14047
31443
3405
28882
5021
10394
306
16813
11944
29923
29017
27252
24539
6383
12171
15644
7019
14828
1744
26844
25278
26230
21218
982
14209
3421
11233
22521
17653
20905
31304
30502
13193
24539
1824
23185
23214
10358
23668
4459
17639
9150
2564
17086
14879
704
8765
1688
17472
29074
873
23147
25089
20188
16676
13492
23552
31895
16911
31707
28688
11797
26056
25690
18132
22338
18201
31266
26509
8489
28271
22842
7728
1978
2190
22954
1980
1226
30084
12951
14538
27739
17371
22703
12901
24094
27667
7112
6429
28726
24656
18371
25175
30527
17487
19639
27623
3983
24990
12876
12769
19387
11277
23140
5803
11357
27232
22273
29015
17685
22342
22371
22064
13006
20111
28784
19859
18243
23193
17497
27905
3521
13835
19835
1649
3374
5574
20611
25067
27466
20249
14806
13650
21813
11828
27184
20098
20786
4320
13962
9115
23978
6509
8002
15771
372
3563
630
12595
12627
14237
19888
6611
11968
22186
29385
19208
17386
32278
9223
11271
252
27633
7049
29066
24222
12750
29157
10714
27070
16759
18447
20269
23696
12767
18557
21555
18643
20568
17288
24300
14167
20998
27414
9660
24764
14740
29046
8897
25468
17701
3979
4452
6956
30862
13869
27182
31998
6082
28364
20702
7563
9613
12118
10424
17359
14982
9563
17183
11637
18495
15472
23654
26709
7358
25553
23268
25916
14897
22346
1094
10219
22237
28503
7465
14434
6488
15498
9961
14686
25848
29229
12211
18464
19083
25641
26850
2416
29000
7206
30600
2018
3078
18932
13130
18264
11948
4905
18290
12744
6121
1548
27199
16703
17189
13234
7807
2854
22199
13671
13152
4293
16984
8528
30340
30981
8663
12878
19539
6010
14351
10020
8853
25760
5655
7389
28992
19301
17080
26728
15758
28648
30244
13190
21331
21377
15844
24806
10382
31233
7443
31629
7998
29755
31946
13692
6519
29635
219
14733
5044
19445
5314
21663
14703
1081
17624
14834
10223
24454
14282
26324
21346
32037
23626
27006
16939
30392
7940
3897
4733
8058
15572
15813
32297
18632
1334
31738
20660
12257
8446
28080
941
30954
12617
18141
30013
23349
23219
31229
27904
25282
4298
9655
25363
27398
13763
1469
15727
14060
25196
27380
30581
18970
27234
32469
26569
26485
28804
22035
6244
22759
8103
5757
25829
25696
23436
13351
21288
4634
32271
2500
23066
10274
29856
20567
2764
32532
20983
14859
20422
5157
10244
13406
13981
31847
15909
5509
30664
7497
30620
14604
12463
20061
32320
20414
1029
18527
1394
26308
5208
1394
14675
27153
3302
30380
11829
9725
11443
13013
25679
3119
2008
620
13236
16321
29470
27883
13446
11423
19915
11085
30566
11824
7612
9164
8752
2361
12724
21231
17637
15614
15860
17860
31465
28586
9996
2410
11375
31216
28400
13267
1073
22003
30798
27080
28004
30051
5151
1582
11755
17129
3453
18055
28875
21190
10164
8380
21727
1719
17051
9753
21453
10523
6437
6041
5432
17239
20019
3940
567
13178
15276
25494
11526
17693
14288
9794
24828
20878
17609
26295
28349
11053
24195
6145
2225
22549
23230
16563
17333
24575
3938
22500
4112
12644
13074
29560
16040
25058
11267
11169
26230
19937
16655
22436
15927
23414
24837
2017
15972
25736
29764
24846
8037
3121
27784
15555
2050
870
1795
13115
26
219
29872
29273
31639
28705
23780
1513
4513
7185
28198
29993
13330
22638
28992
22919
31530
28358
4758
21165
22917
21145
21943
31675
19529
24766
26418
17875
23460
11777
16555
23515
32630
10513
21293
29566
15434
5018
11202
12148
3211
5806
17985
30468
27125
30313
616
26311
2889
10453
28458
16046
10821
21515
24650
28998
26067
30619
553
14395
5249
17710
24541
21020
6961
27754
3970
19805
7185
24086
30933
1186
4558
19071
27135
12347
11013
24346
28334
12522
31227
1898
7530
30701
19597
13604
20263
12344
16490
29586
29974
3331
26495
18997
193
24964
4275
12974
4695
26110
2261
9695
24900
19962
26578
1101
4869
5076
15916
24008
29755
7546
13991
23631
18430
7793
70
22062
8563
23321
5237
19305
31649
12593
11656
21085
896
2461
356
14245
18515
5991
5244
21819
17976
2053
14592
25823
32510
2266
3664
20925
5430
17919
5303
19786
7565
17986
10582
11119
6745
18543
32350
18921
21873
1487
25475
1776
3138
32239
29357
2838
8735
12194
29936
27251
19673
25417
5054
24831
28560
27218
10843
11839
6088
30719
19346
21540
20671
30569
20391
15664
16639
708
32396
3546
17967
24548
10839
9524
814
9728
19956
4299
5219
28855
1047
30670
24142
17488
27253
16755
10851
1862
17716
31383
1561
13572
30368
16037
6206
11757
7967
10168
24717
18591
31079
2564
5506
2169
18158
32370
5229
7515
24738
138
6086
4268
16347
9110
10176
17314
5006
8964
31008
8893
13763
21005
11856
12949
5449
11924
11951
22998
26536
6993
2092
3209
14167
1326
3859
15509
8751
30705
12326
13189
23584
26140
10480
14731
18979
10257
6742
11717
18799
30330
10607
29632
30448
25576
8854
23099
2805
6586
21181
24365
7465
23617
2820
29961
25796
6690
650
11584
18690
2811
2690
27655
21973
8521
18570
2396
26838
21385
27449
835
10882
157
3319
9558
10147
29554
14610
18812
7948
18912
18190
5625
22409
17105
60
23719
4630
14246
17294
32642
27727
17622
7081
32362
18216
26072
31548
4645
1502
2116
5008
30884
14638
23093
31073
22151
2756
22513
3053
20963
31990
23756
21066
19010
21170
15177
17148
20971
13237
8323
10695
19556
24830
18123
8130
22070
3459
15251
18861
23024
12066
15499
20612
30318
23514
28681
18516
6747
1851
31918
31054
30965
13339
17479
16154
15376
28299
17905
29294
5982
8714
27521
4318
8429
8184
17954
5878
4849
27213
32320
16518
23236
5770
31397
9021
6443
23792
738
22393
30683
10224
24817
9054
30780
14308
17944
23590
8044
12028
30480
29111
9095
6523
871
22651
32294
17955
3107
17772
2085
749
23976
28782
682
4606
24796
20706
12642
27351
10120
2168
27150
7116
6146
28740
15679
24503
31753
31765
7261
15341
30448
26626
8430
14961
9983
25669
22805
5224
30230
13133
15705
24781
23955
28174
13224
7014
8566
25244
17308
6135
18115
16632
24573
13749
18728
2601
27014
26365
21472
30095
20204
24902
471
16501
28188
2389
26895
7141
6852
28592
30018
11456
28182
29012
21961
21006
17353
20650
700
9618
2144
23224
7515
27297
15534
27796
12204
24373
21146
27935
3942
9022
18208
3823
26638
10808
7576
28301
12384
27394
8251
24801
3824
16878
2531
1514
29201
14613
32018
29619
24310
10989
27702
3458
15383
29469
22315
23378
6870
8591
514
30083
17507
25543
2305
22737
3549
6260
30186
13955
14266
16709
14977
5348
23656
18174
13384
21495
12852
17355
7565
27239
9324
18388
4006
28349
1984
19473
31356
16597
28142
18272
13638
26515
23711
6613
3223
30418
27531
16977
29083
4509
3556
4694
11933
23714
2802
21529
17613
29923
27131
5849
22337
16047
21861
5488
18233
8401
14622
27432
26023
7
8252
2767
24047
3766
5601
11278
15851
17627
3426
8950
16178
5189
5544
21980
13722
11522
23510
17767
18171
26135
16683
23271
20534
7796
2091
28904
7030
10790
23801
18952
19382
8143
15624
27141
8580
6739
498
1306
32004
17109
5032
31116
16695
14050
1484
1920
31869
7915
9307
15119
31321
2297
13199
15516
8821
23452
26372
31589
18662
29988
21529
26201
21424
19220
25497
10026
22925
7636
1691
5026
7658
5286
12966
18746
3635
21979
26905
9961
9296
28487
19914
6458
21104
8946
4334
27809
23557
27664
12345
6671
16399
20532
21318
16836
6302
20672
18232
18533
5010
4256
23970
19022
26790
568
12964
22825
28845
12698
7767
14271
16923
32509
21867
2063
30406
23915
32015
8093
32494
27065
13841
30221
9595
28092
25415
25072
10631
9146
12077
6110
4380
19999
5327
8133
6463
30577
28650
13440
26413
28294
22606
16812
24292
21237
19590
29623
17125
17866
28603
3641
313
4734
24278
31880
20914
25638
24805
20615
2419
23274
30400
9150
18354
5561
3564
3760
24509
1083
23231
10856
9275
5383
7621
20566
30645
5143
22627
3161
18005
19832
13498
29981
19693
18502
9422
24231
20794
11736
31976
6958
12139
12600
3385
15917
24797
2774
32447
5558
24617
23677
30573
19977
3680
4485
18822
29541
32149
3915
12874
17950
17564
18910
27604
5360
16402
4347
5699
4499
25757
10556
15384
21391
1653
1420
30175
32082
14884
13534
28946
14208
12938
22559
24122
30346
16419
13416
2647
16002
21901
13689
10114
22830
13636
29795
2257
12891
11441
5764
21883
20083
99
6328
30524
3922
28060
23246
18427
15190
25871
32569
17067
31413
25320
29448
15215
16148
2061
12825
25345
18773
22691
7049
6484
16816
17365
27246
21368
5637
22736
9929
6335
4720
19730
8886
23326
26655
14309
22502
11989
5728
10022
14671
9554
27134
29003
19746
20307
1742
26789
8958
10828
12165
21473
31331
32008
16332
20437
11625
26514
3223
32378
13234
10838
7858
10036
20893
26756
31644
11354
18364
27061
28825
31218
5769
7889
5123
20924
10836
28208
28897
6259
896
2815
4283
2127
12015
23526
22444
27854
8891
13543
26296
19380
21287
26762
30816
8016
5077
29751
27508
1538
6457
19427
28713
2810
11853
2287
2923
27714
29318
76
25716
511
13319
996
4254
10996
14870
21301
20853
25159
5068
32575
30993
25224
16144
17825
26787
31215
15302
9983
23885
29669
24387
15526
32567
15302
31748
4467
26335
7398
12704
497
3248
17362
30972
26561
22231
25816
16574
5183
14674
11209
11780
24162
7241
22781
21845
18404
31906
12184
32728
32163
31440
6412
20675
14152
19435
8671
24343
14886
16646
13231
6027
869
22717
12403
31429
23903
3853
21251
3024
25674
24425
30939
715
15896
11529
14619
6110
2459
1414
27859
31347
18669
29092
3198
18594
19215
18542
1740
6892
22736
14473
29861
30765
10480
31682
20074
17868
24454
26857
1662
2101
7327
22498
11525
1929
24104
3065
235
11411
14606
6262
4648
10751
11683
29553
22851
17862
6980
10984
26645
22253
5945
28687
6096
19311
10972
27879
22592
19064
15613
6162
1104
18131
10886
31462
24527
5542
21083
7616
8820
23901
6276
3739
13344
28900
9358
13793
32356
27417
24366
28032
30531
7809
29480
3649
18745
11577
21871
26454
15484
23856
6286
21553
17793
31892
3910
25757
23746
27274
633
19207
959
6178
32327
1308
6978
5514
31350
29338
28392
32642
25111
20063
6621
24847
15974
15815
10471
23924
2291
27188
7590
13918
26879
22766
14106
607
24617
29998
9061
10141
10826
117
32466
28364
21661
23842
17431
16985
20515
26436
4567
28136
837
20397
26987
29185
7868
11592
19170
16390
14766
14508
21062
29289
31001
26096
14881
21787
18037
20673
26432
21064
22933
11955
25015
5953
6607
15317
24358
1466
6748
21896
16954
17717
13825
14225
13174
2238
3567
3948
14131
23769
28649
23011
25829
4537
26532
16096
9121
5554
32627
24448
4060
21489
29732
19048
28278
27499
24612
2652
20727
21011
8682
782
20248
14416
403
4147
31109
16558
22986
6876
27105
24532
18411
6404
5130
30902
10088
11109
15519
2315
23659
19857
14528
31234
12733
19517
23317
26928
19942
30176
12818
32205
918
14717
31609
7713
323
10172
28960
6457
9236
2624
21236
6366
29182
1333
21054
28616
32557
30504
16933
6158
17061
2844
12660
30177
7721
12506
20894
12922
7515
28552
20224
17233
12326
18045
32357
29072
25689
4180
975
30151
25236
7231
22133
31713
12904
29086
17928
9047
2490
29137
25914
20387
11112
19530
32129
23800
6448
30950
28696
3376
7373
11389
10312
16646
27746
31672
741
20869
28188
8226
20251
7616
24339
4994
19563
8388
24946
30057
18928
9163
13784
28423
19175
24754
9214
2370
21614
10413
22169
10506
18572
25402
11906
9702
29298
31059
20756
11987
10240
232
30165
29007
9355
15500
14169
14001
222
17263
27492
27579
27774
25996
17999
18034
3123
8227
19885
32301
8643
13930
24110
18925
24833
17024
18627
6380
5638
21154
19202
14713
191
26273
26317
25090
2472
24979
23854
20595
13270
17353
20614
29631
28731
16642
20967
21435
13862
1758
23998
11059
1289
18326
2997
26680
13183
23785
30167
1719
12173
5978
6901
31056
5160
3480
16457
5220
14328
62
5722
12144
6492
9660
9503
28826
19374
29333
17255
30346
18888
12748
7545
21627
20935
408
3831
5266
11791
2143
21512
13422
3983
30178
21941
20480
23878
9398
5524
28317
7429
28659
31908
9809
22903
4400
4473
2423
10592
6830
22937
4742
15394
25043
27173
558
3973
28122
27580
25508
12983
16074
5532
11066
14994
164
25610
9010
19230
32481
3573
6868
23127
27675
32214
3006
4144
21003
20954
10620
26583
15795
10051
3928
30267
31708
13579
115
31180
31171
31179
28181
6017
7696
220
14402
26912
11783
700
23694
16570
4866
25779
1842
17780
5151
23478
14942
19854
22582
13963
32721
6557
17422
4910
22696
21787
2256
884
24435
34
30395
25838
20622
9845
26650
28688
27823
1984
22643
17042
27067
5409
31746
26903
26078
26598
27493
11277
4314
5529
14233
9172
32671
1338
31269
22562
24093
10699
13717
28326
29526
17938
6698
11499
11191
7578
720
20864
7592
14075
15952
2134
15458
4955
30919
32361
11520
32565
22871
22690
29145
24665
10268
4604
24590
9524
4194
1255
4959
14674
21269
9194
21571
8993
32120
9611
9271
12024
30746
10099
25686
19287
519
3278
18986
31345
27707
7153
5826
31975
10588
7999
17412
6615
1448
3405
7237
10261
6956
31812
28695
15544
22070
25735
24162
8921
7694
30358
25271
151
30177
2099
7648
19806
10750
23747
3260
32106
23877
19702
8522
1670
2779
4522
29187
8730
20515
13837
29549
28772
4842
29954
28653
24838
22498
1479
12764
1217
23890
7124
5086
11392
19979
7686
27503
31128
8350
22780
447
17230
30412
12482
3776
30106
4414
5548
27261
19754
11127
16517
26797
5290
21510
31209
4744
18243
5376
28912
13017
15457
173
25869
26709
16570
30338
10037
12843
16524
13391
13891
10972
26405
1978
31387
25933
22441
13292
25869
8219
25360
24458
29949
17198
24430
7911
27073
23441
1143
28280
9035
2432
28994
12680
30216
5315
16205
2348
30215
6971
18114
6010
32094
3515
30712
758
29130
28441
28221
20045
3477
2436
8147
22598
12221
3607
20280
6133
30546
21167
8618
26930
11808
8698
32491
32073
18062
20945
7746
17395
28870
5064
25794
24709
2838
13315
30926
32616
29078
14923
11997
8137
28940
8544
13179
9617
24844
6289
5777
18328
10596
907
7141
11797
14007
11375
29924
21850
8807
23591
18336
2238
4536
19705
10005
2522
4147
11100
24752
14328
26953
6411
17170
19400
17721
26201
16913
31573
3380
30148
7167
6712
23230
32204
25647
2571
30295
7430
5814
3873
10587
29804
6511
23924
26407
15351
20034
29151
4477
1392
6821
2958
23594
8579
2146
22962
5093
23317
25499
12665
19579
31959
31244
24637
14889
21787
24465
28156
14921
11239
23528
25608
20274
24392
26039
27647
4953
6633
20177
23294
26556
22500
1461
32018
24960
11736
4184
13551
15064
1596
9252
17381
19242
18675
32576
19983
19053
8480
26386
28366
25558
21819
28674
29045
23475
25957
29313
582
19607
25592
20810
27550
16311
15459
29928
13164
9364
23605
8313
11495
27610
29303
945
21121
18824
14655
11810
31766
25170
32130
18362
17770
26692
22826
12941
14546
27303
21352
31188
4657
23848
23372
12854
11814
6711
20627
12103
31108
25774
3776
12879
29955
11443
11886
30284
8501
7135
28900
15674
26299
11424
2538
17041
20152
20699
15323
14096
8070
27606
31228
10681
12712
9046
1292
541
4352
19460
13852
28633
15938
29973
27553
29537
9385
22314
19656
25596
6121
10869
22281
5904
28260
10270
27135
3232
2976
15077
17783
17683
28409
8968
11719
9271
6803
4455
10849
1413
26259
32230
4775
26023
5263
15635
23809
17719
14146
6409
25645
10442
17029
29076
5847
23085
22395
10133
17770
20206
8459
22440
549
22558
21651
10245
18289
32598
10970
11684
22642
13560
25927
11429
4060
13239
13137
14318
4360
15706
3127
29718
3911
5308
20721
386
8054
22808
19046
20941
18386
9859
22495
27757
16910
8122
25020
26260
9123
17694
25702
4693
24680
15613
10116
10504
23394
28947
30066
29935
31197
9553
26350
15898
27835
27613
5909
32391
9229
6745
21391
8590
8416
9320
7430
21116
6489
32622
3036
7807
8965
29592
27933
28098
22378
32285
11186
6104
9954
10435
23000
5982
19881
31396
28369
8412
7988
26162
3289
8429
7108
22649
25436
26016
1084
19876
358
30493
24623
3779
11355
25484
10814
31947
3816
562
5793
3294
21561
29149
10243
22989
877
22147
1683
28380
12103
6694
19800
12229
20006
13562
16836
511
20023
16586
10637
6975
14825
23448
12984
6464
161
7556
8695
18112
14256
9711
15156
12747
26498
991
6254
30523
14615
32165
25284
26496
6071
31678
8655
26781
6882
6904
5429
14707
19591
10709
19579
31298
8054
5428
28955
7789
10774
2094
30423
11133
31067
17215
9804
26985
4083
28326
13770
26645
26048
27662
25699
32280
31627
27501
19266
9410
22263
18221
22847
21854
31411
27530
11440
19380
12020
19771
16257
20946
11811
13140
6535
30988
2514
22635
32017
25666
23541
9977
16832
1889
6223
5380
20889
44
4650
25339
31833
27709
2635
16866
5384
24646
22821
9390
3537
25757
2381
16627
1553
6904
30254
700
32430
29045
17150
30650
10410
1757
15857
30114
504
9257
940
32720
13454
28485
30460
12336
27579
15125
24776
10078
5051
6326
19524
18444
14217
3590
29544
16805
28916
5478
20385
11823
7925
19134
8902
18294
22080
27074
3149
30567
16409
372
32447
18362
23401
234
10601
29908
21521
338
10837
10219
25726
28979
7288
7275
30077
1270
22061
13464
28753
4260
27618
16757
30468
12017
19217
485
30458
22906
371
7441
18892
22091
1136
7177
22611
7844
3289
9902
29698
8957
23257
1999
23161
4167
30249
15506
5976
31349
16004
4886
14417
4155
24667
7254
1922
15381
457
30033
16385
22156
15305
11112
28856
19893
13223
16391
371
26106
26804
3975
3639
30748
2622
8019
3286
20601
27071
5962
28864
5003
23893
27237
16668
19378
9842
29338
21783
1075
12501
1024
10876
5504
15801
15155
2694
1722
20300
2810
28914
10356
26722
19751
26967
19642
29803
23231
22202
16465
27554
28507
22877
26945
1928
23502
18137
11921
7057
19464
26732
3410
26141
9275
29588
32479
28073
14652
28893
5218
15943
26667
1271
27546
6987
20822
20491
24796
31048
14939
22351
8792
21563
23437
11481
2206
13829
7321
18865
22625
287
1130
20009
20858
21385
24649
7281
12079
5635
26185
358
32182
2944
22242
24491
26869
29912
25052
4347
26764
7357
21102
29117
27925
24560
18088
19161
29354
1460
30222
3531
7336
31876
19334
5878
16051
20225
22132
27194
30459
25902
22307
7624
15805
26079
27239
26421
3596
19567
6272
32462
3025
1714
19266
19756
19217
12074
28531
5896
7278
14206
17781
6992
753
5927
9508
22393
14086
21101
14594
26136
23240
28050
29842
11180
17279
8269
18945
17854
31847
23930
25355
28717
26292
783
24861
21699
6866
18002
26807
30987
28401
12361
31765
15975
18113
15986
26894
10333
4218
31669
20028
23858
4896
9623
31581
5306
29189
12720
12537
26990
2447
18271
838
16319
2363
444
25672
14250
28386
3534
6460
23693
18236
30975
7991
1849
22434
17356
17163
9800
5400
3265
28778
24753
3210
26533
31822
18073
8278
13554
28311
1132
16139
3464
3830
19501
30576
5793
14603
26890
3529
21000
15306
12596
30293
16006
18467
18925
22811
23709
13026
29155
743
27513
3540
17852
26511
29220
23595
13042
6522
26873
26147
3297
23139
5979
28646
30750
10587
31143
22445
8203
29197
17254
24361
27304
16710
20936
9249
7852
8885
8782
3164
12245
3055
8646
10433
9596
30901
26492
21437
20332
7290
12463
3813
15604
19744
12354
25565
10811
2819
1716
19576
22484
19000
30290
26144
146
24855
10155
29817
24990
16374
4677
30529
2246
22072
23950
22395
23832
18567
19989
28620
5552
23645
4858
29733
4814
15561
1956
31906
19756
31856
15793
14258
20366
30930
25395
1913
28314
718
22809
3698
13034
28776
3563
28505
10592
31691
28859
17480
3513
5002
4184
4384
869
43
15044
13610
20630
742
12520
8190
20376
20906
17031
19876
2656
5217
26225
19962
13415
18293
8953
23381
30393
10131
23208
17515
16968
2735
20787
11633
7303
19016
31915
27776
6708
8941
30452
1341
31861
11520
9080
1977
9255
21178
23836
22166
20339
26479
16500
6252
21922
17427
26162
22634
21810
3326
8677
6721
2089
1260
6368
25917
12969
4424
17783
2741
24517
21418
14962
11174
24723
31902
15035
16795
16770
15271
31066
11984
10734
28803
5539
6550
23026
433
10158
5881
14974
31793
28936
26785
13225
24715
1448
20982
15688
16658
293
18568
23999
5482
7206
941
2839
26440
13849
12140
8785
15481
10024
18073
26874
25126
28264
22594
19712
32086
4180
15434
22212
1204
14715
31572
368
1939
31093
28130
28043
26159
10779
22206
8651
24373
22264
31898
20010
5766
14586
1779
17723
31032
6765
8763
8127
8926
14122
12086
15988
10250
27916
421
7725
27152
20644
29218
12839
22540
31278
18251
14491
16678
7875
14882
15760
7188
18896
6580
16371
26593
19142
20985
11497
2541
11027
23036
9572
19766
16466
19771
16885
26325
11966
13393
18657
9164
28653
16594
2678
9214
12731
119
22431
18047
8580
19323
18103
11022
30614
29252
15003
27872
22245
28230
24579
31392
21761
6693
5394
12211
15942
13593
28459
4800
27218
13719
21255
23920
13501
12078
21252
12658
28164
20399
18368
7875
22725
14224
22247
24364
1842
12690
23625
27404
11456
3490
26928
19287
14367
8957
19952
19679
18799
15768
25023
30930
22705
31423
31943
30340
8315
22780
22650
14959
8432
32570
18982
9849
20208
32554
3017
32629
17292
5862
1830
23531
32701
13781
22296
28700
6229
18638
29479
23361
24117
4480
14681
23060
22209
3345
19018
657
6289
11781
27519
27902
24681
28002
25592
28201
29292
30481
1796
18161
7052
30088
24922
27911
26437
16550
15460
20726
23947
29662
27614
17761
23809
12184
6560
27532
25963
2516
952
18719
26214
29201
24764
27430
26199
3181
24159
14939
5537
18445
28225
25768
8731
13503
21772
32744
24257
23518
12220
18926
5033
8311
25406
10696
2617
27305
10813
22084
10648
8786
13625
17844
14178
15592
4313
19183
4256
25252
18050
920
28407
28390
27432
31651
3615
20437
4196
10772
17815
2373
19399
11018
27287
24287
18543
23293
3655
27003
5847
14148
27694
7121
12019
10202
7405
31313
22653
5729
24877
2639
28042
30311
6358
15459
11104
8937
14977
22032
1419
13589
24369
7843
12078
14420
13885
21342
20120
24456
30097
9942
3863
8082
6679
20378
1297
21272
3183
27157
6224
19333
32230
12726
26782
29521
4518
21838
24722
25986
9770
27321
27305
7795
21237
17856
31896
10708
28292
13886
27873
29170
12417
29058
18085
5176
17465
10997
4025
24310
24400
8188
13564
23650
12467
6944
4327
3805
15311
12909
16485
17015
29697
17687
14821
6068
11341
31844
23214
11153
12114
21445
24179
194
4989
27718
29992
3646
8062
12073
27412
5885
21240
974
5926
12032
26493
7383
908
4499
23993
8329
1154
11471
27373
12404
12648
1634
23200
5206
29720
23955
14481
3133
8822
11904
22255
3564
22089
31402
1228
29056
30537
31412
2256
20819
11128
7528
13354
8481
8630
30715
8652
16489
27280
2962
30168
3094
21338
1028
12629
13151
30589
21474
28199
21484
31761
20917
5950
8506
10671
14982
28941
6976
22656
15780
1598
6227
25242
30113
19620
9799
4237
29342
5745
1751
13368
14792
9129
19270
26082
24099
26582
21319
6022
5767
22526
13083
29293
29928
21714
17657
13058
8922
1320
27058
30435
18259
13483
15509
12596
31155
2769
16016
14648
26115
11790
15513
10018
1658
10056
30028
29480
5702
6538
16854
2778
8585
8700
17937
20658
22177
29715
27632
14828
31916
1541
11806
32407
13131
24960
30178
4077
24487
27803
4166
18656
27314
16141
32376
3317
13488
22428
9584
18773
25077
17881
8403
3106
25840
7179
15640
9735
26984
15721
23785
2579
1286
23692
19916
24519
20756
15907
20482
31597
20868
5097
21935
12460
19764
980
15676
13146
31600
12175
2810
31377
10937
20523
26120
23045
17604
14866
23670
17812
21446
23868
12970
29471
27887
5541
16899
20121
9268
24574
10941
29789
27986
18082
23829
9669
3600
6861
15789
27640
1476
19976
26929
23811
3608
32744
23355
14124
6414
5112
31860
18050
28738
25588
23549
18617
22896
25144
6157
17205
25653
16503
14811
32613
17690
28336
2238
8530
25038
1630
6290
3192
29363
30192
5983
2772
23964
120
7733
27198
11734
26023
2394
1017
19813
17913
7080
25225
25487
5933
28976
31172
31903
15608
1315
9516
24291
6650
20211
24700
12535
11505
15029
28289
21829
3629
202
25131
7885
24900
8382
15844
17186
3846
880
7456
11701
23475
2163
7222
6230
11628
693
29294
3320
5864
26718
29275
13493
31336
14843
25707
6162
22765
25820
28604
13443
8616
9402
1329
2866
5554
10398
198
3324
5117
32509
29984
1980
24971
3368
21865
30925
16861
5604
29018
26826
29615
4948
30617
13464
26082
26656
29254
26535
14522
11216
29136
2932
24393
5753
23054
4179
29995
20380
1419
13163
7284
9291
13089
1538
30695
26765
29129
31227
5481
2052
32433
6044
23733
2509
18831
16533
22096
2984
4918
9278
24256
30809
23142
18721
6649
32078
2793
20408
15128
897
8923
21112
29779
12192
16970
1806
9008
11628
22783
1256
3318
19039
26266
21751
16225
9105
229
11955
27034
27356
5218
1632
16742
1854
4902
20624
18590
5248
1514
7914
1759
1557
13152
31273
2946
28997
20931
7528
19407
17035
30386
30364
12653
25147
14654
4194
27933
3175
14914
18683
25001
24580
1779
31380
15126
26953
2487
30923
1569
11096
32059
1904
23530
27936
5567
11912
30186
19842
21685
3992
15914
25266
14987
8224
12215
26849
19141
28005
6993
17433
5710
19827
9315
22888
16400
8547
2616
832
12226
3290
4459
9502
26369
18130
8607
8810
11427
26525
27505
15518
584
22566
10923
7339
6193
18043
22714
2969
13142
17288
25443
7789
14770
28197
15281
22863
22754
20308
20786
3564
31470
19395
19811
31002
32103
20121
9064
25530
24242
4463
18432
19171
21923
9627
9657
21309
1870
8885
8544
2986
20249
7764
17084
17196
19734
20761
21884
30211
11920
3311
5741
5653
25828
26768
16624
12947
16018
17484
4268
17114
5780
3078
2944
6295
3567
23167
10171
15663
903
25047
8848
15966
15927
15696
6852
11806
32033
4182
17322
22986
25155
5820
17489
31875
27468
2633
5884
28883
27821
371
31954
9616
17138
11114
22999
23043
11859
3416
3355
25930
3206
9447
6450
3323
25816
5125
12515
12042
31356
14820
31780
17133
22819
23876
10567
30205
4045
19444
7790
26400
3550
5014
24388
17829
22132
14244
31471
22383
32248
2224
5696
10838
9715
240
26157
29898
27427
18937
11906
27065
31183
20427
6355
947
15447
1294
30645
2893
22543
15515
18990
23747
27725
15422
4969
12513
18369
27834
23214
27939
2053
19214
26514
16155
22389
32503
3691
1811
15681
15030
8455
22004
13249
18451
22430
614
30984
26274
17924
6457
19899
24389
12579
11524
5668
28914
22697
18699
4482
31415
2302
2918
7075
1787
2425
10848
11445
7174
15059
26910
2906
30148
31196
16257
25850
3269
6764
14668
16477
3721
3741
20618
32377
11003
3639
18218
23944
23355
21100
17389
12894
1440
14790
13954
19450
8958
26717
18159
13659
18724
14413
21554
18837
16041
3687
17960
20003
31721
26407
13999
1919
15690
12262
13831
31728
2756
16465
11903
22691
22688
2074
11085
11518
9599
17646
1725
28721
14751
21670
17294
1294
27482
30657
5528
12314
3311
6162
23987
13284
26501
26550
7381
1941
26477
27721
8826
23497
23976
19033
31305
24989
31401
25883
23796
2057
26203
9821
10336
9073
6502
700
8966
13174
23471
3607
3737
15122
3101
13380
19944
24292
5539
27137
8711
15816
13691
27181
17065
14251
30383
21304
21969
5790
1758
14552
2730
20008
18493
32253
23474
17633
17628
2824
15390
23612
26411
13367
13435
10917
7100
25700
12945
7116
16458
24560
4236
27456
1019
13306
5982
11583
7394
9684
95
22989
30408
14007
14902
3587
16172
4021
29949
30634
29320
27120
14752
7944
20182
18186
4230
762
20307
3548
31604
15171
5507
24427
18094
5412
25461
14359
30047
24109
2888
12566
19770
20818
30702
30241
17762
23105
13104
17261
23687
8947
3314
32733
6738
8065
18361
18294
16388
3130
28266
31251
27738
4594
14165
8794
14003
1180
6257
18670
1396
28700
28905
2022
9132
26454
27608
29311
23028
18827
81
9485
3738
29157
12963
4408
12542
1360
31451
23140
29755
21132
29834
22129
7434
30848
15304
1701
26340
18130
7032
7398
17511
3252
28878
24877
32507
18945
26639
2871
31157
30344
30360
25726
7036
21416
13858
18023
9322
31773
1348
18621
29300
9753
4409
13406
31054
19350
11492
3636
29065
11499
6417
20071
767
24990
8702
6097
28272
27514
13850
947
31341
32737
23052
21926
10101
31587
7671
11220
28511
13199
30717
32615
5111
6920
10242
2370
16620
27612
2226
24303
1258
19474
29125
23513
26115
8322
3969
10940
5459
490
21377
857
1508
2109
25270
28782
27343
24638
9387
12773
24740
24398
22541
3916
17932
2434
20586
11909
1965
15865
16697
17087
25422
32109
14875
10149
26172
32519
14432
15572
10988
1912
29133
5523
6625
13893
15516
20670
12752
15714
14533
11524
6915
14083
7804
11603
2555
3503
22011
24975
13657
10902
15489
10122
25343
24100
15003
30769
20594
14038
4002
5379
31362
14925
30341
10696
2094
13473
1992
13951
23746
4599
31949
21912
5442
30294
14419
12899
29963
1974
14396
17353
1464
7770
21651
7994
28227
20320
28621
30694
17772
1431
31823
7728
25439
7312
31537
4959
30353
12792
22594
1431
24555
8484
18252
18441
6698
23790
1689
7014
12422
7104
10933
23193
2193
2542
22390
24501
867
30281
2618
13612
14836
11505
22896
26435
22729
29802
19802
2498
24275
24818
13840
17904
17300
29202
8905
1214
18563
11892
24150
2371
31154
12788
5359
3944
8622
25081
1842
17125
13478
15366
28265
8812
30416
29324
30220
8995
25097
19459
28295
10328
3772
30776
7484
9073
9220
20457
19916
28705
4885
12943
2194
16610
8664
30331
4721
12191
2261
7972
6608
18096
10326
19904
13538
5644
6345
8209
5419
10426
6759
29058
5184
28297
10259
12914
32206
28161
12677
18896
15069
21145
16551
13544
16982
11051
3647
22908
29379
27812
18895
15895
14679
3328
6329
7326
10798
19062
4263
808
28117
29423
12586
30479
10253
16317
8354
20040
15308
6538
12381
13039
4229
22670
27651
1318
15529
21766
14385
3872
14702
23521
17508
16249
975
23484
21529
24009
20180
24080
9010
28024
11027
8362
27036
13012
18295
25436
16943
3680
12096
15859
30933
8815
10571
4712
1007
30450
7316
28507
11508
3983
7673
30396
11355
10227
2881
7372
15548
2664
22364
21316
26930
13482
27628
29907
6915
16118
17413
1230
10883
14693
9265
5924
30517
29560
5048
29840
19252
25076
31518
20242
3537
5872
3052
6815
2430
44
21940
24088
18667
24484
11343
4217
20334
12901
17257
22099
12456
31136
9024
13180
19302
6653
23208
1284
11205
17713
4691
22380
22682
8659
25935
27923
4112
9579
8912
2289
14227
21709
23856
20871
749
24229
27188
24598
5807
17490
14481
20496
10707
1272
7854
25292
27295
32464
1708
2941
10957
31427
7076
30565
5864
5688
23599
26182
31993
32554
13868
26394
26211
13949
4029
19715
2316
19602
24979
28805
21437
19481
18028
4339
6604
18214
9177
27175
8696
14983
20549
21110
7316
15190
23091
29924
17640
8906
21703
31635
12756
11346
19848
16002
6582
14821
20324
19060
3470
12947
5877
21549
28512
12129
23554
27620
10202
27219
21577
1270
24375
9162
21371
9688
15715
29200
11401
21583
30048
12082
14366
4579
8168
30990
9324
31889
10580
30636
29228
26560
22204
24018
17120
374
9824
22482
23644
22476
3910
23719
1412
21151
25637
5440
8279
30089
23938
19996
9517
32271
3865
10007
25404
12828
19582
30084
10849
29359
16644
3195
16926
26320
16094
24436
20959
21192
2436
13077
7809
28561
8025
20553
16660
22156
18058
28050
15072
21874
24889
17056
2727
16013
19675
31266
10026
2344
20702
30172
750
22084
24719
6394
32064
11660
13372
3236
25719
1675
32149
13010
28025
29213
15192
15202
17537
30755
28718
3944
6943
32123
16592
1733
22400
17968
15725
7163
18671
26605
23120
4671
1436
16568
23486
16848
21916
17884
14621
32392
20274
16167
15196
19632
2125
16982
23182
22553
337
718
7896
24936
11546
18829
2190
5554
14911
10591
17305
1097
403
17237
10780
9941
15858
12147
23127
12198
28986
23977
25547
4680
6807
773
20382
31320
8708
26406
2114
9367
7438
9716
25682
20029
20699
14734
22716
11920
5484
24708
5669
11956
32287
13383
5513
21445
27512
989
22562
3875
27168
18137
24204
26893
814
15499
6950
14706
24998
2932
25531
25347
28991
29948
9826
17549
23146
29032
26018
21638
32655
18438
16346
6886
24474
30634
1504
32056
438
862
9449
4336
20056
30550
26537
26623
31104
14882
21179
2981
25148
32295
8258
6534
2925
26448
7889
14081
4557
14593
30600
20157
17201
8269
8064
19588
15116
28264
30826
19285
10293
22367
25714
27060
8170
2310
20842
14405
8724
11826
32548
30361
13004
12841
1311
4680
11551
22615
23398
7232
13070
31811
27318
10332
24281
3521
26591
19257
6526
7528
32364
10821
14972
3398
3718
21016
21724
14803
534
18184
21874
12068
32042
1015
22113
15969
28058
23408
19421
1913
15851
28403
28213
19220
12147
12428
1296
6346
8126
8874
30710
11666
15665
18991
18451
5757
28397
1732
22328
27556
29687
17775
8227
14174
32149
16743
17408
23991
18683
18215
4400
6174
31782
11713
26440
22878
18953
31349
7261
11728
8679
25218
18303
27598
28160
7996
5251
18538
9583
18527
1286
9312
13651
10403
17070
9546
1325
16528
26291
28435
6793
27540
23198
4526
8161
23379
13905
32520
21182
23870
16200
7483
7456
7783
27934
18692
24096
24979
5971
23671
9684
23441
12364
3569
26739
10699
12699
15183
27833
5915
7553
30045
31117
8928
14769
24465
1762
32336
26455
14330
30171
29712
15449
7027
5170
28162
16861
23068
28378
3422
31755
28683
14307
2308
7956
30270
17311
17936
5491
8148
24835
24239
15219
6013
4431
2866
29681
20784
25330
8545
31331
9244
29607
7698
5657
16608
24037
27898
4803
22526
5494
25282
8756
1165
30565
7517
2917
20271
4382
16026
19133
23875
25297
13557
1935
8284
8471
1715
741
6641
14808
21294
25468
1878
8300
32365
783
2538
9472
15095
8408
8083
23356
26089
7509
32615
21539
26951
9032
11948
12090
6288
25089
25091
18156
15253
15583
32480
31789
15242
5141
20797
25950
9822
2730
18832
25712
31816
28100
22266
26701
31651
8485
12737
23923
24315
13558
10752
4578
16744
2243
20125
4153
7450
8136
124
13852
6198
2667
17906
2520
5089
2313
29309
4938
12697
19445
30386
15357
17100
29886
27766
31378
22179
15537
13169
19813
23071
25759
12736
18541
32360
20961
3306
14948
22882
31896
28438
11560
29824
4921
11387
17762
15837
30538
23831
17765
3977
30566
16036
14169
16672
27271
29384
664
30626
4229
28044
28760
10110
23513
10255
25483
31984
2215
27516
18435
7821
9468
18489
31962
32285
28244
3425
15889
11176
10335
21621
20855
24276
20740
30030
31436
10862
21927
30294
31527
3654
11687
19704
8085
23360
32299
597
8963
7592
11039
4153
26462
454
31097
2637
18936
26290
9921
26510
5934
4970
6608
32765
24904
16930
4312
4760
16032
30171
28836
26506
13063
20023
6433
25247
18532
19852
25374
6650
6814
17719
11088
17674
23228
23603
3737
6074
3403
25578
15241
24040
2048
28490
32038
27417
29343
24604
25320
12907
20251
24209
10760
6859
19711
28446
19451
25447
27660
6794
22073
11366
12836
23622
28482
30679
30823
19196
11491
14056
5019
12138
8117
14169
23505
32113
14312
1328
22341
25449
26430
5293
3207
25528
9306
18560
16344
11427
13115
10298
8151
8804
22276
23298
9565
20348
20734
14985
10917
12106
20703
4672
32176
1757
14925
24264
29159
16391
25502
8617
13571
31410
12770
7496
27434
18551
13859
3347
22106
18029
12267
11775
3339
2367
6407
11060
1040
3970
7819
17158
28607
11845
11030
14376
16465
11241
26199
25372
15756
32051
19920
30702
1439
22687
19162
21538
29517
5111
27114
26859
12109
37
5906
5534
28913
14150
971
1637
12807
4351
6641
27448
23037
12564
8207
6921
9288
25654
29405
30527
17925
16157
30727
9062
5857
13271
11824
25893
16695
4448
32311
16496
15737
8562
12729
9214
7377
22686
13015
14846
26376
19612
31033
12550
4006
25824
18514
4428
18011
31085
8934
29208
9885
21486
6090
9081
2707
18179
19436
8248
1330
20441
26003
23562
18342
30205
15591
16905
30195
23922
30131
30565
11996
16129
26218
13911
19204
15056
28776
21847
5971
14646
11643
20111
3739
19918
5794
23439
22139
20682
2068
31042
900
8842
18052
26657
26779
19822
27044
31910
30110
31208
20456
21508
26955
26837
32652
16661
23133
26637
6360
1428
23543
30008
15779
11148
16710
740
4630
4880
17507
5077
15026
2093
5238
8348
31636
29981
3873
31596
23800
1213
10524
9768
30973
18754
18972
20160
22184
15143
8186
26046
30250
9321
11537
796
29286
19447
5608
3417
23470
30052
29201
22220
12237
2272
9296
9527
4939
30566
32256
22431
12268
12087
12723
7771
23674
13446
22809
31084
29124
12917
4643
28940
28903
6208
30567
15497
24268
5816
30663
19284
30962
4596
20813
25685
10094
23363
13146
20354
20528
18276
19456
15792
28551
29946
17580
25257
6632
22330
29192
30078
19179
22759
15135
2847
9622
11136
31683
32552
2526
5816
26155
24318
9067
23590
10209
2843
21916
830
21980
678
10443
8576
25576
3399
7378
29423
11087
14137
1229
22213
17586
21409
20514
1125
14648
31006
25791
3217
20203
11425
28323
31453
29790
11903
18592
11107
3987
7620
25183
10425
13341
26059
18340
9760
1154
10763
11475
27134
17123
9268
9396
15503
21727
10363
25459
11991
16052
17457
13035
19931
22951
10907
31779
5648
18855
25598
2585
15124
30253
29433
27071
6044
2662
25623
2884
22958
16532
31653
2196
16144
31922
30145
13602
30208
31318
3252
23269
30245
4572
14722
18592
26054
22721
25279
5479
24378
8525
28067
15711
10911
7541
25953
31685
16335
10495
11445
1586
9360
32487
28092
3357
31499
24066
15369
9633
21632
24801
7413
128
7223
3320
27190
4713
11962
23807
17076
4470
28993
19097
32152
27641
32110
6964
21413
7288
13626
29744
13003
32502
21296
31299
28665
2932
19161
28
19252
6584
3447
2118
31206
4685
1781
7760
11128
12491
26399
19243
15394
15193
2831
10451
2562
21359
6887
22833
8300
17377
12230
25665
11650
28697
5620
16752
30212
18595
32608
4168
15209
26864
14925
17486
18478
16979
16456
18475
5742
30800
12637
23563
17587
21014
3978
13123
19724
25930
20084
5430
12895
24070
2905
1401
6145
2082
326
14133
30596
32178
3466
20429
26832
7887
22634
15553
12405
13979
30230
8403
2112
29055
5084
7272
22029
2231
1436
30000
17627
18193
18300
24841
29734
19185
18396
30753
12657
10649
3469
4699
28706
22439
3645
5109
29586
31455
18742
28007
24421
2347
31305
21134
8727
22752
30980
27913
28120
1603
6188
3556
13210
21068
6503
8819
21608
24234
2360
28801
31993
27398
5936
23979
24453
30604
15971
17926
16343
28840
21018
9736
1444
18445
17095
7077
18715
7932
12094
696
3517
26051
5665
12453
8047
5252
15260
4924
17869
24887
5971
14049
16834
5874
24217
30698
18773
29288
32483
25417
30150
10161
7292
2667
22490
30025
27002
20064
9843
26714
26864
26171
15203
13886
29285
9404
21122
20287
2437
16684
16127
3746
24087
10121
2803
11237
2095
5091
13628
20804
21669
32006
392
31618
13765
4697
3760
1765
11336
20742
10056
3459
15492
29787
116
31420
17375
17777
23292
30728
17033
3595
15011
5875
28011
12992
10165
23653
7258
14429
12000
4391
26769
14469
4932
31651
3934
2458
26317
26347
27931
7649
31937
6909
9312
24032
27285
10822
17783
523
2821
14436
2576
12192
14180
7728
31030
23760
11056
3836
1922
16415
17897
8985
1935
20237
7971
27549
32429
4086
8411
29538
12762
17207
7175
20818
32494
10130
2928
12258
22037
24020
30916
28125
26498
12212
14311
15459
22882
15871
27787
24113
6671
23026
3584
27683
8839
3559
23885
17142
15644
6453
383
32339
9325
25425
15937
9481
3732
10809
30893
27291
30881
28690
32354
10746
17992
27663
17111
32147
2518
662
1775
6284
2153
2206
7885
17739
20065
22108
18921
11577
26642
27934
20835
19909
4795
13431
24728
16043
31164
4764
19444
11638
21507
25614
14855
12867
30152
5753
25306
25033
10874
27356
22915
16534
27385
8939
5111
31643
17413
7602
9504
2539
247
10106
23855
7104
28334
240
17460
31423
19149
24964
8939
16253
13092
30992
3545
65
10603
13498
9880
23820
32566
19227
1904
3286
15909
21409
3367
20507
24667
27953
29465
27798
27954
14353
30091
5709
20013
9990
28220
27085
28719
27577
7997
23479
1258
607
8195
16763
30873
8345
8379
22372
28658
2969
30685
26581
25174
6535
11780
30674
9292
25123
31741
7361
30253
25259
28445
24434
27425
6399
10200
20574
15433
23043
26256
12588
23614
26437
23211
22394
24251
2016
26600
11481
2198
10400
22003
28697
7157
18278
7735
7112
13502
11726
19443
5621
18767
16144
8848
3385
9072
23844
32306
9977
25989
10538
8845
25317
28681
8968
27642
22468
15159
27733
5833
11636
30986
12918
4313
30764
4968
1030
2407
22789
23194
5500
13092
1977
30720
14599
27786
10666
30979
3517
17007
6694
1610
10741
219
2025
6961
17649
17943
3043
20855
9153
19462
7484
5430
19811
23480
1686
21785
18991
7997
16530
713
29299
17847
21909
30632
4186
11699
13004
4546
22802
2490
2669
7425
301
13090
11072
23712
28744
7978
29023
18657
22507
10823
13370
21763
12721
11704
21981
20846
26793
4960
22390
15922
12795
23509
5905
8623
22735
19125
6823
14229
362
11577
3159
3088
10138
28428
19443
22332
23637
29021
14782
11487
1693
22579
7796
21591
11174
16896
21643
23761
571
7546
5817
16828
21854
4518
6070
13182
31279
11317
18243
22629
23823
18964
26731
6624
27140
28223
23817
20975
21599
31446
19082
27864
413
114
31732
21276
7052
6073
9511
12201
3503
31024
27492
26193
29154
18257
22283
20091
12353
16094
4777
1560
22087
16756
6961
28889
26931
28259
17802
14239
14256
15805
15690
23604
28340
20909
24770
13624
30121
29194
7738
26206
21963
26156
13949
10456
12497
8447
2201
30735
2767
29525
19168
30360
27483
14465
21810
8035
6639
12577
24703
5942
31118
59
24455
12890
18346
32396
21732
661
16966
22556
19019
344
31064
10262
19727
10808
20337
1751
5094
6562
28063
15941
12784
971
11923
6242
31477
6119
17663
31777
31983
9115
8514
19576
13000
2740
23111
15798
21604
26393
7594
5399
26594
25854
27421
1685
30751
12123
7947
9474
5244
157
4219
6228
32226
11163
17974
3648
9475
12491
1836
6410
24034
13238
18964
28827
27797
25769
18515
18900
20297
12974
14367
14370
27016
22970
29156
19794
29879
8488
1254
27559
23011
24166
32553
32298
22717
4079
27790
2882
8162
9337
20798
21892
14944
17007
9035
32460
30326
9121
1941
24973
10652
22843
21995
5221
30147
3059
10355
19445
29662
3207
31308
3823
26529
18535
6513
28784
24713
30382
28641
17553
27676
4439
26621
825
15730
28334
28721
19765
28148
3844
25046
18314
15204
29351
20311
16649
26398
3090
32147
22053
6813
8800
3203
1794
30016
14343
4893
29646
10062
18882
12920
13140
15929
31183
25648
30670
1567
31579
2060
30203
9366
21051
29918
17010
20649
15068
4267
6454
19486
20093
13324
17290
507
14235
23764
4103
28232
2733
29683
4331
13077
5906
10907
5300
32447
17480
12961
3310
10096
20318
22053
22345
8165
31916
12917
7406
10612
4545
6703
15379
26445
11165
25254
28621
14080
17697
8327
10790
29247
451
6077
21616
32229
4230
25233
27097
19000
15146
5142
8255
10347
30111
22980
4933
6504
448
24675
9638
31180
31550
43
3273
12082
24538
29737
14998
15028
26584
8420
6537
21679
17072
11841
20228
30151
3078
30884
30698
28971
3292
7512
4969
1050
7431
9777
4119
32423
14559
6255
12097
27065
7995
27366
12927
20053
2973
10076
1932
544
24745
15155
26197
7455
22236
15176
5456
31938
890
7962
18447
30753
19400
14127
19477
10629
6268
25267
30696
28970
23922
18531
4200
5443
18848
5801
6238
9023
13132
3848
15960
30283
5244
24763
23733
1816
11183
5785
16380
26846
5322
7228
10098
6049
28245
7778
13291
31667
24295
19091
14560
18042
3807
12805
9154
3187
27221
21436
28046
16503
16209
4597
19106
29757
3130
5829
3279
545
4753
27646
27567
1059
479
19026
10040
15411
20203
25531
14482
20908
2865
11546
1318
2078
20624
27422
18424
21328
5443
1639
9526
27781
31762
27371
7185
19711
29897
30361
19147
12738
16618
15165
14609
3226
12447
6052
7308
1631
11250
27648
19379
30328
23616
28045
21219
29598
2539
23925
24497
25058
592
9970
30335
8690
6649
10418
9805
17816
7955
11647
11986
28035
20514
22559
19659
13386
10995
1657
8340
19118
10194
28666
25333
10528
13566
823
23614
31363
1626
18132
20886
9266
3429
16804
23696
3909
11628
11793
24831
5904
32767
31935
5388
16621
15777
27244
20357
8508
7875
11547
4216
4519
18676
31857
30721
7339
7250
31071
8032
16979
30020
14593
2126
31303
13931
30406
5778
5894
11989
12754
18383
28272
12404
14752
7584
27527
27343
28140
28134
28022
24056
13776
3425
6099
31166
29229
2174
30753
15651
28492
24176
9369
27153
6597
29314
14378
8520
31392
10156
20414
31387
16059
23140
27839
27996
19819
11446
24793
7445
12902
22679
9986
24184
24289
31863
19896
2201
1525
5653
22154
26203
6215
8087
11994
23592
8936
730
9697
5606
5498
22279
1012
20774
13205
7271
9989
6046
13673
27256
18540
32217
23460
17472
20456
14893
31382
1761
22496
10222
16530
9838
18159
2785
15256
11517
8864
9971
25138
12285
32630
43
9116
12234
12848
22238
17191
5503
9802
13346
735
17164
32199
6788
24940
27016
24110
12030
28470
6600
3795
28195
32461
17200
19543
16797
13447
5321
30066
2521
14699
29844
29936
28673
5453
286
3322
5163
29755
20821
26519
27600
23320
26266
4211
25727
3975
1303
15326
7890
14091
26195
32535
21922
29036
31235
24011
17783
29276
10532
20697
10306
24154
20294
10840
6479
28375
24107
31451
30069
8599
24464
23539
2960
30555
18763
17398
12593
1469
22422
18175
3987
24667
25003
26934
15569
7479
23697
26194
30039
30814
53
4700
2454
23240
17084
14261
21501
18560
7704
5722
19236
31236
21465
26727
1098
9455
9030
4058
14849
14293
9645
20890
11048
3439
17655
16824
26138
23288
127
17652
21541
24022
29733
19331
6462
3197
21918
10511
7154
20113
23566
11776
18848
74
17880
26106
27366
17693
28852
8102
7257
28057
14339
8630
16249
29839
3424
12579
30692
22389
32632
19641
2249
19980
8987
16854
9888
9537
4755
32367
4376
16721
30516
17491
2385
2865
20788
8628
30796
19757
29117
21219
22944
17103
23361
29019
15982
24578
31758
5121
31894
4983
30498
17578
24107
2120
28480
28382
25893
10972
2115
11228
30550
29962
4787
4061
1696
17793
5526
23709
2404
18023
10888
15640
22333
10048
24590
28305
15855
11794
5672
31449
25242
25542
2341
26574
17204
24530
32443
34
27701
30485
18775
6494
13972
20994
5554
31526
8691
11777
13989
19390
7959
19986
25406
9677
24218
24244
6931
15201
30692
20741
9430
10804
31831
28970
23338
25902
19146
15345
15285
22314
14137
14261
27767
8957
23226
21635
11098
9396
8115
6010
23562
6174
24139
5496
10246
2187
7454
243
25848
28114
18997
20260
13634
6809
53
14443
5849
24528
11222
6127
21590
2431
9623
28293
3146
6338
5041
3283
17106
24337
10313
10421
12652
24261
4073
25055
18697
5336
9265
31172
6756
4077
14026
17079
6289
30864
2204
2640
27097
28350
16705
786
15045
24744
31417
29002
18297
16052
13663
7994
3907
12485
18459
23671
26228
12476
8410
3216
23151
11839
26939
2288
7167
8121
25483
23046
25582
9377
5108
2979
1491
7424
2545
8355
9515
23085
24069
27087
16555
19675
14253
17410
2005
21590
28563
395
11978
4874
8708
723
13407
27717
17828
16960
20082
3902
6753
22360
28799
13141
1189
13610
8302
27036
10448
10217
3503
10135
23269
21979
7817
28480
13955
18289
26543
14414
29464
15032
16917
32439
18513
17904
29441
6772
30421
3449
6757
17540
18738
4343
23404
27955
8471
21422
29523
18332
25797
25646
12922
11885
24768
1845
3003
17898
29130
2513
11770
32565
2833
32453
23549
24780
27816
27438
30334
14419
7732
9830
27775
6548
488
28969
1502
20164
5043
2038
15401
7687
10423
13496
5555
2103
17150
9126
14056
25825
19816
32616
7645
32657
21480
6267
15404
6736
3056
7126
25342
31082
16682
7374
13673
23669
31337
30263
5373
2190
27359
18124
15513
18406
912
3281
32131
638
14598
9462
21176
21550
20807
12415
16001
17388
19972
9890
9799
75
18195
5424
8360
17730
18720
21624
27083
20271
3231
12905
29168
32539
6404
22774
14923
5184
10295
29631
29714
7880
24130
22765
5589
4056
10573
14685
23310
2765
24013
7170
25081
23494
25336
10372
23461
14178
892
1325
587
10187
13936
19462
18912
19187
29835
23357
32486
17949
28052
1226
18311
4768
12825
24914
15076
2023
9572
19020
683
18109
19371
16226
15079
27079
18567
15130
1053
8018
8615
15029
31636
4176
6598
32088
3572
14492
14298
15977
22547
5254
20111
28476
2571
18315
6131
13295
144
8292
14707
10130
2176
7747
17414
11147
188
23385
1192
17977
20023
155
14602
21720
22092
9926
31880
5285
29525
18592
347
18242
6009
10881
27152
30299
4549
23315
22328
6794
10622
12630
32098
10616
950
27623
22342
20294
1822
21889
18499
22315
12827
4804
17164
1886
5916
32053
18590
29750
29482
12167
21365
3727
4801
10009
767
29041
30942
7871
6993
13036
31833
1733
11545
15430
20341
15921
31187
27993
9654
29001
26688
3894
27634
16725
7444
23054
18091
6566
3055
4691
19100
21975
5263
282
9106
7507
68
19396
7549
6167
29604
28381
17351
24762
10367
24644
2788
22442
1046
7308
14379
15288
23943
9123
31716
11223
2188
10417
29090
30240
30821
31043
31443
22554
3859
24489
10133
5177
27847
1180
8651
164
21402
5157
20080
29499
29566
10682
6444
11993
12917
18345
7717
13782
17665
23994
9752
9681
10971
8975
10408
172
25575
18256
18678
1751
29032
16133
113
1746
30577
12099
27632
17901
4764
15499
28414
26195
13821
16623
8564
28230
9561
11638
15182
21676
24468
6850
29367
14027
3433
19696
102
6993
18526
11968
15917
26263
19958
2038
5071
25638
29480
29440
9747
2427
27664
21976
31766
22023
15333
25132
3813
29818
24875
24765
30539
321
4649
19461
11752
6733
7582
32284
4483
7191
17328
30172
10146
12257
6949
30532
19287
3902
22229
2842
15964
8404
32607
8660
20578
21089
29980
23993
4263
21500
20049
18500
15815
6302
26025
30409
26580
16352
11490
25178
30888
19718
6086
30444
5754
20285
13149
7606
5296
24353
15713
18138
26356
5506
20466
13895
19082
24424
30091
6110
6625
21332
14645
7892
32360
27593
1786
13399
29858
19211
28829
31092
22141
27687
10888
8248
24544
25907
21766
24597
24963
7895
26034
2440
5635
9485
17712
31993
19766
29988
29978
2275
25020
27915
21053
29492
11478
16332
18182
12791
27771
4951
567
5936
20393
11137
1502
29703
7418
17996
8840
30505
10103
3433
12978
19052
1456
16635
10880
13234
16141
32670
20402
15631
25439
20392
11731
10286
16570
19887
6835
12528
11143
9291
24344
25431
3285
12572
22449
2211
10992
31503
8779
28602
24629
24030
11079
5325
13348
3798
12108
27705
2743
24285
1337
21675
24050
23987
17502
29832
13756
17016
6891
1676
20973
15727
26792
22961
15016
5889
29159
2130
10987
16389
16056
10896
2404
14142
31323
2037
25479
26661
26363
3159
7901
26345
14745
1023
21663
11701
29254
25355
2947
16177
1173
7185
17366
21067
25680
18949
2507
27447
19050
12637
531
1460
17973
23666
9389
13458
28373
22314
6656
23153
18677
19924
28199
24523
13496
4947
3724
2613
30706
21119
17848
22753
14489
28360
10601
2664
31606
22557
12005
12230
31520
22028
22927
28838
27435
3626
14264
25825
31645
18869
8631
10049
12449
15992
28476
1418
25216
24303
5857
29115
31180
30124
27650
6289
15327
4089
28367
16717
15236
31679
25247
23223
16883
23718
7816
22883
17411
7294
19500
19251
14235
15070
2261
17437
23913
16394
7365
2094
21207
22298
15559
5839
59
21337
2570
31560
14158
9452
17455
1666
5600
180
24993
22033
202
16245
549
19569
19235
14391
28594
24208
23991
6636
8578
23181
29364
2132
30057
3008
14759
30
4966
24570
30631
18000
12152
29198
30672
26344
7602
7568
24564
1731
27794
32732
15756
3263
31119
2650
24309
26141
13297
2561
19673
27177
485
18458
30699
8476
31697
10311
28375
29249
29157
26563
12408
32087
28659
25067
28236
9015
13184
32254
21286
438
18459
10785
8739
26317
15853
1958
16863
32503
11922
11405
2025
17115
1063
7755
22644
26667
13988
27083
28239
22988
29548
31923
24343
31543
25379
9192
12203
15135
448
21332
3296
14676
15587
6887
31862
999
19560
27867
6731
12175
31036
6461
13775
20299
18031
8873
25528
3913
12427
20565
22519
30471
30501
8528
7146
5816
9393
1292
29907
9193
18587
32027
3721
18788
6035
3126
15981
11860
26152
5763
29344
30891
12696
5912
8563
20161
10982
20155
19743
7229
30766
20459
28599
7737
8246
3109
25434
31393
21573
18016
6829
26332
3128
3802
15752
8623
10450
11286
32240
17502
4180
5413
14662
12052
31053
24870
14781
5252
22452
20489
11282
26833
8244
20632
7543
14251
21959
10167
5584
9660
5510
7402
8737
8514
5312
20505
25415
1533
17737
7312
29927
14411
5140
11594
16549
31634
30212
9839
4502
2014
14080
2075
31735
8907
16198
11873
27935
16294
17153
4752
30642
27343
4125
12724
12312
1121
28250
15456
11565
3605
17823
29611
314
4196
32402
22393
16165
23276
20837
2556
24548
9237
30450
3194
7223
19444
28683
14672
3735
18032
22283
7991
12649
28835
28593
8646
3448
21891
26927
824
11426
9665
1661
15216
9426
26353
8435
16442
20270
7660
14615
8916
32657
30834
2484
9901
20539
14868
20780
13676
21959
28753
17678
21556
20318
12800
25579
32294
10027
28142
6502
2088
22286
3271
26763
29157
1429
27194
4194
18453
28456
26968
24259
31743
28547
10301
9579
21564
16234
5875
1360
23229
14999
30099
1074
27664
16888
32173
8307
19422
3607
15082
22312
25273
1498
22256
20592
2324
28012
23686
9733
915
379
13817
30736
5254
21156
27326
17474
18096
29995
24664
13088
21836
22768
8829
20382
21842
23966
30324
23792
1014
30502
15809
16029
24177
30316
27652
9941
26373
19007
5151
32516
15163
19599
20631
16039
24432
28634
2877
9311
25487
24808
26637
1347
17696
28856
22358
9851
12930
23226
4891
21771
4980
15167
3001
12268
31451
18989
1995
22625
26047
11767
31563
31880
27542
31436
23034
28719
17349
12815
26881
18410
17508
22024
21464
10850
15937
26073
2151
19440
23080
21939
7787
18539
23394
22345
19996
20286
27516
1669
14861
21949
21322
20090
4179
17337
17706
6811
18153
20049
7309
10282
30547
29964
14004
3059
7554
21797
18616
16441
15864
18214
22221
20209
14124
31416
12487
27694
16944
1210
6110
5341
26257
5008
29102
1458
25983
15806
11394
7778
24621
7861
14545
1299
15739
13804
15369
7696
4819
15411
24716
11202
5200
25413
26360
10972
20518
13212
23724
16085
14654
31881
7048
17051
17696
2691
30451
20870
8470
6080
14883
23690
17038
11010
23449
8114
22209
22708
2538
3017
21906
6709
30149
30810
15289
12148
32050
12764
12320
16061
7192
14374
6285
9938
17922
16681
24962
14142
3362
21469
32098
17126
14999
3964
24276
16609
15339
29423
29292
28553
2528
14469
23433
11730
27756
6635
30841
32475
16386
4185
29156
27587
8211
25865
22887
14270
6869
9709
7039
6760
21059
21153
18601
29785
11877
21919
31175
12793
1233
7602
21446
20629
22898
27565
28286
14771
7304
10332
8921
26787
2544
22203
1080
3671
3494
30310
2322
10101
20872
27217
9950
14505
22620
14265
25908
9536
18965
12634
11311
21491
21842
25315
21013
5632
18984
20647
11322
1152
21025
24469
10017
18420
27012
31082
10725
32289
32215
16677
18647
12830
21923
27579
2921
6827
9591
4365
18763
4804
30255
2327
25299
118
16502
10602
22690
7666
24970
30428
1669
22752
19776
8062
1433
15349
8519
20686
31155
5832
32176
15918
19966
22497
18094
27541
9446
19731
13211
4229
32565
15885
20284
10045
24188
5419
19782
31791
26293
2706
22817
20916
17190
1403
16875
27647
21129
10191
10176
6479
24169
14325
3641
2665
25039
23783
30770
3910
8990
24716
28881
3081
9532
27714
9668
14900
13298
29625
30409
2586
3990
16904
7796
14488
31719
23802
22573
27904
13880
12969
10104
29526
5841
17743
9337
26303
24978
18776
29111
24630
2521
27068
16160
32129
28070
9867
32333
21603
19453
458
11272
9748
31372
28285
21259
26350
7822
13829
11275
28265
27887
18348
32501
25417
13745
9855
10616
14358
16014
26972
28355
19405
12511
331
29840
725
7868
14865
4449
27700
25445
10499
20489
18179
25312
32281
19567
31775
27876
27459
19855
24610
18166
5632
16577
20882
8658
18220
31294
1880
32268
19737
24288
9075
17399
17378
23337
24045
4806
14332
19335
23566
2801
22286
14806
2001
6107
8963
5159
31636
31921
23389
16576
22035
10389
4300
13156
2711
5628
5887
26580
363
14676
18618
26005
7312
17131
21033
12532
29873
14348
30068
19784
25177
10091
32147
13431
10084
31938
21348
26555
19636
14269
26874
32166
2085
2580
28472
20836
16066
8438
2463
14145
30521
7598
29797
23146
20620
385
20679
10232
20746
4309
2976
27434
8574
29081
4665
32498
2214
2272
18787
14516
15078
23503
31427
28746
21054
30650
11374
18763
634
9610
5814
8589
23976
27746
11331
18664
15567
10114
26725
26173
8414
13163
22440
11703
8163
30275
3753
19537
12925
18300
809
11417
30100
31409
31584
30899
13383
4560
1939
32160
20006
23166
14825
21441
19874
31415
4219
28822
17089
12469
17834
1484
13847
18964
31413
20855
18417
5683
28811
17308
20435
22493
17117
7410
4133
31273
22904
27369
21033
3230
978
1260
32304
19099
29410
28387
1038
12790
1333
17661
10187
27876
6463
5292
1691
4889
23023
18161
26640
1584
14726
32729
12175
27980
3752
5960
513
5120
1971
3829
29642
12396
26705
10678
21247
21673
17737
2046
25043
3944
12955
28067
5459
32725
6091
5349
11348
24770
7805
12973
12969
20225
28482
4114
17561
20241
12466
23841
9872
22014
31931
8414
1300
22914
16440
27270
28923
11120
14533
10263
27611
9298
1234
17938
6339
24913
31223
31872
25896
6486
13703
27955
15906
19823
7016
30542
9689
22644
14114
25608
15673
8682
13109
20652
5614
30759
23216
31204
24716
21943
22783
19512
19213
5631
11269
24018
9089
23840
31851
13700
4865
14111
20535
780
1253
12866
19360
11414
3639
30909
29728
21890
26983
11661
10700
17000
23103
4261
19169
15961
3610
11848
13727
25960
19537
7606
7258
30825
2807
4874
24526
7673
15302
18531
25523
13503
25944
578
4497
6897
23707
13107
32214
3865
12927
688
25382
3609
10737
15170
26610
21100
18957
25577
25164
22704
24719
2238
3577
3425
2187
30423
26824
2024
2399
28523
10531
30420
8677
5686
740
8551
5101
7967
11882
8788
1002
32537
26091
16327
235
9287
19723
1190
18637
31075
30382
32534
7343
14432
32011
18498
14759
20558
24579
14680
18867
25215
7600
29139
24819
6888
14656
4864
23317
26569
9220
21691
11536
21649
15556
22394
32533
3068
22870
22414
8898
17790
3694
9637
14746
8676
10680
2194
8114
15161
4644
27729
28332
27622
642
581
11497
4382
21070
14021
31995
19577
16589
8151
24921
2271
30297
18747
26711
18088
12280
428
21589
29441
18740
3426
5174
20114
6183
25051
8212
10078
20438
20187
3633
27114
23744
14514
29745
19873
28598
18365
26759
8311
10988
12591
14382
30157
9553
32017
9369
15508
14364
28040
15852
182
19111
27479
11628
23473
4225
7076
1076
22661
28095
767
25131
20177
30098
22944
2354
31033
14111
29936
12450
19210
19594
27212
11509
18721
24660
20229
16323
27145
7400
14763
9201
16739
14960
26763
10789
31371
7917
12662
31100
26232
17543
7876
18560
8420
23073
23961
8788
4269
21041
24935
3122
18300
21455
24756
7960
1188
16908
3870
27069
24397
19844
14492
11978
23505
17463
8710
21319
28774
5012
21208
4435
15614
12503
11315
17177
31339
23445
28964
23039
25799
28309
9257
22048
9491
13026
24049
20989
32286
26910
356
30319
16552
32025
28899
27361
19144
6051
10449
5563
5771
670
25426
16673
7134
4951
10578
30686
2478
3862
29898
11931
6733
15859
18494
3413
1816
8172
24459
27918
24407
30773
24031
24002
18020
8911
7433
18588
23824
26716
499
618
23106
17458
31340
25167
5857
20654
2091
12471
4340
19914
32017
656
10760
30194
19631
21688
9426
5396
5896
31665
9750
5623
20632
15260
15560
31181
11157
7269
13680
28171
9844
20027
15571
29816
25519
12867
5583
20868
11974
23437
26247
13532
21124
7239
24768
20539
9347
29488
18827
20611
27122
27984
9253
27916
31126
20455
1051
316
16143
7843
19121
25688
861
21013
21381
29593
7842
21094
21616
643
30505
2630
29869
9586
29096
9766
24381
2678
14018
21415
21641
21600
29136
5458
32586
11293
27873
32393
4262
31811
11775
27581
26523
2794
31157
2786
18337
26045
24270
18464
25227
21585
12126
29388
14767
17589
2823
11926
6726
26186
24181
1284
14614
26324
31787
11039
12622
1490
12930
20332
27313
29195
750
1053
10998
9578
24196
6537
22127
13067
3001
31962
9194
15254
6509
28421
18389
31692
808
10240
23205
10591
27299
14895
32376
4615
2698
18975
2040
12498
18048
28278
11907
11708
31844
19498
1930
31615
31442
17138
20791
1964
16621
15866
20563
12539
27484
31963
17766
30687
29331
26826
15648
7518
7764
18959
16375
9248
21109
29114
9490
26566
6371
11153
3174
15997
3303
3148
17439
22738
2984
28677
7489
21448
19954
15594
29583
12583
20277
15925
27820
10776
9681
11102
12928
4079
12432
12174
11485
12104
15732
1368
32354
26965
3508
31396
18592
30582
23297
28907
31612
3338
16909
11690
13268
19334
13902
3856
28006
15556
25344
30970
3053
18333
7529
3618
32652
21177
19552
2451
2160
2470
26896
19553
23986
30760
31994
29590
15226
28624
16697
2671
7274
27600
17162
11465
8762
26382
12683
11734
29087
22647
14531
5908
1394
18838
3555
4992
15630
15205
4299
6919
10746
19811
9936
29245
24776
23270
12989
21073
20796
691
19991
19777
27057
19660
10150
16970
2489
25225
11056
30371
2052
3306
22152
9834
20355
27948
24520
8671
22476
9114
4314
19152
31937
22694
31805
1620
31084
23608
28421
30396
2606
20294
17444
4551
31257
2981
31977
26389
8090
15903
17094
10974
3163
26309
13910
22756
29799
13190
12190
934
4240
26881
21396
9175
14
19864
8925
31758
28008
19142
26075
25791
31384
14514
6631
5226
14442
2052
17371
14354
11557
15863
19412
28657
11885
30383
17974
1130
4712
25038
19952
26431
31776
27970
21505
21764
18216
4704
2107
10964
22147
31031
16198
17474
19137
26142
31209
30098
25451
9616
29061
30250
4001
27194
19938
20291
29186
20817
26670
8932
23500
297
16195
24337
836
5636
297
12608
31065
20776
19932
19980
8836
15924
5967
24877
14066
17075
17072
14760
3557
19442
28398
1603
14424
3855
1145
13884
12002
3923
29257
21050
5852
24257
15393
24964
25286
19695
15893
12145
20967
30741
18762
1312
4916
29796
32253
11112
3955
32153
1734
18706
7840
26321
6430
28998
11408
15519
24352
30276
4308
19804
11916
21589
7648
3006
12561
18688
11117
32684
25036
27264
8219
14673
1036
21366
15963
31344
30552
14044
14476
2551
3251
28730
20580
26070
16670
25628
1426
18193
351
17603
6049
11284
23297
3867
24352
23880
16028
21485
16896
8163
14166
8534
18237
2820
15274
8312
3521
13055
31592
15215
10885
7925
20221
24454
12793
15529
11253
12203
28838
18062
17086
15137
5905
20517
10671
3189
23779
27781
14664
9395
24392
9019
32188
14041
16021
10069
25004
14220
16173
1210
30262
5386
29093
14269
31790
11104
9766
25329
4779
18653
12051
5950
11974
22214
14060
25140
16542
31307
11635
5792
10656
16826
4109
861
26629
12787
4458
3181
7067
18460
25704
23112
18377
17302
11829
4980
30413
19503
25524
21590
8777
18585
5667
22856
1278
31003
29434
3820
14807
10886
31510
31935
19497
5483
13590
15857
7481
15755
24326
31860
17151
25999
25403
8787
17449
27385
5245
13637
21859
7771
30060
4226
31702
27590
3868
28885
14574
26502
6915
1778
9057
4876
1045
1035
4461
28204
813
21662
14433
10377
23215
32145
25950
1869
30059
20352
13151
21277
27845
25686
25207
25164
14867
6938
13402
4942
5959
1548
29215
19312
21198
32497
32580
19911
6840
21931
7667
32358
792
19724
18563
26068
19374
23020
17474
2238
10435
22649
20850
26600
4949
11215
7313
15465
25716
31689
21726
17432
16364
1302
3096
12866
4644
12175
17289
6302
9542
24263
19011
23682
4512
12516
20650
3158
3403
8110
21810
10570
24330
14310
20074
14660
30836
23257
13882
13596
31574
15925
23144
9996
11859
7706
5729
3426
9421
21876
23095
21880
7689
20617
8934
742
24461
3534
18395
22262
3789
8447
16823
3161
19975
27758
20048
31512
8300
1180
5624
14541
22912
29190
13827
2322
7107
17729
21635
12858
10897
12617
8534
2623
4935
8215
26723
20476
29095
30065
6432
9372
21374
29702
26456
14675
32643
30906
26923
1356
9091
63
22102
6114
11707
10981
19636
23314
21894
12979
15877
23088
5944
1974
27375
24794
10057
1689
3906
1579
8374
32118
9088
30768
29348
29420
22429
7072
20806
25458
11011
21447
11778
26858
17881
1732
31439
122
30597
12788
15586
25239
32367
8878
12937
8546
32008
10033
4183
312
16396
19418
6529
16260
14852
30875
6024
15320
22542
680
29976
14141
5088
1651
49
7623
26379
7643
6020
3692
893
18080
18208
5397
30026
3355
6221
19190
4524
20268
6328
20763
22344
11123
23761
22852
9138
28867
370
12531
25140
8659
28865
707
6091
24887
28247
16891
28787
22927
11938
29795
12708
30207
32135
20055
13853
32479
14412
21785
22240
28339
7862
31596
25982
4957
16238
27742
7060
20369
937
30821
9110
4234
7688
22701
7883
19451
24765
15537
19609
6729
16112
22025
14083
16631
32097
22146
2160
16738
22094
5236
28334
16302
5271
18768
12086
22016
27168
7801
20658
10221
1399
31829
32188
18995
10935
20387
1257
21159
21420
14607
6662
9327
6967
23299
15521
19569
30708
14785
26572
523
2587
25007
28445
8197
164
18417
11513
10692
22959
6461
26130
12480
546
27371
1583
11832
6292
588
6700
9508
22378
9789
11073
8299
27199
12028
24455
24918
12938
18490
951
21060
16250
6513
25141
4512
32037
18551
2894
10513
24290
2644
29374
17648
2291
13905
1654
32767
15720
3921
8860
5976
4159
14180
1746
6819
9936
410
12475
27788
1641
5653
16315
10101
13877
7266
17919
14951
14434
24586
10942
21071
7810
9059
446
25447
15666
5292
31769
26354
17146
6489
22081
8492
13941
25516
26434
897
8114
1669
13639
32509
24793
31611
13152
23300
530
20267
3202
25667
29858
26576
8144
2022
4439
6677
4632
12043
22055
39
6305
28279
10004
18189
24868
24200
5715
26172
15128
12139
30636
30054
26162
19855
17188
5268
10797
10842
2778
6772
7111
32026
2095
31988
13068
4158
1065
10255
5846
28358
7962
14055
16789
1528
15228
17173
25420
3925
4128
15933
9436
22219
9608
2533
12421
12588
17041
16775
9130
14047
3156
27364
19924
5846
23887
156
24826
5567
6080
2812
30464
3455
30546
15127
4221
220
9723
15384
28865
6009
6181
11990
31511
5640
29708
937
30023
9915
2151
9853
21343
1531
5706
12580
28851
26461
29259
6129
23075
9938
16612
1154
3484
6686
21016
21213
21218
5771
24665
25791
4492
32478
13994
16176
18512
28042
513
9819
2432
20260
20975
11165
8405
279
3202
25052
18028
18585
22891
11290
782
13789
18524
23113
10676
18314
14004
2145
2634
25197
14430
29617
16820
29034
2038
14962
19215
16825
16942
14754
13881
28495
28785
32016
10131
30105
9926
30131
1285
14448
14582
27199
29763
6474
19185
22010
3663
27821
16494
10700
27712
25578
20434
9110
28993
16135
15443
12229
30172
23293
31581
2343
14457
28708
18740
2813
14113
5355
28892
26961
22152
22732
19254
17290
31307
2943
14699
17725
29302
1134
7821
18758
25161
32362
7292
13080
1084
23452
6151
29265
28480
26046
18516
25746
16712
24203
21890
2445
21256
29811
19084
15711
22780
28564
24177
27937
5549
10982
22674
31161
304
11701
5211
15606
2543
31061
26661
25821
21164
24337
29531
6461
4546
29284
6108
8074
30126
27500
8865
28903
13007
3483
26528
30341
7786
26288
21744
24620
31473
31205
16685
18711
22917
11114
31006
7941
13497
19
20629
32653
10393
1358
14999
32690
27627
30039
11453
4535
28340
27567
20954
32053
16894
15818
20446
7530
11481
19463
9467
22996
4768
24294
24582
3326
3709
25718
14367
19867
26671
8716
18324
19921
17931
11834
28163
17623
16449
18175
7615
5826
14689
22588
6261
11932
8222
18023
24336
16055
32337
20867
22745
23360
31041
9296
30179
8983
10017
25535
20646
27358
24026
21160
4842
7761
24331
23999
8679
19413
1358
9157
21930
3667
22206
19963
16314
18758
8374
19676
17660
27411
219
19723
3796
10650
32604
30859
6029
27914
7800
22574
22011
23801
833
26960
19550
17332
7072
15300
32394
15315
26010
11279
4933
23569
15313
3540
9457
21851
19278
23184
1387
14119
5757
14472
31026
19975
10617
28159
11724
20606
25482
5291
28517
19986
31213
8554
25018
5282
6099
5170
16437
32762
16299
25670
26969
26533
20900
31920
14689
7938
23406
23787
30756
15259
5441
12768
24124
5553
12321
31508
30055
14108
22880
4127
22573
11346
5988
6752
5316
27589
25515
22255
14128
18290
9739
13523
16046
7350
30015
9077
595
13924
16543
9557
18673
5398
18223
31484
6202
4544
32731
31282
32552
3723
22273
25968
24476
10720
25904
22424
31557
10178
816
6116
18371
1378
24386
27164
19980
27373
30632
12045
6415
28585
7784
26934
30616
25664
27214
31172
5492
5980
14640
10689
12245
18547
10101
21384
26872
15589
8408
16508
32516
11076
28266
3833
27190
28914
26070
13451
9787
17906
7657
28766
10973
25336
19538
16886
22498
19906
12454
14368
22577
16299
12455
11305
16439
23166
2501
15693
27529
8072
15333
8306
24011
23793
4450
6167
10960
1356
26705
10375
10754
9580
8458
23634
30981
27769
21988
11517
4503
31300
16447
25593
30395
26584
28360
2002
15638
15954
12536
10665
29337
20466
23518
9956
10592
10097
19487
13092
10714
405
18747
15991
4139
1284
11793
3024
22734
11350
31398
2996
8319
5741
13090
20277
7000
12553
12315
10020
1850
29079
17430
17283
7534
4170
23115
26425
18316
31085
29353
1033
7068
26872
7962
21189
25468
25697
26120
15295
13186
1716
11808
9089
21601
21222
5974
28606
1105
103
25897
22664
21354
30198
24104
22978
8017
26297
17589
22745
29207
17805
19721
21167
18526
667
13432
9688
702
18220
24054
19721
1639
9150
6107
7629
20743
25686
28387
24442
1006
32537
12921
20068
10864
20758
3637
24400
16266
7527
23715
22316
14025
632
5958
2813
3176
22950
2012
23576
8376
13580
7908
17557
25285
28569
4958
2049
3639
870
12242
23635
118
6727
28819
7969
26898
3233
22341
27412
22881
17019
6045
8602
30570
10967
360
15578
22529
15682
19407
32237
17460
14762
9689
19275
28134
6768
12337
21379
22458
27838
17450
18480
29747
795
11264
17704
16409
13884
12385
14326
23582
10269
7979
23435
27073
15697
12152
7216
12147
16535
26328
30655
18424
25773
25565
11795
24849
6249
12765
21949
19800
24837
2547
10488
28011
11963
9543
7904
13388
24465
1167
9438
19208
25719
20694
3175
6039
15503
14716
230
11012
15052
29567
6646
23246
18878
15864
24021
2445
8620
4073
18453
25304
9444
21301
10389
3687
22095
20720
28336
7797
7752
13017
13492
15720
20910
15909
8086
24244
12088
11135
26340
30461
18185
16460
6394
32636
133
3379
28537
18595
12898
30173
18421
24580
258
26105
5358
3439
30464
22404
23298
11098
3081
3655
3680
24198
3565
11425
25728
28896
8181
1414
28178
21414
17528
20424
3380
3274
9385
7829
7143
5019
2739
17218
22212
24738
16904
31814
24555
13514
20981
5514
28221
23493
18043
24032
31947
28074
31578
5584
3725
21475
7534
15259
23128
5446
22078
22650
29450
11650
21971
13095
16392
29629
11974
2974
23018
21627
14493
17445
8052
25282
27736
7050
5832
1148
28486
23724
28379
15900
16413
10044
13606
24964
14922
13765
5022
9254
25478
17642
10981
24682
14250
32752
23746
1616
26308
5756
6863
32599
14698
24477
3441
2461
3918
11788
9997
20039
11283
14771
30585
14115
18015
17005
21425
18316
3378
20493
9676
31887
6006
13217
31022
30796
29143
11768
5886
31902
16084
24417
18139
30974
7446
25782
1994
12196
18433
17817
21875
13808
9866
6142
19854
21513
15432
31978
18840
1988
12493
23161
16586
11975
24886
30502
1611
7150
12289
23111
14245
7149
1823
5591
28534
11575
16458
23928
4200
28447
26521
3768
15458
3133
3154
3732
19456
9236
5119
8251
23105
30705
17348
6420
14464
24342
29679
5633
24230
17944
8657
5606
11165
15750
21453
7525
2568
23499
942
18412
19761
30294
829
27122
23106
30200
3860
10365
29113
19085
941
10728
11542
16862
26814
17379
1238
17862
18121
19131
29349
17812
31470
26076
976
20145
32005
3476
28665
6275
19433
5657
2062
1936
29718
27598
4476
27623
25719
25794
24991
32444
1401
19321
19837
25426
18020
1776
16821
12062
5355
987
5810
15657
29442
17201
29988
20662
7919
12778
24241
19237
420
11784
12007
30999
22348
23764
10358
15059
17956
13930
25244
3048
22412
27255
10976
11796
1886
578
12035
31589
23934
25577
820
9118
17842
6893
22659
22748
6580
2545
30616
12153
4486
27071
21413
13617
3590
14732
18841
899
29122
1149
24471
20826
31757
8298
6310
18413
23123
18913
12458
7908
25513
16750
21651
17340
12968
19993
10964
4204
4476
18737
16406
21833
27704
5960
11310
14887
15724
12927
845
15041
10490
10756
26487
16987
14629
15064
20023
10917
29163
26070
20112
8675
11925
9969
2870
15435
32140
12733
3327
13486
28270
22321
8596
8283
1633
30891
4716
6721
20136
11316
18427
10579
12660
30213
11558
26161
6396
15179
26363
9220
1231
21032
13471
8361
2409
21242
2951
19
28165
3807
17387
5866
23731
20345
27000
18552
22698
17390
1094
31686
28383
16179
28169
27650
21719
11147
1931
22564
27065
22346
25178
21970
19879
32479
12989
19328
846
14353
7661
21979
20412
8841
14466
7272
19570
401
18732
22888
24507
8987
9123
6400
3900
14341
12257
29590
24779
411
29070
18302
15749
30814
9148
13782
2842
20484
15572
26286
28524
31935
28368
22637
29273
7618
30635
15983
29140
28930
22038
13043
7227
13369
13933
16437
25828
5937
11241
1239
9978
9023
2583
30597
27271
15373
29321
3545
32721
7581
27339
19068
25834
31627
3736
30351
10627
9619
12878
2633
17665
21842
2464
2273
4819
2385
9867
21422
26882
4415
25739
14477
32009
12158
5134
16259
2792
29666
31273
31651
29300
13237
30858
25394
16113
17150
29102
29450
19682
21250
15700
8508
544
6668
16689
25337
19498
10346
485
18867
22716
3768
16430
31615
15523
14689
30299
2750
31951
9570
18948
28924
11690
21073
17913
12568
7336
5534
28792
25765
14367
13082
4515
14481
10586
24245
15920
7428
21737
2956
31331
11403
13626
11299
2361
3702
17262
18414
15335
22655
25189
2583
21890
13228
27
11643
22272
18550
24888
27126
18271
13866
19170
18144
19492
6544
32470
30423
9735
26315
15799
8383
26093
6784
17317
14856
28182
1594
29458
22063
5016
15373
8657
3976
29708
23930
15472
27962
21383
20883
13256
27275
5836
9823
26834
862
11711
8576
2749
27129
541
17427
6973
18956
15979
17880
3365
15599
300
19347
12600
21292
20567
23730
25916
22333
24840
23599
14673
11671
1910
2232
32641
30183
25381
18446
31128
20891
7005
16811
6454
29604
16346
3239
1570
23930
8645
29916
24289
28001
14563
6985
26504
8684
26893
30132
6862
14015
15328
29075
20837
32408
25269
15917
29579
7825
5331
509
26844
3743
7652
32599
14954
863
12454
27726
6927
9490
20963
468
18946
14309
28579
1571
937
6519
30880
22108
29870
14229
2042
13166
25429
25672
31020
22074
781
11025
30783
3829
9797
2931
25150
29645
17024
15538
2537
25295
31404
24283
13485
23304
9135
15620
25556
28906
30532
1237
15866
25074
26885
5959
11456
2952
20936
22188
708
18727
25903
5616
15824
32189
9595
3358
14673
19541
18849
30501
25867
17395
18848
15581
21516
703
1297
20805
14302
5222
14336
8975
7169
4030
12794
18270
30104
14249
871
16846
23395
9019
5403
3509
31213
12575
24103
19624
6151
18998
11253
15937
16244
14210
12436
25888
24038
3907
19280
32048
29226
32095
16262
10027
6559
27399
19894
28001
4588
18840
25306
1461
754
1215
20982
29928
9472
24545
19441
30490
5958
17082
2467
20877
31373
14660
23599
29101
9253
10970
6035
32077
32030
3229
2941
14388
25019
4887
32353
25304
5411
10014
24264
30313
7514
8699
7915
25105
7024
5324
28288
11643
29688
7975
18132
9362
23484
6400
32026
28811
7343
5069
20226
16933
10019
30439
7566
28975
17212
15156
18978
13643
30373
2563
27098
23539
29313
17207
17183
8121
7589
11944
18813
1235
3844
23750
2991
24278
3178
31360
18428
25538
24942
7268
6855
28735
8866
17671
31585
24870
12556
10919
31521
9795
4570
15
31415
29274
28241
17595
18877
11367
20487
24637
25743
1578
27986
3295
17501
23523
6656
21898
30078
16731
12360
10982
26631
24611
1537
21443
11933
2848
16914
15544
8071
11080
9770
27401
3079
27046
8369
5838
491
15012
15102
12370
19295
11913
14282
21690
8453
11073
30180
30183
16968
29533
27431
14749
26605
7770
19370
21476
17642
26150
12598
24750
2428
28128
22269
187
7284
26079
15752
15802
32465
12535
19186
31153
3476
28407
15188
28062
5584
4214
30080
31583
28417
22480
6130
22223
3998
27499
20995
18994
20466
23871
23904
6611
20263
19349
11195
19179
11940
32526
7360
20933
6041
10728
20555
27424
16087
11389
26840
9429
23270
780
21051
22969
16465
16572
24721
9413
6213
15326
23414
3956
25946
20339
18808
32621
19121
21998
4044
10082
18751
16699
14912
32568
26472
29695
32625
1896
30416
16418
21822
23461
27758
11915
10620
22719
32482
29738
4843
22983
32520
14396
3689
20596
7885
4042
7270
15557
6721
21107
21144
18408
30446
11372
13808
1627
19817
4549
28876
9553
20774
30446
14702
1879
2704
29305
31917
5175
30553
11297
8426
16412
1295
15628
30022
3576
6641
25933
8466
4387
8192
15021
10120
12869
18009
13483
21432
15221
27841
14785
8388
28578
28034
4585
29264
12594
14710
25184
12597
31722
31329
5802
8309
13838
12163
23254
32372
7369
30830
2819
18021
20430
534
15395
9730
16448
18983
16895
31616
1744
11419
22140
28610
25893
28555
17948
205
30336
16709
17863
4220
21408
23712
21964
19316
11747
18316
22051
31835
9647
24557
12277
8005
24592
10922
14429
18799
8098
6400
12401
14640
25778
14365
1660
8748
22688
32490
15502
2507
2183
11816
6199
18410
13088
30398
32655
32720
11748
23121
10105
9571
9585
31254
30505
25243
15663
18404
17636
28984
21043
19854
20487
15536
25956
32367
7243
24684
28892
18246
4679
22067
11409
20549
2359
26855
1588
9572
7675
16239
20569
14587
31587
5108
27865
29840
30633
27472
30324
19437
11071
24771
11707
1654
25803
23016
11566
12986
7793
14056
10401
30792
22608
21230
15332
15300
31823
26843
3234
18746
12057
12346
17290
30897
12902
18038
8365
260
15485
14410
12071
27885
26870
16250
23554
26211
9925
2241
29783
19494
18292
5642
20150
17816
5040
4323
9160
18638
2311
8494
23091
18151
9456
7193
18878
29340
24844
8017
14774
21785
17579
27763
7824
9483
12178
6340
23247
5115
16892
25889
1833
1498
1502
21049
1509
26333
15727
17657
25991
5003
31464
20296
22191
1812
25992
28917
14655
17380
20444
25837
1212
10872
829
20146
4087
12912
25754
23560
31724
14822
22136
12018
17898
24319
31798
9180
17652
6079
17046
18458
5736
31778
20857
5265
15838
30312
19178
16564
31827
19888
31582
16819
8839
16072
24378
18926
25251
5956
8598
23728
25887
1741
30785
18970
9443
6844
261
10077
22188
6120
1068
5933
24498
9915
16450
30322
8072
1420
8989
16704
4419
13608
5147
17417
2014
21426
13227
27921
2525
6574
13327
21027
4145
11608
12128
16003
11356
16442
7890
23843
22997
11005
22329
21273
32430
31616
11980
24145
24436
10535
12329
19583
2647
25462
32410
24152
32138
11998
20375
27394
3309
17366
7564
22473
19178
25646
30684
14355
30876
6816
5157
10646
16695
6313
1222
16584
17572
9879
14494
6551
13675
23010
10263
24667
3542
1471
21347
26377
8276
6643
30214
6825
1819
25573
5013
27914
14097
26104
16829
1716
14829
14615
21382
21790
21401
11410
18905
18721
5851
6184
11585
22957
11573
5221
13550
7867
22026
3374
24319
6274
24833
25242
24065
30446
10159
3075
32690
30030
19056
29021
28939
7757
13461
28359
894
3107
11205
13920
22397
30988
28317
1116
4155
13305
9882
22871
29878
19846
12601
12008
8693
4397
1116
23162
12942
7865
12784
4695
32620
14333
20173
18694
24015
5829
16605
21207
32404
24333
14465
2492
21175
369
22832
25434
6422
8677
21858
11616
31096
22182
428
25624
20685
21361
9004
22332
4792
21746
32039
4362
25674
24703
25073
13210
21521
11270
19213
16496
21329
16964
15510
32334
21649
14136
30685
29003
13145
216
16724
6441
18747
18434
15787
27108
21520
17845
10808
12935
4484
129
29852
26179
13269
32316
30116
31682
5079
15863
21357
22201
17468
3632
20172
28605
27154
4938
32748
11863
32397
4666
17977
10586
24071
21378
28541
16756
18501
12899
23113
18948
13820
11342
6039
13355
10131
1181
20397
28710
20779
20608
28229
30939
18397
32570
23018
15793
5186
12941
15013
24229
20025
31602
5081
28315
9700
20238
13676
12273
32244
18402
18471
32602
31527
1858
31072
24810
11534
19208
2518
25453
13332
2953
17372
19965
2236
13768
7354
19412
18474
21994
1360
2654
10725
17898
11772
32146
731
13454
16830
16003
31142
6298
23706
14386
20493
25667
16702
5799
26062
3302
4581
11328
22683
15098
4219
16712
25954
13892
10754
459
28369
25161
20788
32169
19738
24329
27754
28394
19187
8682
23228
14929
29665
6899
21610
24116
6071
14906
10875
17291
10073
27040
10659
9542
20166
20155
9322
484
28758
26900
26763
19265
25920
24723
9114
18607
10078
6199
31466
24393
18485
22794
23214
13444
22832
10581
16478
24327
10540
9232
1117
6589
31545
25756
26328
11560
6815
23221
25585
760
28704
6818
4893
6108
31869
32174
5578
16280
23612
9948
22854
28504
14503
16343
12252
579
18968
552
1344
11348
20340
24747
12845
3941
7926
25924
13132
9869
13358
5838
18264
31660
24393
31572
14464
23364
31122
2692
21772
31371
17209
9312
23364
17342
20051
24631
23693
15543
6947
18388
23510
15298
18840
21237
11058
24237
1046
14079
19654
30750
1914
24303
23270
26409
27736
8084
15227
3362
5510
31740
8872
21936
26591
3628
10413
1315
12097
26643
30475
16648
21720
193
20713
1786
19103
469
31414
1467
20515
2356
17680
3203
29835
13057
16100
1175
31189
32713
21207
10526
32098
27389
21477
28976
2485
17830
15688
24625
30072
10580
10652
12381
13247
5975
17728
2979
31121
6194
16383
18103
23717
28493
496
21091
20329
14058
10138
22302
7752
30810
2396
11999
21037
5233
21005
12595
7235
4151
26847
1422
12032
6624
12937
28638
10337
23039
28069
19302
29047
25846
11862
10186
14114
24753
15663
15462
24605
12948
23888
9700
9274
18865
15826
8718
10479
22847
6758
15840
18194
5959
20280
10722
24033
21409
25626
10421
22341
31519
21214
19435
16728
23304
3331
29468
8484
14536
1173
16693
25262
4581
15438
31764
2611
6197
8961
2642
2737
15951
15929
864
26025
26687
26653
1494
30755
5246
9366
18439
6388
4385
20916
5849
27708
4432
14158
14036
4146
14074
14825
23416
1828
25799
13531
10452
697
27726
16305
29524
29818
27785
25293
12763
1936
29829
32596
22033
26575
15966
28231
32511
31220
5739
6895
14809
26923
17078
7295
17690
11733
32431
4853
2518
29063
24353
19265
16204
29782
12900
28329
27836
22354
12501
16748
15736
28752
4483
13477
23356
2797
22315
20339
17090
15055
26983
13143
18066
9006
20002
16349
13336
22419
5967
6527
20216
14816
22746
6086
5798
31121
15071
24242
2609
6209
31771
10076
24159
6000
30880
31706
23039
13187
2252
27235
19579
20492
19579
29619
21165
31052
13948
14513
24051
7927
27714
11088
12678
27702
19932
18099
18951
24818
14888
4756
25435
4176
25411
30182
4281
10360
18243
7353
6913
10139
8489
30047
6480
25140
26129
2253
30673
16014
8876
12867
24790
18822
19696
31280
15399
2194
24078
6224
14489
11522
18597
24855
5091
3206
7989
8786
5294
753
32470
13068
27371
8508
4650
15022
27241
19918
16528
29547
21415
14842
23962
27611
7911
20682
27842
3046
32131
763
19800
24804
1412
5192
25279
29954
15217
19948
3289
13800
28261
14946
1216
11929
6756
20079
29111
6298
17647
9058
19040
2134
2006
9883
22063
14529
15950
25162
25374
14908
2115
17273
930
2233
6128
333
26846
19743
32172
2440
11543
19952
26119
5715
8809
21289
32277
20795
31160
361
29194
10105
21993
28758
14855
13174
8017
60
10548
24462
11117
13048
29455
9748
3284
3093
6916
4759
8043
15412
573
26724
9432
7089
1979
4684
1337
14467
28326
16296
2069
31588
32481
21146
6546
10291
5090
917
28649
15766
3521
24095
9496
30691
22670
31445
6359
31553
32232
6832
11980
26890
29899
1928
15618
25716
9130
24022
16024
19057
18622
9150
7862
8403
15517
20813
12229
180
17166
11775
8928
21
24092
10116
4997
24261
22377
1475
31633
31365
29637
8224
9067
20073
1279
30714
25215
385
19963
23672
17390
18617
27909
31622
25475
8190
16485
1050
5866
7842
31028
15804
14108
27394
20590
14661
7710
4454
4680
32487
11499
16936
29635
23917
28079
15129
26241
16068
9781
24608
24279
9659
28323
18212
16421
14599
8293
15148
25442
32650
12647
31429
27643
12757
20359
13733
24286
17643
20554
3469
12241
4679
18637
7796
14601
16673
25087
20961
20728
21742
15630
409
29286
1318
31775
11642
10947
16969
17218
18599
17084
3108
17829
25061
21772
32081
13064
11077
18325
12285
6512
9476
23215
24557
3872
28591
17088
28099
14533
2442
13
10110
32753
31539
26831
31297
3530
14211
6538
29013
24068
12981
16282
9840
32268
29898
29198
1848
19590
11051
3258
5123
19706
32145
16776
31713
25546
10786
21519
14812
3688
11485
13159
6014
27589
30263
26171
14484
10509
29958
32031
5170
9873
30623
32548
32503
26885
10299
1194
10898
10987
10400
29814
16005
8783
4349
5893
28201
20149
22037
29727
12275
25424
23199
11951
31221
8564
12269
21201
10152
14158
18893
18989
27880
30419
10669
27268
31296
30966
17666
21128
13928
286
10986
2289
12556
13527
11535
4557
13007
31687
4047
28183
3728
7141
1435
14732
6124
26085
31133
23226
25348
1526
28062
31066
12672
19632
28454
11999
12500
1096
26597
9551
28097
9735
19793
6226
8479
1018
29585
27785
14811
15082
1946
20768
18492
142
29848
8103
11882
8704
14479
28189
14896
18030
27714
1870
3073
18962
596
15712
28473
17764
429
19112
1958
5262
16159
13506
30791
29472
23113
26080
26451
5
444
28770
893
15798
16989
12455
28279
25261
26123
16675
12469
3613
9601
29874
6771
13536
12669
19244
13817
23216
22306
5178
12062
27547
17306
13416
21515
18865
11009
16507
4929
25344
22142
25348
6878
25538
23987
16437
32027
22740
3928
19444
32282
22122
19746
17966
28383
30466
24298
20846
14748
18070
267
22446
817
28182
12812
12653
1523
13077
895
17153
2476
8131
29224
1071
7396
26395
2402
9721
29535
22877
21951
19127
3559
31935
27375
1129
3916
7775
227
3404
25256
28541
27697
28331
5863
743
30139
2552
4999
16052
21900
14363
2717
5685
21762
29450
19481
8233
23602
15770
24138
23856
28296
15765
32677
17027
23214
15372
30146
23777
8623
32750
19879
8141
22877
14042
29001
13558
3568
24626
13904
24567
26351
28273
18971
19008
4948
4798
7940
19284
16619
26305
16101
310
8955
26805
9947
19741
19496
32190
4169
2159
24472
28285
19232
1517
23893
4578
3422
13099
3570
6722
23509
28228
20850
14506
28718
25547
21861
2674
16429
2309
30292
1301
2615
1621
20575
21568
2833
9719
17189
24104
16618
6897
27876
25121
24476
13383
24801
25965
23087
20591
7435
25169
9630
9476
731
28014
6366
11967
22398
17743
3613
23970
3894
63
10568
20854
26622
19549
26575
14968
5997
30194
23980
12880
4060
10241
17314
8514
8395
6944
15042
936
30337
9863
26932
9120
15603
26471
21556
6914
27111
29309
7003
12693
29273
17382
31008
27522
28446
24885
11422
23560
29895
25027
12440
4210
8904
20806
25530
10054
11738
8357
1569
26560
27037
6411
12318
28030
5506
1339
9783
15485
28904
1315
11887
20804
23173
16307
19144
351
32520
26351
32005
16399
23292
16963
30644
6976
5104
13079
24684
1211
27861
26532
1876
15261
22951
12294
14308
27144
30288
10642
1776
19224
25801
13417
16866
27929
22146
26445
25415
25591
17668
30132
12429
32757
7637
15387
25866
23714
26011
26269
3649
23562
5765
26052
32097
25129
15847
9631
29199
25765
7460
15125
25189
8892
20945
31608
1083
6522
18711
12894
31653
2096
601
27052
21180
6435
25879
30707
7842
641
11795
18688
30144
13209
14258
5294
6994
25162
8612
30719
1062
3260
7111
9323
6304
17231
22601
6520
22530
20177
26894
7307
16618
1780
3153
25342
8989
27903
11405
8818
16002
24259
6046
31591
21362
30161
12579
29194
2095
26346
9256
26957
18353
30135
22530
21565
32169
20666
11385
4497
21440
27013
16685
9598
21535
7466
19506
17875
5429
16626
17406
27713
21172
26450
24709
25338
6109
28954
14242
32639
24318
16112
30905
32690
19001
5885
2971
15667
22918
4838
5801
10985
16891
10750
12349
20703
19020
11194
16197
14930
20622
15973
20273
2568
23872
13844
23312
10467
26507
22493
21493
17077
11977
23876
26272
1366
19781
19446
17498
22004
26689
30138
29473
28843
8510
13476
26885
9813
11383
14219
30418
11428
12463
29374
17903
13422
21548
2291
28038
14919
6916
16512
25317
17749
31383
22734
18725
2144
18013
21514
25609
6441
23010
2333
12840
12797
9230
4575
29263
12681
30634
27015
6177
19696
17696
20327
29696
10267
8578
16854
4657
18513
16078
9581
5434
5383
14705
27766
3983
23289
24329
21153
8302
1401
21103
249
22536
519
12533
11799
9953
547
7404
3733
23673
3935
20842
10694
31020
9656
9034
26276
22359
18470
4979
25866
28604
17266
22110
30500
15656
4936
29906
20259
851
7565
27122
13621
32007
14322
25210
22964
13700
11210
326
6045
4388
11289
19732
15173
18747
29165
11146
8519
24385
29425
3451
16833
19251
26175
12390
31680
26934
2934
6463
13560
27262
26636
11378
8633
19822
28390
1830
18718
8448
17958
32190
6536
5992
8005
25510
8522
11252
21857
76
16294
24631
17880
21868
25081
21606
5909
6801
8498
16130
25002
4569
21384
1975
28575
6648
26221
2437
1546
8575
5309
16413
27872
24415
19772
25742
10507
29864
23871
15648
7357
23447
13225
9344
515
18384
20505
3102
29597
23528
12898
32212
30733
22566
24124
24776
17134
9867
18233
1427
8327
26639
14586
15779
16288
26414
4002
477
19860
5027
21643
27783
6312
27508
4920
2662
11419
29998
31371
18211
7551
12146
7736
30964
29895
6576
27770
20344
29856
14899
11269
10722
9605
17758
5691
6233
25101
18997
24994
3231
21768
2079
20630
32241
7627
20969
6203
1071
3784
8719
13238
11837
14946
17463
30621
6057
16895
14335
31147
398
7006
12536
8377
29368
16427
22514
28905
8968
31696
12667
26661
13850
19343
19874
32456
2342
1229
9473
8346
6180
13745
18170
12802
15924
29678
15680
30071
21820
3549
18585
25912
30931
20943
23267
21821
28766
24481
29269
29037
1144
14481
14856
27665
17304
335
5046
28809
31213
10840
28353
11837
24717
29311
4215
4055
18383
30668
12692
29360
16629
19082
5384
29319
2831
13980
31739
7545
18204
14096
6927
9261
14193
18423
29925
23120
3679
2675
15842
6977
4112
28433
11571
26381
2994
23129
24334
19357
28631
30628
11323
28206
32284
11822
6868
18690
25097
27756
19529
29013
12089
15776
3238
31123
2747
23978
26393
17352
951
16161
25519
22616
24405
14242
21086
5360
23514
18024
18248
18364
12053
10525
11326
2779
17401
13040
2947
29712
31627
6632
30675
27834
29951
11896
13732
17926
8477
12627
2476
23907
9450
15233
20643
25910
20357
27827
17482
9679
10063
21460
4524
19100
21070
17888
9380
3997
24020
5881
19615
25368
10587
27064
7843
20366
30900
2241
14481
16877
29025
32410
18855
7
1855
24509
1096
25411
7272
31467
23808
11155
22615
25540
15043
32422
31309
2965
31861
26462
10996
23665
30640
27012
4418
2691
21697
32187
11937
4002
27635
2482
17997
1318
2065
10398
21501
20474
12838
22504
21957
21235
27271
23586
27963
7008
29459
29248
7129
15331
3770
8453
7842
18815
23100
16059
11528
12017
8755
32551
7950
19012
23124
7612
16042
2208
6642
30735
18541
29795
16835
11403
24421
26994
12007
4454
30787
25554
7974
6099
32697
7282
10874
28538
16422
26699
30157
32293
19061
3499
771
32700
26178
974
16955
25203
19775
20655
18514
13122
13783
31005
20137
11926
28945
14097
24617
18758
8118
27199
22404
17864
17078
30443
4797
10661
10952
1790
32746
10026
2897
24921
26425
20320
13447
19305
5681
8255
14550
10492
20538
17183
387
20051
10336
3951
5775
14456
10324
9641
7646
8146
26803
13957
21912
6390
32395
19054
3536
14272
25116
7474
25955
26787
13019
25085
20003
29757
31933
904
7221
24878
25265
13454
9400
10283
21102
25728
12199
28238
9584
27769
16641
14768
21309
2164
32039
21562
6381
28861
11397
20664
14825
10149
8820
26159
15859
20346
2911
5489
20583
7350
26149
19694
9408
14455
11455
32461
1117
10031
28707
23868
27014
1949
27496
12548
19370
15868
21034
32352
234
24442
24112
27663
22748
29163
24652
8360
21640
21439
22659
2606
8119
24625
22894
17380
12142
9154
15072
3682
10677
13542
24522
3561
31388
1277
4955
17140
14976
15748
16747
28943
18827
32141
3609
26604
17530
2924
4275
25268
13987
20148
13783
29083
11574
9826
3288
8631
4035
28503
1123
22290
25084
20236
23139
3326
21181
5761
17185
28840
15433
20854
2992
2544
31191
21982
15240
26232
13901
26513
31089
31483
6219
17473
14243
12001
28523
11183
27435
17936
18119
14366
21136
7428
188
6920
4023
27426
24558
4625
6404
32585
8588
10297
17858
10923
3286
5973
31173
19931
7132
24000
13389
15398
8584
23630
1582
26919
4318
4225
13102
5270
18819
16128
687
26721
3452
8772
910
15614
1081
29077
18250
30719
28370
21557
22633
14567
29072
5339
28695
18492
5807
10594
12049
31965
28258
25283
24001
2966
28696
22849
30634
29938
254
26851
1543
1360
17349
21031
3503
6969
5541
21237
5180
10225
23714
19410
108
7756
2830
17750
22984
17347
31823
27104
11139
6087
3810
18312
3748
17750
8096
28245
8040
21195
19008
16049
25057
1018
4894
31769
23012
8828
24122
30745
23074
8264
22404
27000
20117
18563
12375
17328
1566
29338
22083
8864
16236
27533
1807
7813
32031
2446
26110
7207
25901
7626
30290
27984
12165
14471
7951
21890
26611
29551
7169
18153
1860
13867
0
27535
10154
10548
11379
20175
22626
19174
25107
15116
21651
23255
20210
8099
8570
3942
15803
4893
22468
18839
19003
17834
7227
15134
16160
30667
2981
12985
257
18766
7657
707
10911
29823
17524
13831
15979
18845
18395
1746
4424
32395
10434
19532
21137
9928
2044
20999
21854
26529
23028
19929
32515
15525
26955
26599
32474
24666
27842
2307
13123
11566
13403
25400
24552
2736
12731
26786
6470
15104
24531
9347
2409
7300
19903
10900
29174
13277
20718
4249
3951
4634
8836
9784
16819
27435
27644
24331
7620
28824
1810
8948
19661
17523
29920
30897
23652
6283
20551
16048
25612
19938
16272
26148
9214
10337
10579
25688
297
27339
12440
20035
631
28400
15421
21086
13138
3619
3480
1202
3943
28141
10844
12597
23465
1283
7617
10326
4249
27766
21727
14807
14789
20778
6747
20955
28303
6537
30022
27712
18480
4984
28482
21038
30973
16010
1511
22000
26856
1652
19301
259
31561
450
31338
26733
25055
2248
326
6992
8465
14554
18509
24511
10618
14272
14204
12752
10917
19300
16224
14579
789
6606
26932
10114
29065
9554
12874
14489
27518
22792
13996
16423
15604
14717
28418
325
21877
3496
1462
16071
26196
5152
1879
14865
13875
6284
29243
5165
19911
32090
26985
17690
25056
3508
3765
7526
7843
11183
18477
1535
14362
11974
29876
29254
25584
1672
21485
14437
8309
30093
9563
17378
27880
30894
17094
22133
22262
11893
14816
19223
382
21203
10536
3932
2199
8977
25615
18178
26324
15881
8793
19914
16327
21654
16071
2950
13251
15945
18675
20084
8422
18014
28283
8138
30039
17646
32609
18066
30413
22630
4530
27832
9041
21303
2150
6754
3908
12751
392
31615
25763
11465
28567
9123
26506
15200
25131
17426
9207
6698
16859
2075
10449
10755
863
2983
29737
15174
5618
8209
29887
6468
4346
21304
17608
27118
25835
27859
494
13781
4969
22021
26265
11349
12973
7986
2157
30732
16425
6160
24596
14225
1647
11777
32317
28259
6735
1184
4580
544
13119
31897
9172
6136
25345
7359
11115
26208
28799
4440
24734
20235
23034
13755
28476
21782
16995
23582
28535
17283
19977
18345
18336
6120
12917
3279
23346
1384
32146
19421
11026
9187
22546
31187
19221
8042
18188
11124
20675
31734
12522
5785
8027
16729
10626
15818
13591
9076
18819
31247
23984
31403
5395
22276
28197
8342
13750
29996
28089
1273
2930
26247
20538
3831
22833
14695
9609
7810
4198
9599
25175
16918
32755
3901
9773
29863
27211
21850
8879
30680
18131
7343
2081
7789
12943
3658
6954
6915
21498
15297
22488
9982
13877
7622
17893
5572
24420
24828
25145
10281
9814
29961
16815
13353
2916
4589
20764
29917
6299
10130
22158
5800
3357
27555
6097
21426
22468
31138
19000
13463
9481
14645
12185
18784
1060
32449
1178
28338
26485
6714
9259
29509
1059
18490
1108
12696
21763
14672
28721
29155
17595
9114
9019
10318
17191
4758
10696
25440
18939
26933
10966
32442
5290
18993
32516
28165
3975
23201
14561
13353
16938
4811
617
23231
14614
4409
29645
32202
12953
9231
18291
16289
4851
31899
3902
14640
25530
16686
20239
14944
25212
28970
8332
28372
25255
20317
17440
15062
1702
18061
17218
25745
5197
31828
2043
23936
26743
1583
3490
16422
19949
29905
3819
22016
15242
10685
21792
14776
15773
11027
3245
27035
3727
27050
17122
24141
8902
11616
28917
31163
11208
7086
14406
25170
22180
3200
13287
7791
18830
8515
860
1046
9417
21055
29343
20710
2762
26151
25448
32332
29594
2030
23466
9720
20348
28381
23905
2701
15568
19683
27531
6301
21815
30508
24692
29652
22008
31988
31031
25715
10146
8350
14978
14592
2291
26368
4761
28732
24825
12546
23710
16214
31863
4967
10511
18526
14986
24810
28560
5372
27788
6797
3563
10594
27961
14894
14421
17279
13072
2907
16115
6774
25084
1639
19612
12878
8244
25021
737
6123
12896
19829
5962
6461
8957
3365
21987
19895
30978
25594
11511
771
16836
1799
9756
25076
29207
2524
28783
24508
25270
31067
24609
20319
27621
6343
1843
10087
25684
29982
19325
20442
1863
17065
7669
3177
1524
14545
14126
22250
18476
24628
32031
15880
8254
1784
30246
7225
30233
20319
27981
15089
11696
3228
11211
13846
19619
25062
27598
13235
8987
22474
26743
17392
31733
23493
12070
32066
6180
24082
5625
10463
31056
449
31631
4981
16323
4873
13330
22043
8070
14303
18292
11144
12487
3783
25848
9602
8062
12267
12277
22170
32337
17514
18903
17431
16564
10226
15718
13360
8276
18577
12107
11390
29110
14536
30671
13488
11291
10210
2535
12673
10408
13443
19310
27623
23747
19844
17073
6285
5056
5374
15664
29572
27581
31141
21411
17462
6602
31320
28476
23963
14670
18422
13356
28335
10918
14706
30056
14115
17678
17962
5549
29778
24517
31348
31169
6776
30316
6778
28669
11806
27823
26441
12552
20953
13608
14884
24037
23604
24448
27166
7984
2539
20952
12264
18852
8282
12647
31719
11233
5172
15972
29321
26988
2168
10022
730
1784
14753
5770
19282
3044
10526
405
16625
23812
7425
30810
19599
13476
18427
32286
21101
23498
11656
11451
22543
2236
5735
10050
15438
1730
10573
8164
13737
2861
31706
29971
2780
23448
12236
10724
14772
10606
28787
15800
33
18093
25701
10011
31629
6121
26482
30188
21100
26515
8410
24767
7188
32379
18878
16767
31439
9620
14293
17752
7215
29943
96
21459
5026
5163
18272
28995
17222
20388
3846
8289
18175
10121
7019
1843
5574
15291
16001
23346
19780
14610
8266
22699
23455
11242
22343
18790
31636
23518
25908
24198
14022
5331
27634
25008
25173
313
11973
367
18867
31117
13247
15575
31667
27938
6524
12905
28131
18466
29968
22071
27164
31439
19518
21321
31319
1551
32747
7230
18114
12584
15057
28470
6676
19656
14456
20720
29
10056
30818
17200
12961
5681
12678
14948
18534
14592
6657
5766
23180
22822
22279
9028
5149
2899
10527
25439
24549
30196
10384
11089
10372
24827
9750
20274
24257
29406
986
26588
14881
16098
6817
29518
26553
2201
32580
21582
6976
24745
15456
30035
13928
32464
21582
4769
31342
32037
8022
28598
30704
22689
23071
31717
12544
23261
30826
10817
8566
20765
4096
188
8586
13454
28649
8848
22178
10188
14303
23006
9832
28071
1027
25749
24608
15655
206
2198
4153
5838
31561
13078
12833
32540
16769
10051
13406
16985
26421
42
731
9614
17107
2520
2943
10453
13987
13759
28932
16082
6721
11868
24583
7554
22608
19991
14939
3123
5229
32107
3235
21204
28002
15430
544
11887
12188
23219
19143
28404
3040
9398
10135
8760
9785
1399
4393
28733
4405
26019
11401
3252
2384
18704
580
25024
1201
28576
11202
22525
27412
32103
27350
24513
2568
28176
24468
8098
6490
22396
20579
27704
25553
16301
14419
27940
26651
2531
4016
4944
1544
16132
727
17529
3062
13633
2888
24555
14477
23287
7933
140
1196
10451
27130
8220
18850
32570
17958
32699
6050
29416
25945
31148
20593
19671
25014
8280
23138
16738
10299
20118
32644
8874
29078
3369
19738
4665
15674
29066
1867
30181
691
23017
1307
13303
3382
10862
2202
31373
13693
28612
26459
5693
28114
2776
5928
7163
21609
18910
29428
27197
16370
4758
19473
17757
31343
461
7076
4926
7747
9254
26709
31282
18828
11290
13387
26395
7091
18750
1879
16081
12610
1220
26991
16068
4597
18245
24927
20707
17683
27582
19387
22204
32766
984
7704
12260
8969
12652
27259
32665
30859
14662
14098
30118
27186
13097
32290
7815
8345
31508
27201
32462
16668
18372
8901
32197
15851
2682
15484
25429
27741
31742
8862
27942
21895
31460
3071
16136
29966
7950
20617
12946
23097
9842
13034
18952
24394
7965
29322
19074
27407
29304
14784
16715
28852
13771
15429
30856
8667
25599
6633
7962
1774
25768
22916
10181
29108
1091
4144
9105
32291
16827
2229
7024
5494
5427
32581
11554
10111
5119
17770
28502
3645
5619
25148
24850
20401
16353
727
26708
12782
5981
20236
9210
21872
963
30295
5343
18862
24700
2321
25159
20466
1148
29159
15741
16489
25359
9099
10426
17782
10710
20137
9545
24908
12
13341
3305
29116
19214
26467
6771
9803
7195
5455
26044
7304
11096
8958
22205
5789
1047
14604
21489
35
18008
3847
12287
13627
8592
2852
6809
16346
27818
2609
6308
32612
32588
25547
18329
28285
12379
32465
28715
31516
7617
2585
11306
9440
8558
11617
9127
21928
6044
18056
9561
10334
23128
1790
7743
4627
5694
1401
13447
8529
23684
6121
2479
18348
5690
2479
26602
24987
15567
521
24261
28806
31704
11985
4874
15136
8205
1896
17892
18423
30612
15341
22341
26186
1923
9394
18309
14618
15008
17904
31820
30851
28011
15289
19633
23885
31582
8751
6307
27327
12659
19956
28552
2739
18919
26849
2597
12272
21821
18171
7102
29363
13447
1954
15998
23439
2273
22284
32537
20599
15422
25586
19375
22554
1895
23945
18932
10095
6464
3508
22670
11664
17229
25464
16318
4555
20342
432
21827
22518
25351
9730
6011
7940
4859
31761
972
11734
3450
12532
11330
16979
31904
23272
20601
22203
1664
2369
32190
20792
3689
4263
31345
20919
7016
26494
173
4597
2061
9894
3116
3037
24434
613
16228
23057
2938
20385
9206
1735
14423
26963
19017
15574
4431
2616
3186
3856
15039
28362
30808
18899
11616
21358
9493
731
22217
8943
30623
23386
9013
26923
6823
10315
21639
24076
11713
29955
19083
7354
28614
5129
8319
23311
26742
12839
17362
13644
21858
8129
26667
25098
24074
17510
31917
25203
21314
28837
1658
689
32218
546
1141
16039
16509
3561
16461
24287
4314
1281
12471
25028
3074
1861
20730
1298
10769
22639
4529
906
21777
11126
18124
23274
26395
14362
14041
11804
21439
20156
12162
6062
167
24180
17238
130
4470
8542
5324
20167
10998
25396
21124
295
29043
5666
18641
2626
18018
10709
11381
92
2375
22742
683
30034
24533
24598
19051
2771
18774
21706
19177
5836
333
3192
11103
27684
30042
19282
14348
7082
21087
11460
30844
16716
27873
31305
31499
12681
2225
25730
31141
6953
17355
21129
15311
28971
10366
15235
23019
12543
10957
15988
17847
22773
5398
27736
15384
8950
10225
30831
1046
22386
29019
17112
7975
19609
7956
29025
20144
26062
20549
2718
4809
10072
10854
18232
1601
12891
13663
3464
15329
15623
17133
19300
245
23312
25928
8761
10505
10846
14595
6490
18161
14341
1587
19096
30476
12663
31955
15635
7881
13817
4199
25168
17769
23635
14048
27019
27143
16588
3776
23886
31446
12117
12414
16194
20907
15877
12076
5702
22971
27589
3159
8894
17061
5965
9007
11565
25779
25167
20199
8967
14940
21745
20575
30144
4878
21889
14081
28713
25387
18532
20713
30204
21842
27728
26184
25013
223
18108
17418
29860
27061
13460
22966
3393
11579
29488
28310
6079
164
13703
12825
27876
25716
6560
11125
4887
12607
4682
19600
5563
25012
6413
11297
26299
15835
15456
11026
32358
19355
24092
2346
11646
10367
13873
11496
21899
12474
28056
8882
31605
5992
25993
5935
26706
21526
32493
20721
19581
2437
30230
27991
6376
18859
9902
25777
691
23291
19437
6566
25853
25318
4367
30675
29946
6562
1542
26037
31813
27434
19564
3529
3448
10630
4283
17137
26363
13388
9152
1050
30745
14695
18509
25372
15449
29463
2351
21217
24843
1849
11103
8394
26913
27593
4221
7502
17216
29861
7545
14309
1559
28307
31124
4644
18160
27526
14727
20009
16004
9245
19201
7225
12308
4717
13399
19368
18101
10752
31863
25337
23788
20765
20255
839
25210
32586
12620
6884
21625
9488
23028
11071
31656
16638
759
9739
25860
17905
18004
9629
18584
13970
23448
1174
21141
6687
18845
6339
677
11887
24688
5441
5501
31536
3987
22501
11441
10868
27749
9690
10445
19052
31966
7052
27041
23666
6783
21445
26844
21837
393
2582
25309
29361
24686
15481
453
2566
31621
4148
16081
13418
14593
32257
28135
31737
10532
2411
10094
28236
24240
1915
1123
14399
11167
14484
24745
12024
5651
14748
6049
27173
6544
4188
28411
21380
2153
22314
9164
20393
8568
19397
19936
25596
11794
17792
3409
32257
15418
22179
13912
16348
18709
7438
28516
30228
28575
1567
30057
6807
28571
2518
31355
2302
8400
8503
21147
18451
9842
31728
25297
3216
30431
14652
1659
22826
2956
10247
24292
24526
19774
21075
16664
2091
4221
22490
13815
16240
13893
23541
16521
30039
17664
2748
24209
27234
3505
31087
30565
13156
12658
26133
11516
5700
6944
6754
17225
9214
16725
30174
4551
13290
17558
25412
13142
9281
15822
15656
26693
989
20731
26077
24240
2368
22568
5782
21772
31448
15003
10699
19200
27778
17487
25823
13430
30284
4517
1279
25331
18559
25430
4941
6435
16605
28332
17470
31929
25895
32242
26176
23158
26338
29993
9121
28806
5211
3836
7084
13075
23273
26102
5909
16149
15986
7667
23447
28519
27184
16852
25307
18464
16053
10615
30876
11296
301
31719
1033
4329
4068
8655
106
9393
16392
15413
26887
6837
18607
29540
7237
4559
24347
12842
31251
18763
26685
8516
16772
6135
25465
30487
29117
22905
29353
28577
12818
17893
9060
174
1388
26511
23936
7759
19694
8990
6869
9096
24024
1506
19524
13129
11947
20072
4089
9631
24462
25419
7404
21804
8688
11340
1966
24789
17263
421
17506
13754
24568
9627
2569
30059
32560
31827
31492
3161
8467
30182
14035
3210
32219
24247
14627
8337
32036
2565
10760
10942
10317
2748
903
25746
7201
28305
12375
4725
15799
12109
2024
8107
13974
20073
19365
13957
31773
20188
2423
10452
26147
305
1930
15523
6362
21980
7507
12582
17913
10702
7634
4077
2330
16711
14100
7773
25440
25836
27389
865
6750
21785
1348
30045
32308
1912
12991
1124
23291
25299
7649
21674
6500
27942
13441
23868
21147
8185
31452
32494
23410
22252
4062
1941
2747
3220
18077
30071
16117
22917
31015
3840
26412
27056
30845
8887
4890
23536
15839
880
20114
16351
16714
5314
19487
9710
6464
31675
8936
30133
18375
18387
9174
32391
22708
10271
2553
30282
13609
199
2600
23173
20573
29882
1512
26555
4507
14240
26000
6904
8078
15377
23978
29097
28859
4612
9115
23472
17743
2442
21895
5048
28187
28092
6511
20934
1245
27633
14236
3089
31169
31541
13377
14868
6695
22519
11356
19937
29863
26626
31197
22456
15954
6831
25354
2008
7483
6488
22818
661
31799
23567
2624
15019
19424
30352
19075
17874
21728
12661
6252
24467
32620
17321
16519
3673
13326
16415
25678
7883
14760
3012
26698
26969
13494
28594
3451
5653
11219
7078
14842
21189
13695
11444
13533
12086
13087
3129
22875
5075
15685
15122
1329
1653
9522
23819
17987
12669
12185
6298
2951
24865
27814
7886
23839
27395
20799
28546
24517
13320
30090
11734
10092
18535
7343
6368
7460
14848
27103
31902
31807
14576
26261
12079
10930
6754
15899
28227
28862
16807
21073
12497
21455
8074
3498
16648
6308
15325
5751
12935
12464
32088
18280
2256
5824
9124
4431
8698
24287
10162
10792
14759
32118
30289
11607
6198
2488
14592
4400
16954
32573
8448
5564
15402
17133
26798
4282
13914
28448
32528
15077
13609
11012
4526
25205
2428
4414
26787
9960
11628
27092
18675
8706
22844
15178
20767
8723
25742
30475
1015
22904
18390
17675
30128
10084
21006
12971
20278
24033
26284
18653
7107
10513
22481
19848
5297
31674
12483
13358
24461
9473
1181
460
29292
29558
5445
10241
4738
2385
26271
7027
8432
17915
4608
10607
10718
26833
28134
20687
27082
20772
24038
8737
15647
32644
24293
27397
11786
15422
9099
12503
5257
1827
21749
16014
31941
13451
19370
18916
18337
23450
21713
29624
14739
31170
22433
10160
27571
28553
28440
7970
21265
14989
19440
2869
21068
4293
29391
10819
2400
16649
10942
19586
22464
31957
12252
3044
17573
28490
32339
15163
16805
17781
18828
20641
31623
3028
29599
20247
11606
1302
6414
29548
10676
24099
1202
10337
3697
25436
8181
1546
22108
6948
13122
24695
15705
27039
2746
10644
10932
8633
21289
10830
5557
10091
17208
22263
6261
1850
25828
17132
9455
9984
4910
30581
4186
29678
20
12780
26807
12754
22209
19746
18598
20374
19969
23038
7549
25865
16119
11111
5019
15843
5138
22884
7418
5635
9277
32642
17924
27386
20054
14967
19624
1741
26850
10500
11692
10231
23039
29728
7237
27310
27545
8786
6117
22375
12257
14943
5204
15004
2555
31013
26626
10701
12023
7879
29852
22981
13059
5898
15837
10782
30431
255
25255
2567
2449
23011
11346
6725
21081
20291
10308
12408
5863
31843
32705
8096
12748
5857
517
27103
3375
20118
5264
16257
13761
25789
32194
28473
6643
15959
15783
11181
18790
30158
26900
18997
18594
12248
15091
24288
19724
14238
20443
22969
29970
9758
16356
2376
20649
6349
2745
9819
19961
15233
2542
19718
24150
10639
23956
1768
26483
27184
1803
19120
21714
3114
9752
5344
23935
9388
3127
32209
20990
13689
6707
28919
1666
15944
7155
26983
11616
32107
5783
22422
13762
9136
15556
5220
672
32645
32059
1369
3564
25439
24497
22062
19469
19292
9179
27535
25487
1575
22216
29471
3353
25884
21107
13501
12191
14252
23449
2310
3288
5635
20936
6426
4595
16105
9657
19363
8326
3302
2527
788
25543
18090
4416
4399
1534
20139
12420
970
23098
30224
21835
11986
20035
30414
1988
6032
14545
22801
19068
9515
22523
18397
11379
14959
5106
6389
16757
7372
23023
3068
29863
19618
9066
1242
26977
12988
32141
17761
24123
18202
9448
27185
18027
5363
2406
11992
3406
16378
20096
15678
14404
28385
7088
3137
23233
16155
20777
4508
4257
9703
29893
19213
29372
25226
27455
25271
14779
26075
20898
29381
810
21253
2817
11344
27854
32137
22121
25986
31288
2178
276
21244
30874
2861
2271
28790
21722
24232
17150
23717
6117
30970
23279
11362
32070
31060
15788
30984
22519
18839
17701
11806
14710
30997
14317
23094
3868
13468
28980
1812
10667
32689
17653
23827
25382
4889
29808
5573
22245
1182
18139
474
24552
7183
6741
9795
20844
31113
283
13463
7612
28917
16126
25269
24394
16082
15125
26027
30718
31285
14767
5078
15054
26637
29323
29259
21391
5036
22348
12662
24842
20611
7719
23809
30035
2349
25823
17143
28758
32688
32755
22058
26803
25343
18966
4050
5836
24003
2015
5238
30235
602
13250
8208
4298
14368
17983
32108
10621
3566
20057
3281
14195
5601
28234
7651
26829
11869
4213
8392
7981
23633
26780
29322
6787
6844
5459
18620
17956
17264
30132
97
23581
29974
1877
21513
21190
6770
24695
15677
18586
30440
6784
1309
25157
23615
16556
18504
20223
28070
5887
29180
26393
5108
19838
29311
6357
1844
29598
13501
6011
4449
16381
5938
169
28270
80
27658
27627
28041
17820
17543
6283
14241
8362
2980
11691
24358
693
13304
16528
7440
5733
31964
5441
24354
9473
4816
19793
2928
23520
3867
30969
7455
1568
6834
15978
32364
3739
14427
2912
17391
24087
31250
1275
11553
27069
9644
10699
3613
1485
3258
23081
1699
20623
7088
15054
10850
18829
25671
9630
32375
26879
10015
7365
28721
19335
8361
29701
10519
17950
7492
9294
25644
30286
6310
32144
10353
8867
27774
10957
3244
32604
21079
15474
26728
11109
15552
11495
5693
31114
19370
4965
11089
23013
24593
30984
18463
30616
4831
1061
26231
24258
4877
28125
18630
16043
12043
30194
28312
7234
3426
18650
12891
2250
22680
3090
29798
12496
25171
1205
30522
22368
450
3149
20743
4472
12601
18409
5746
21949
12059
21872
8853
13421
9725
25396
8263
19349
8200
26058
14494
19332
18847
24602
2739
8063
18242
29106
20645
3766
8883
8032
21985
26999
4951
2559
8864
5794
9694
1937
177
5469
1831
21134
15736
18184
30301
17276
19767
5492
8807
18624
13196
18767
30335
4276
21819
9443
6688
6649
5934
5889
10278
7695
28346
6711
24881
2594
18212
5193
23882
31271
24676
18911
201
27176
2856
14972
14453
4572
26140
30895
16622
7803
105
21133
32072
16080
1403
24158
8441
13712
22024
16279
12533
26090
12878
14345
8215
3679
22940
22871
2755
9684
17171
27309
21962
3814
21422
22191
13453
5501
13696
13744
23142
27300
13373
18469
23363
4760
17148
30041
32660
31006
3899
8802
3944
8218
17700
30035
22738
7262
26895
22707
30098
21696
27207
21294
5105
14191
21265
1931
18157
22919
14826
28894
8598
13538
22545
12031
8632
30770
26949
30522
11706
7500
14544
32072
10694
14791
32708
26750
26667
15814
30853
10565
30975
5394
19335
17098
7432
24172
14681
23799
24541
11553
9699
12961
7496
2270
26860
12291
30191
8134
2015
21867
30515
24258
15566
12851
31321
25624
28343
3059
32487
64
32518
1525
1105
14579
4188
23785
9941
644
10895
2778
932
9075
24562
26465
10306
30272
22486
6169
4399
32125
25168
25938
31687
32295
31037
18186
3943
5174
21124
15897
8657
30067
26523
19883
6866
22154
5709
10483
15138
9824
16058
26910
19083
5030
671
24454
29005
4271
2519
22569
16578
18814
28706
24665
12094
16420
16422
26037
2873
841
8115
16727
10672
13064
4427
847
21448
18432
28386
4688
14261
20647
482
29610
24794
6370
23666
20344
31537
28627
22520
1307
26094
32754
23772
25575
22879
28000
22416
23579
9239
11896
32461
15383
17227
21158
20255
19913
23164
11132
24483
26729
20054
3074
29711
19046
1753
4686
28660
20384
7350
12117
3904
22487
30204
24833
2055
29027
5619
21124
31107
7206
9288
22251
19545
14528
28523
29174
26653
30721
28214
25383
25113
24228
1231
26393
2378
12602
4303
8979
29612
23652
164
28381
28856
11589
31284
28882
1322
28215
21698
16439
21511
15293
27158
459
6367
9658
728
12959
5967
28896
25150
5416
9163
3178
13543
29843
10650
4110
26374
12888
21026
22061
9666
21010
12646
1614
4061
30606
7117
9162
22932
2850
2341
29896
26567
30784
10471
21868
9818
14922
3005
19276
7643
11176
1601
27940
3173
19225
12552
29386
1476
27462
10719
356
24281
157
31316
2008
26688
348
18297
16260
15409
3052
12004
9520
9124
18289
29946
32320
22201
12959
26734
15918
7254
21711
7940
24632
3346
1362
28571
2390
32082
15621
19818
1647
21169
9765
26762
31436
18598
24165
14260
21197
26721
7998
20301
20187
14325
16519
10655
15005
25788
18757
17514
9327
27895
708
14235
10512
3254
16871
10587
10138
29176
23228
17227
29112
31762
29267
3342
19475
2645
8913
20489
21261
7659
9664
26726
6066
21250
30889
10079
2283
29997
12261
10937
31989
13062
27568
19854
28434
13593
9087
5712
17791
7165
15252
17931
13221
10692
6351
27882
3219
6806
9927
10237
6572
28824
1049
27705
18845
14098
18688
705
19347
210
7206
6756
27306
9675
2490
4710
15784
1026
20675
25219
32491
18347
6836
17457
8352
32398
20800
294
28982
31408
1647
2842
25618
18480
8946
16590
21125
14959
20148
1101
18683
21619
18353
1649
13429
4238
6923
27562
1081
19258
29786
11771
5063
21832
30532
24645
28944
28986
22351
14024
21219
16365
8690
30951
21416
24699
28402
16427
17488
18271
27372
10379
11148
4314
28717
21995
17725
21142
8650
29410
5676
12426
15598
3264
26620
14621
5230
28880
16733
19598
27299
28378
11906
5011
7544
9452
28116
18752
22722
14426
21736
23595
17104
8196
430
10958
22339
25559
11244
24364
25632
30103
10987
11704
23844
1755
881
31602
31064
89
4590
12115
20197
32355
9466
13035
24872
30386
7167
26185
21769
27491
24115
2843
16265
20287
15818
27414
17051
32575
7017
15768
27701
30031
24029
4236
2982
6227
4621
14479
28970
19816
18221
3152
19388
11884
31541
28477
6443
2496
11154
28508
23664
3916
24091
31350
3647
20164
13894
28283
31708
27434
27292
2338
2096
10133
11882
31440
796
12592
25530
8379
2829
19077
10625
10831
11473
15356
6682
11729
13737
11678
19955
28738
27551
19999
30343
25734
8217
27420
9612
9669
20655
24225
5229
28946
19002
30190
32762
25162
557
13691
27743
30783
6697
7737
25938
9238
16843
22555
3729
26606
27337
26069
6284
18627
829
17892
27998
6033
10816
9422
10754
21948
4795
1195
14276
14511
2170
32228
6645
4291
19330
32059
17379
5987
13733
8971
2825
26735
24147
10193
2434
10973
12467
27116
1220
11430
10226
2209
11402
30176
9692
12386
17938
5927
6057
31824
6025
14146
23833
4350
10180
9220
9667
21624
9776
27247
14505
26500
3852
14880
23057
17447
24533
6119
17296
9579
28674
9141
25192
7264
16882
30139
20500
30305
24611
22224
14624
22680
6820
22547
9790
13509
14541
3538
23447
31546
29485
29099
16991
11818
18884
12273
4268
14884
2674
25682
9096
14299
7088
2486
16196
31528
24446
8553
10768
4946
17052
21885
21705
8332
19453
6762
1554
8895
16505
5112
15270
9610
11970
16735
13805
28040
30617
13484
25037
2769
9794
22886
5314
29891
11573
3698
20273
4866
23318
5940
30969
22461
7143
10231
19532
20275
23165
4495
25277
18550
5680
20540
6297
31599
215
466
14971
20515
14580
1815
12571
11060
29739
21613
8039
25515
11769
13745
9941
17908
11938
2402
17911
18474
32363
14086
1360
21398
6410
25801
26214
18290
30043
12392
18712
6386
13652
28493
15154
13445
4667
14844
26175
1112
22806
18093
3998
16411
2916
22330
24280
27145
30730
15932
24113
7458
24720
16241
27005
4283
32397
20322
32565
30009
32096
30274
10186
3610
15393
23064
26425
11573
27608
13345
27872
29506
24044
13679
30096
31132
5854
7895
5091
18758
31030
4106
21200
17196
7358
20994
26236
23980
9711
8352
24403
23381
12713
14227
4952
24303
10535
9851
12729
187
4657
12366
13479
18684
12179
14843
9572
13237
1487
3150
26270
8629
6159
27924
30971
23249
29021
21375
28149
1393
19990
15308
31976
14158
31132
24098
28265
889
13388
19646
20954
10656
13744
15693
12603
19085
7925
409
14147
17903
29087
29544
31664
9565
24187
22433
27099
14488
213
31921
30095
18192
23020
6189
4635
31402
8355
10169
8102
26561
14713
22824
17091
22123
27323
15845
23110
12541
8441
19857
1877
15313
22454
31725
31682
31302
31331
26107
664
25865
20879
23136
30451
21907
20568
16653
7445
19187
22053
9758
4535
27598
14487
27650
17309
27044
10684
26845
11117
10580
20102
29482
13761
21731
6524
8613
4987
14969
15792
17000
25689
7340
19953
19796
28617
22529
23617
21938
24574
432
11658
16154
13123
25512
21900
14740
22415
31187
20250
18686
9306
21659
25734
23470
9904
1197
31834
13400
29572
29693
7752
11057
29766
20490
17508
2644
25016
26979
19601
2405
24829
11370
7737
11381
30450
5976
22594
2598
17858
20865
6973
15632
18613
18394
17376
1123
585
29368
10678
22477
20612
10458
13845
29342
23432
9130
26449
6698
21096
6336
5167
9070
27194
3240
924
31735
21358
17125
11423
14848
6494
28469
12941
30683
8229
3095
29052
32402
13493
31371
12025
973
25380
20249
17150
32502
1863
28692
19742
22940
19330
26912
18947
32533
2526
6130
7450
3944
17244
5719
25229
14698
8586
1400
7538
38
13907
7772
5698
28546
28187
11182
32140
1056
26636
20673
9962
19075
10410
16849
28725
31091
23214
20876
10485
2978
4625
30672
3611
7311
17767
13751
11763
3243
29038
31441
18516
12475
6887
28592
32538
4221
8868
18858
27349
30862
8163
3034
26563
25483
13530
22888
12028
32374
4499
15626
4077
19548
6394
2507
24071
11573
23605
14604
26296
19468
24627
27080
923
14432
24968
25884
7404
11977
2680
19462
12350
21727
20305
21101
12144
27735
25855
11105
19421
16751
1498
2725
467
22669
30914
24426
30791
7970
3694
11358
2246
9173
2305
8421
943
6622
8670
22438
1184
11183
8638
24138
27438
24794
16128
27264
19417
6959
13888
24645
27966
28452
20778
3426
9615
23419
20368
15926
11329
9246
26299
4021
13316
21582
19199
8881
24824
11260
30610
5209
28446
31863
10399
24575
7437
14408
15253
3614
12006
14938
27077
21659
7561
2143
4396
3147
17929
5230
32653
8118
11614
16881
29636
22298
11354
12734
18774
9651
6111
6532
588
23610
14670
10857
9026
25772
11074
19185
5563
27468
28287
10274
1207
6379
19237
25062
26504
16999
21034
22192
12001
12658
4870
21090
18480
27284
22960
9327
27437
5235
2250
24892
26035
25683
25624
21197
22992
13273
24375
23709
8728
9236
17548
22221
20542
29118
18554
9345
31205
24254
23768
2440
18355
21746
22690
827
31399
9772
18414
10407
23469
3450
30754
21998
18800
21931
5221
9962
22640
18702
26195
1300
14676
20093
3829
19620
22913
22426
19440
19706
29163
1113
7420
10301
30763
8127
23960
22082
9683
23017
9981
20143
2558
25423
3664
7776
22827
19786
4891
27657
28491
21460
20990
12317
14360
29839
20386
9199
29097
30474
28655
11288
32067
19007
28031
16920
12915
23392
25938
8512
26713
18899
19139
15055
10567
7291
22458
13659
17547
23609
19748
31602
12936
14258
6048
7554
32524
5203
11387
2806
11741
12435
13023
26274
19861
15224
19783
31329
11440
1373
5942
3580
25828
11762
11049
9550
12465
29572
17610
27046
16184
1919
21350
17005
31312
3121
4257
24841
29399
8144
28521
17408
26438
6335
30504
30049
6280
22285
24382
2144
24845
20287
32430
6720
16922
12879
25623
23158
23395
22260
10727
24075
219
18468
23243
16962
25291
7383
31338
25211
31777
32015
1618
9559
15115
30741
818
9501
6085
4101
27211
14172
3504
7820
2849
6098
10915
30449
13686
14989
10373
26962
16248
2384
17692
2865
15418
4152
19488
26927
30305
23967
1940
1558
800
6465
2646
19229
358
5789
2292
19816
22869
26271
13505
3279
4087
11387
19752
4064
812
14812
23361
295
8679
13886
19362
12717
29850
21912
23160
9406
2543
25151
1494
2287
7097
7687
31308
16992
42
16043
11708
27199
15174
2415
7273
26509
17559
20995
23633
1317
21795
24747
31421
10490
20891
925
22550
4256
9429
20394
30202
14094
7804
21537
27535
18338
10759
17905
29719
16997
29159
26125
19397
13713
17157
10005
20175
12368
17515
22066
3781
21191
22337
19266
21025
8019
13052
25653
12831
28946
4562
20406
19151
15270
369
27406
12648
30773
11248
14150
9439
25524
11526
10636
11448
29286
18298
23257
6685
7327
3802
23248
7981
26830
22896
10728
28822
22202
3698
7885
9574
4108
9337
15108
18718
526
25652
13006
21512
17586
17246
11344
32203
29398
27629
31216
7741
22470
17293
21506
4216
5635
1868
21924
19504
11075
20375
16614
10564
30136
4197
20015
402
7829
27058
2780
9488
3535
23599
2857
21529
19232
13880
29525
13316
28754
19718
7169
29179
4282
22054
21978
2058
14851
29993
4215
22647
29229
20894
26756
4946
22228
18749
24865
6732
16822
4709
19589
22221
5744
25289
10215
13888
7560
28262
28318
16562
4272
21176
10375
32155
15433
16941
14247
6907
23079
986
10513
2729
2452
7020
3338
2536
2199
11618
6764
18236
4726
29562
8520
6780
1913
21865
4303
807
16881
31183
5235
24827
15481
25450
3145
6852
28028
28298
25778
10099
31735
17093
4410
11631
12672
3307
11968
11312
19848
5437
4312
25609
7645
1497
15981
28741
114
30073
8619
18294
12899
2653
28443
5642
4148
18822
2064
10015
11098
26149
23619
20377
22780
9555
3770
3953
7674
10754
25070
23887
7215
15668
12076
20572
25843
26219
27964
7249
21732
26720
2625
5077
23783
30199
7392
9477
23657
13171
12452
1108
28907
22502
12705
31125
24253
748
15192
854
30473
6809
20187
17520
7956
17840
13362
28636
23745
22038
2812
9928
3159
14214
20057
31978
9091
13957
20488
5909
9633
13209
28365
6154
11575
5814
3094
20368
11970
5881
1245
24519
22710
10905
12752
19641
13504
13082
12976
10802
28238
14787
2295
23506
25169
20563
17853
7008
23617
27120
20188
14689
9314
16480
32595
19433
17223
6523
9960
16306
7828
224
11538
32619
21256
18920
23317
9554
28602
28120
4463
27397
30370
6747
27763
19349
18012
1071
7220
3037
20777
21022
29604
7442
17719
13360
29437
3483
2594
31519
20832
31778
14266
17419
18876
16619
27143
3183
12018
16740
5770
16980
2871
8702
18118
9412
20153
19004
23551
2178
20869
28425
16450
21752
11432
5967
10405
19825
11924
20165
19664
31368
28358
31497
14268
18400
17574
1774
5563
10774
9647
22551
9145
24820
11983
17093
9153
10728
23825
28653
31427
30388
14713
27022
23444
31846
31791
16705
9014
11915
27361
1298
19034
31392
30306
30350
4131
22473
23447
14365
16941
32454
19347
25746
17870
24098
24321
17665
18075
7853
22722
6352
11822
19501
31704
9233
18727
30289
30851
30735
15729
24038
13481
10791
13767
589
29563
27866
26230
9005
8278
16160
20324
2661
16615
9726
24401
12869
21139
9306
23645
7165
5910
25871
13770
27221
5226
19261
8964
5279
19434
23778
13278
17898
27831
15279
13855
15481
1371
8212
5181
15732
30892
2718
4456
28892
14835
8066
1738
14788
5198
24698
1550
24255
339
14543
1311
5781
21238
4023
30514
19770
13485
21730
30470
13568
18386
15184
26218
30731
24392
5733
9985
7685
7777
3391
20546
31252
32511
6215
1730
13577
762
32006
22710
18395
5314
15419
17331
31315
23366
9770
18361
14856
1300
2358
11120
23950
20161
11954
21937
10219
18571
6645
24648
8266
7997
15788
18425
4596
27731
7029
24001
18555
20831
425
23901
23608
25259
23416
19729
8952
9504
18236
2722
6387
9062
26375
10660
22014
24141
8062
1788
25345
7276
14571
13725
938
23816
5773
10389
18531
29239
30771
15949
31874
1604
31241
4364
17600
4182
18097
12478
493
31821
12181
10740
19426
2541
8060
32299
6326
10046
7004
29009
25653
18994
17775
20613
27533
3465
5769
5663
20811
5362
16809
3824
15750
31859
30158
25803
20058
22282
29196
12867
27801
149
8158
951
22716
18159
10174
27020
1056
11868
13299
32698
2671
21799
21931
3722
24411
14985
16457
10398
1171
27853
20224
27185
23535
25266
2209
15776
27118
1041
5553
18729
7267
9663
23743
27123
26987
31925
14580
24655
23202
19566
32492
4414
22679
21649
17348
307
19069
16848
6773
27674
24099
9744
15200
7832
3110
15306
18986
29845
11365
30897
11721
8440
11957
13205
11999
8881
19414
24967
20551
2813
17062
11838
5614
30949
30101
29625
11749
28168
31833
21798
12212
24731
32227
259
26096
11950
26257
24195
22032
22193
20133
10803
31356
6454
9462
17885
25319
26617
29157
16300
11999
17949
18067
21650
5794
32184
11345
29159
30260
20114
10328
31315
3758
31274
10171
20973
29145
20730
26521
30116
19451
9468
11671
8671
32753
17773
25741
19552
18814
26577
29056
30062
23011
8759
21713
5171
8880
23230
27571
8803
17113
20568
26082
2846
18956
8398
17299
280
17986
28677
28582
32759
20373
5247
18979
31996
1617
27940
14052
2790
14157
17475
1167
29971
6780
25556
16328
5609
24511
16128
18084
27764
32253
21731
12384
13648
30838
12432
23891
2762
3668
10837
17185
20546
2179
20033
18738
27860
6595
3044
18786
6455
1276
4950
2298
17636
32209
891
15840
22139
30583
19844
29706
19299
21960
29113
26424
31409
13459
31094
9443
32588
14647
21108
2672
3406
8816
28490
29610
13997
2672
20788
11631
25370
3890
24338
169
32553
21771
11700
27009
9907
6018
7508
20175
20089
15457
28772
19924
12553
7436
16267
28203
742
31250
28394
20989
12771
19714
2211
13941
13264
27776
8348
22643
10328
13975
9600
4485
21034
13649
17159
16659
11095
29061
14712
21977
6395
26609
20076
2970
544
21640
15060
12563
19935
18445
14909
2607
3272
15329
8019
8825
20869
6170
4516
9174
31929
24532
22695
1396
46
30668
22525
9982
23856
15147
8438
11282
25140
21151
15703
11252
27582
432
5979
2436
11393
24146
8951
1901
16583
9910
11362
27808
4371
10598
28629
19713
18437
29585
24208
19039
24447
14755
13597
25002
2310
11801
18136
6240
30059
14996
8879
7753
16298
20268
29991
14180
32530
15366
19359
545
17574
18729
7385
28112
1988
141
15030
30042
17924
24181
4417
29231
23139
23551
22255
7039
20385
2042
4646
1453
12775
8695
6139
13825
9133
27555
26688
7837
14811
9300
2750
5810
25390
25313
20927
8947
24286
16823
9680
8778
1662
4393
16068
13002
28451
1032
28156
25318
9672
2676
24038
736
2801
20209
27332
10884
4495
2494
30895
18197
25892
7778
27355
17800
15143
14215
8220
11504
21418
21771
6313
15674
27962
85
10529
26138
12295
6885
24267
10821
21573
31535
31010
17121
2001
19370
7313
5945
22296
24612
8827
23734
7477
30040
10878
29451
16217
3778
20729
20655
14192
26290
11979
5008
12801
9376
1630
2566
17238
19903
16869
18437
30686
9172
9953
7320
17359
26185
25322
31626
5647
10621
21932
12134
4693
14431
15408
26531
13964
13371
8541
30488
28536
26324
14270
22198
24731
31410
133
16501
25434
3517
25552
30351
348
21003
7724
2797
28211
12535
10071
15070
17470
9331
30283
13071
2253
15007
18039
20408
15239
30618
16976
11539
29961
2455
14088
7186
22736
820
13725
20305
24153
4104
17686
21578
13702
22395
2570
11464
19012
475
1889
7326
11115
5036
23646
32664
22758
4927
9182
15282
15635
11398
22746
9096
21868
18214
25651
23822
20072
17102
14255
8321
5788
19911
6718
25501
11558
2509
2435
17681
12107
29470
21647
19504
26975
15824
21488
20713
28389
7527
25322
8185
32248
10919
32260
12127
12778
23463
10951
30480
18730
16935
3266
16877
619
1059
19409
2802
21762
17065
12191
15024
2192
25319
5226
22781
28642
28040
7430
1770
19221
30785
17957
21749
5374
19878
16085
18816
16329
18243
10826
11138
9439
3560
11998
25981
11278
13380
30294
5296
28132
24501
871
6285
21851
29535
121
13933
1212
29052
27562
9603
445
1778
17430
5902
27884
29995
7254
3795
18513
20001
13894
8139
4431
14008
3083
24857
12748
9041
27221
12094
3218
17052
32738
3472
10484
2733
1604
15337
16820
7251
26595
21660
15140
28837
1861
1709
17548
1245
2957
16449
10444
30826
22082
23891
4674
20800
1618
11945
17902
23155
11351
27910
6612
20740
5144
27810
10914
21243
18259
9431
5267
17589
11706
24605
13203
8320
28219
10296
11940
25701
30084
17072
21120
4677
17863
20866
32640
30248
29626
27669
11964
9937
29923
17519
21108
29846
8978
11433
5551
14958
6447
4256
16161
17740
19765
14318
15186
17835
2943
25625
4605
32618
14147
7945
19126
11227
29788
19904
1232
16919
7756
23365
18046
6548
12417
4065
18232
6905
983
26766
14689
29488
1375
685
22310
31933
19039
28663
13993
21327
9625
1718
10591
17813
8656
565
10934
6483
1417
1909
8700
21941
17423
25121
31612
2019
32697
3524
23786
13781
367
24378
30977
29545
18795
25189
18026
19891
7485
16417
7648
148
14098
16505
914
10894
31285
15643
8136
29398
20694
6153
10954
21931
5899
2706
20478
2791
14100
24705
19536
15060
23267
29588
19414
30016
22236
31535
19124
7892
12761
1106
32062
18593
28273
9673
861
9724
31098
17570
27444
5260
25036
31972
18179
27297
15688
638
23115
32711
24345
3710
8755
9116
17210
11395
15658
30430
21304
31861
30158
23240
26682
15475
29964
27295
11838
12045
24457
13192
19621
12724
25153
7836
30706
5998
29295
16702
20687
7119
17580
1964
13393
548
16218
28117
24956
13553
27715
14955
6154
31134
11646
28728
5224
3181
14739
27061
3330
14511
8926
21209
5312
16696
28217
29999
1744
11536
31957
2603
24487
19563
19817
1982
10050
2523
22671
6952
20658
23493
3178
17934
13015
27154
11149
20940
32364
15398
4888
3340
21827
790
11300
1944
26322
21525
3170
16492
13807
26416
2558
31248
27608
11836
18122
10532
23670
22540
30360
12604
8163
5095
25831
25583
25897
10552
32195
30251
25165
14216
24038
24523
1420
12970
11811
22892
19428
28469
19973
27772
24790
21304
4531
18835
27499
32552
5910
22791
11381
797
30270
14779
21015
29758
20738
8759
9351
30330
1511
22526
28691
3706
2628
12571
20578
20435
12195
21502
16637
15231
22633
10630
5901
25230
24506
13663
18535
8473
14487
18574
9157
1400
2121
16970
24150
14260
16387
21262
6778
30015
31171
30188
19398
29923
7289
5156
7247
18169
2923
1781
14117
1499
25816
27571
7197
27292
5083
32282
24788
6646
14739
27874
752
15747
12673
23699
12201
15664
13617
3227
9353
11504
25373
21150
3439
17069
11470
24589
986
26756
28740
1530
4964
16177
16536
27435
26509
9416
8672
26733
1722
5031
15443
32554
15998
28072
19118
7742
9495
1947
18390
10503
21564
2291
8126
29883
16662
29631
26507
12287
21900
26844
24822
26805
11971
31849
19698
9237
9445
11900
20879
15615
34
23571
30495
31887
32501
15438
151
8435
4521
15835
9016
18041
28443
22705
24942
26348
26305
10241
3320
25377
5099
24681
13385
19149
22089
30316
32558
22169
13230
2335
16050
18553
1811
25892
13375
9785
8415
13276
21509
601
15462
10969
1695
18202
28335
20370
11764
14297
29306
9051
29020
7324
30081
19348
5381
19435
19199
2592
24724
1761
10095
6681
22799
23426
18838
17601
20986
335
13507
17084
6592
25624
24662
15741
17749
20754
127
1279
24346
31273
19528
19893
32001
17303
25814
2755
497
4022
16875
14446
3692
32018
18352
10961
25711
19139
27058
13522
17049
22266
32554
15189
31376
27609
11393
2224
18081
20104
1555
29790
8870
17541
20532
13047
11309
827
112
25183
19926
15831
25623
9790
14845
17751
4090
26801
30873
28387
32111
4928
3172
13409
30875
21519
29501
17220
17392
17240
1482
28068
5364
32024
31329
12692
20036
777
3881
19120
6873
31441
8060
501
20107
7289
10384
12246
12243
25888
343
9355
3797
25073
18851
27309
19870
10066
21646
6144
15786
18526
4633
8336
30377
25238
15379
24575
2690
4563
19005
19741
15001
24704
29099
3001
4686
2053
13165
20663
2758
5510
15983
19555
7149
18126
10398
3845
24251
13190
17228
7094
9399
5803
3798
7537
10426
19519
4484
29293
15606
22334
5552
426
6710
979
4907
3786
13415
31180
18396
35
14424
21324
17322
19218
5822
3007
27549
31378
16507
23315
14399
1037
30752
20774
13129
24178
23728
17786
30843
3975
4519
28464
15820
9089
10298
14644
9923
17106
11745
9909
26405
23106
1043
23512
30928
2369
25936
7853
26855
19067
15205
25698
47
2734
10988
16054
19129
8632
30738
15793
17090
25077
10397
6546
8919
12743
1837
14602
9021
25462
27585
26535
9871
16187
28030
20627
6569
29591
25004
4478
2757
24553
19458
31193
15332
27968
9251
19013
13424
26990
5224
2123
5663
6238
5600
14925
14618
28583
3477
8124
21343
12384
20241
14732
12131
21303
10273
14053
13820
31421
23001
6684
20351
24580
8920
10721
24613
28012
16078
698
25524
31674
32571
23728
27739
25962
24953
22855
2269
25671
17916
28084
22002
27960
11481
15691
16106
32349
7045
30775
12691
4954
4063
4717
18781
13299
9329
26339
13756
20698
18931
6908
24526
25284
14865
22087
4926
32706
1903
8810
11880
23247
28393
1881
7613
24997
19999
14284
9833
27862
25393
25071
17460
13847
14791
30811
7846
2271
26965
1861
22895
24881
2205
27125
17414
27829
31349
29818
11407
8718
30666
26013
23042
25192
31461
13587
29066
22864
28653
4599
19243
3785
20141
9591
31144
24476
408
28109
2468
20463
15882
17777
15367
27673
12753
27276
16291
11189
10732
6832
11800
2805
5778
5831
20468
20026
4215
9034
27679
9185
17226
22708
9847
6239
24962
22581
12727
4240
1370
14506
22685
15948
8986
16333
8780
17212
28825
15273
5615
30187
26112
4178
24991
32032
15312
19922
26759
13676
2599
25190
31813
5375
27967
15595
17812
447
21303
29587
8232
19868
22294
17116
28122
19741
19725
30915
9477
15423
25596
8244
7728
25984
56
198
25837
16183
13196
18085
4096
29478
30333
26319
25796
1106
1746
4996
18891
1811
3924
21751
19653
8039
31955
6730
16291
14731
9321
22201
12540
12493
7939
32534
17327
22684
32284
31605
10698
7137
15820
24872
18090
9874
6146
2286
15460
19843
7437
21863
26724
10368
13666
15819
4948
4762
28825
28892
22592
1214
17848
9241
1783
32396
10420
25397
1460
29029
6453
29639
30205
25030
3738
8515
8396
13013
25917
1321
28141
20538
12536
8060
27303
10800
6376
21366
9118
14300
8304
7290
22008
29661
385
3914
15295
1828
31769
31610
30598
5638
16138
16677
25424
25487
19965
11998
18093
16154
2230
31721
14374
28702
14234
12972
11739
5195
16750
8032
363
9174
28257
5900
27412
4113
23629
10932
14364
12350
2106
6861
16495
28837
4388
7925
24457
30692
6142
21985
29846
13959
24822
29079
11736
5336
6651
29661
9034
13048
27260
3825
1155
28463
12403
32378
24028
9857
3747
27839
14549
25474
12317
14359
7093
28523
25865
11424
11377
31084
31907
1588
31439
18500
132
20121
13771
10768
13603
27640
20538
5728
923
29585
22701
13968
12463
5292
2200
18518
1291
12243
20148
3735
19148
28222
22689
17535
17475
28047
24528
18128
32758
21440
15776
26490
11752
24409
2759
8045
23067
18406
19956
4779
12370
680
32179
6817
11547
16267
22928
19127
24589
12888
24191
8998
9039
31788
23163
26121
27738
18729
25454
17080
6655
30315
13649
19281
25515
21565
15252
26775
19946
22669
18880
16384
18474
21918
18267
16393
22466
2301
21260
18125
29746
5814
8447
5846
30892
17607
6283
3635
20180
2773
29970
21450
14021
18974
28201
28400
20564
16815
11001
32055
18840
4823
1253
31367
22186
27099
23918
20337
22185
7915
2899
6591
18945
25429
8956
25424
32237
20217
7704
15139
4411
25085
9862
25777
13904
20162
2161
4480
22123
8214
4032
22773
31278
4011
21677
25194
7002
8391
15283
30080
17370
21310
11438
25782
7683
670
17726
1595
23066
17833
2668
12033
3350
25096
23952
25619
27816
10301
14450
13864
3193
19418
29871
31608
179
3056
8798
23502
2498
16331
12788
25311
11612
7132
30053
3290
24766
17143
15500
320
10297
30655
4301
28662
20462
606
21497
17561
8662
7801
18033
9233
15621
1378
14479
26729
29231
26768
27457
3805
18795
28749
25591
19509
5431
4783
14272
15186
14012
22217
4527
23047
30548
22562
30852
18474
6986
7783
6024
31978
4577
7516
3769
26210
26263
28952
3623
10095
22442
10866
16542
26559
13788
16311
18821
27179
29043
30110
23046
23879
30853
21629
8560
6711
19058
32188
7385
17860
25778
30090
2567
1967
27857
13520
401
19524
15287
5987
31809
17459
11821
31358
18365
5788
24221
8047
11878
31081
11289
9872
22145
9184
12959
13945
7317
20344
6300
9076
27923
15084
21934
11058
24892
25487
22190
6332
9024
26847
8942
25771
23971
20060
26303
9628
14821
3995
1847
25823
12898
14998
9009
11119
15223
1094
9620
23335
2022
2932
19673
10290
27772
15820
19399
18116
9969
4915
26497
8455
3087
4954
14019
10585
24854
22931
26217
7348
25696
2788
10033
18797
18753
29274
10433
11810
11057
14240
17900
1262
15405
25552
17969
3806
12890
10377
22660
13225
14572
7490
11090
18843
26694
26334
17855
6611
2402
32128
1586
29870
10356
1184
27155
27267
15050
26975
723
31889
23543
15127
15405
23093
26160
29239
22444
32353
27126
6478
16750
16713
18678
3173
8743
12895
30765
17042
21096
20098
11599
21962
4898
26226
31594
15607
12134
18824
8902
27722
27502
2212
6161
20435
25825
25958
1720
21583
18515
16801
21144
29249
11
8972
23766
28484
16394
7995
4107
18847
4937
17358
30629
538
20033
20201
26250
14352
2736
19428
28926
19398
4251
26691
15814
31483
20623
5352
29325
11200
21293
18311
16264
22922
16870
28763
20054
22662
27906
30743
6186
25388
29415
23072
26411
9751
27800
12025
1819
15892
17276
15102
26935
23673
5217
21846
16223
1464
17344
15139
21111
7731
10050
8955
6157
14674
26756
9372
19260
24275
1303
18651
3280
14946
4044
21982
20138
26986
5934
11147
3687
23338
21839
17472
9020
30475
3272
11717
8996
32049
14075
3711
9022
21840
26523
2790
22384
16321
2415
7993
21841
7381
22610
16752
32326
15977
15487
24434
21739
30650
27403
3464
16820
24443
28595
30993
2772
30757
984
29560
861
12943
22216
10596
13737
32446
11071
23086
3322
24318
28206
9112
16989
12593
10938
13756
4308
8808
32648
834
29875
176
31032
16854
31307
24367
30255
20185
24518
16495
30618
19543
3666
15097
943
2618
11906
19494
32054
4029
23536
19762
5193
22819
15400
16018
13400
7592
31937
23943
4976
12728
31949
14324
18108
22879
9588
12909
76
7937
13787
13456
23061
587
1611
28568
21049
4969
1679
29487
23689
20089
31645
1156
11592
19264
16505
27550
8498
5404
3671
10992
26301
16186
4096
21805
19615
2313
17526
30045
22928
9967
29915
15665
4433
826
16783
28051
2797
2905
2713
11650
15423
23884
14152
17181
7860
26969
8473
25341
4435
23553
9692
2504
7162
25650
9491
5123
30698
10686
27803
2088
389
2060
22670
18169
30551
24846
10855
5651
10836
7282
23399
14534
864
10013
28216
2852
533
1749
977
21336
6336
22077
14233
15674
2476
15623
1743
13344
10660
14437
18217
3830
11187
18368
28859
17041
23086
20909
16155
3648
24820
21789
28099
22180
3317
15059
5046
8898
9457
23324
25191
28503
16258
3002
19414
19563
14941
18977
21500
31017
14037
21990
4457
29166
16289
20340
8492
9376
31710
12033
4595
16193
4952
10176
2675
19652
10245
19288
12042
5151
2258
406
2723
28065
418
10334
32475
646
27796
28648
32610
10953
26757
18217
7331
23865
22743
27790
8615
26063
4720
30448
18742
22079
23045
27333
20032
25805
6040
12179
23420
11618
25407
31147
7759
2271
20264
31763
239
28337
4826
30404
20424
5286
31677
29973
19999
16638
18141
20600
32245
710
18411
19300
7982
17505
389
22674
10738
27752
4790
25196
18516
180
7617
9923
4913
32696
3098
31424
5723
25620
21430
2845
24567
1640
8580
27796
7972
20838
3388
4248
5598
31788
14935
29252
25121
16080
2654
3985
25169
13628
17512
715
14553
25660
21983
20550
13075
5333
4226
15437
5992
31193
2480
15707
7864
21432
32483
24206
7419
1689
25467
9816
7465
22185
31677
21880
29784
16051
10523
4648
4132
5362
19381
21400
1108
29219
23841
8604
7099
3805
10343
31905
28763
2853
17232
486
20177
21566
11489
8169
26861
7358
13602
28447
7072
6887
4644
743
19483
307
17985
18113
8245
25905
15270
15291
5645
2192
14607
10797
16113
14457
5074
7078
8575
14115
17183
12582
1802
25505
14470
10638
14400
5118
8633
11348
27913
21899
30612
11387
29618
1912
32346
30659
21322
930
6978
17949
27980
18860
9010
23905
25215
24657
1738
7491
16155
24824
32676
1924
12845
24969
8922
6245
21564
12416
31945
865
16685
5952
6677
10267
2404
5801
8686
21398
15916
20972
26001
8612
7513
7070
2321
4769
8236
22796
10583
10592
29046
12239
9063
9574
3840
12704
24806
11606
6699
31341
19929
32173
7124
29868
23472
28591
16250
14319
13699
27810
18851
13752
2459
8505
19835
10383
3124
1363
26047
31059
6017
3046
29913
3790
3313
3893
12365
15243
23473
19786
31571
15852
20594
2208
21701
1655
4716
8480
23612
14449
29091
14670
12919
6318
27241
15301
14588
24231
548
21729
29953
7117
24913
13499
6540
11549
20169
11610
31962
27381
28739
295
31998
2854
29723
30114
6090
26954
2130
32340
14834
10584
17109
5124
2415
26741
24322
3118
12066
28685
29800
1201
25530
7971
2766
14280
17367
32229
12151
19515
12143
12164
28581
30167
14450
13890
23644
31259
25769
15821
31592
27956
18148
24523
18850
15148
13140
5814
12910
20830
4918
21226
8328
31789
7089
26108
3073
19701
27650
14414
10628
7234
22230
31968
7902
31808
23287
22377
24765
12147
3883
10407
7608
30632
1370
29939
23184
20780
26862
6424
9142
28219
23679
16741
30733
1723
23216
22273
20720
20523
7764
22399
27511
12758
21974
19122
14070
2380
9687
19139
3271
4882
16152
21120
5450
19353
2971
17911
32297
23661
14085
26948
26081
27055
5703
14759
8318
21445
12925
23770
14757
16720
31510
6817
22488
1374
25398
5282
25846
13794
28248
12407
8193
1633
28728
26626
31780
15085
1008
29696
28917
18263
32353
1249
8183
28321
24532
32216
29539
30386
2273
26158
6696
17485
13969
1243
1328
29508
2495
23127
18917
16105
7620
27822
3572
20166
29267
6611
24656
15246
11425
25654
9083
24659
29641
28056
27905
19448
27760
5150
32325
26346
6052
26021
14975
8459
6410
23894
15878
15343
10297
8058
31435
1355
12641
10127
32294
5546
26928
7323
17366
26466
22518
16320
14915
22983
8199
10513
23557
29854
865
18084
682
32725
27790
20968
22196
17265
32460
12089
226
967
29036
27570
177
3567
14968
19779
19489
26742
19608
10499
7356
31827
27702
29639
3541
18972
24545
16627
28686
32634
32751
9104
30237
219
26983
9631
7887
15206
22558
18861
76
21300
27679
19112
22686
445
24144
3569
1901
14480
26707
31666
21772
23624
25515
12658
10938
11195
25632
17127
8225
10100
20836
32011
547
3428
17398
24434
14038
15572
10567
16346
8909
5790
29468
19460
29594
11677
22067
24002
29584
23394
23593
21842
19150
3368
19611
28138
20857
23818
12684
16532
22344
19316
31494
26940
1094
11480
1540
519
14035
8098
2704
26855
748
7789
13609
877
13997
631
28519
29918
2068
2642
7138
31368
20488
14557
18767
25174
30362
8307
8428
20387
29834
28258
5151
16972
3597
19103
3417
5129
10957
24504
10305
24573
28466
7945
13583
2187
31456
5427
2869
20332
28801
25290
28485
13310
10948
11598
4111
3039
17061
7261
24329
2491
19184
14118
18421
9826
25856
13857
3005
8222
4813
7422
17058
1091
27174
12507
18837
30471
3386
7865
7909
11668
3165
26161
29211
20060
5385
23651
27427
11181
4643
23344
27820
3205
8576
28841
21968
30631
680
8902
1784
13550
25306
7004
11770
30946
10832
20553
7557
28297
11971
31729
13247
4992
28466
31215
5164
6729
15584
23556
14546
18151
30108
19283
7835
31144
13124
2513
4346
23619
5260
10231
22737
25890
764
17082
21139
9473
6712
23996
12198
4792
5252
11716
26379
18773
24711
26476
6464
27758
17487
26137
27493
9910
12694
16176
7583
30413
12100
5511
24762
15965
31797
16666
12050
18274
20283
7936
11443
13257
22631
7581
21183
2877
26500
22808
27152
23358
23525
23567
6431
7539
16737
22666
2340
22593
16027
27950
26239
11676
14471
19124
16471
19485
20265
19865
2945
30293
6048
24598
19619
5218
14180
14418
11673
959
17612
18135
535
6497
4307
26946
32656
2559
15899
13631
11351
11441
18738
28597
18949
19388
26133
1086
16154
30636
22258
4314
17383
4260
8242
23012
22187
31219
15799
14917
15100
11239
15714
25575
2152
6118
25305
1133
3165
4794
14471
8737
838
14637
12772
17709
27895
726
17142
16655
75
30514
4376
12871
523
14583
8442
1106
786
23460
9705
5084
18863
14173
22096
16690
27211
12022
27007
1782
21324
7246
8876
26902
20537
22238
3383
20478
18462
2193
20019
9229
15154
17622
12065
15686
17335
5620
17918
31561
7714
29855
24193
6529
31868
24008
2206
5022
10504
31417
28750
11846
15398
3936
25234
30727
26999
8939
9141
22161
10306
5782
31442
29730
15126
7873
5783
8513
23217
21062
12104
32431
2081
17417
2567
923
18985
23249
16722
13333
23014
23382
30413
7109
690
22683
21058
24797
14665
32381
29158
844
11819
27276
12254
7221
24385
1819
24833
12703
27842
7315
28896
29294
13656
3341
32515
28306
32127
28191
24950
8062
9774
29941
12421
21723
14010
26788
16323
22910
15863
3772
10321
25752
20128
17948
18524
11053
6905
17419
23528
9672
29618
10116
4812
24172
11791
22224
18430
23245
13638
23387
15889
30400
19241
12224
1276
17137
15364
13350
27933
15316
2505
15567
11134
27870
21098
28398
4950
21492
30087
24505
2259
6436
15689
10688
4374
28307
3726
27773
9088
11446
25670
27180
8236
32453
6684
14301
4028
13165
19034
13255
4185
1478
17158
13791
5109
29316
22097
11945
21459
28017
2611
10318
7498
2843
27471
24048
23494
29385
1820
23866
1039
11444
20806
26171
17614
8308
30802
32116
8269
22457
28034
25647
21374
22843
9208
27411
11839
12276
19229
21238
16604
29324
2116
12274
725
24341
29579
699
22242
24312
23554
31791
4149
1839
5904
7983
23807
26805
24338
13486
14901
17723
1348
17927
21652
31773
31461
4500
31459
17300
30102
11644
1400
557
13060
19660
22269
23674
8134
23242
23156
19207
25993
24710
8825
19599
9322
26801
3527
2160
23459
21938
5374
30045
17770
24055
9636
22611
10774
8841
11881
12238
28292
5092
16559
24380
25017
6405
27465
11954
3528
11460
12931
29406
4086
25956
18787
28989
15389
6761
28719
21645
3918
7337
7215
17798
13754
13478
19636
31685
10195
23323
12634
23305
8878
24533
1417
28833
32684
29380
17730
25893
12121
17234
7960
13925
23444
10739
18300
19871
29937
4094
4414
17909
12123
2491
28497
30493
12798
22205
17359
6235
32356
15474
8252
4012
21213
28408
23311
16708
3109
31794
7790
29499
19009
27932
21562
6532
23722
4443
4939
7710
14765
10521
29181
31118
1298
24847
25067
12172
27132
21731
30970
1021
19472
2997
19354
31777
5081
8949
15432
14
6763
7031
25687
12381
30791
31945
31217
17443
15231
17092
22361
803
18715
18785
1906
12353
28090
10958
31621
30778
24957
17345
20031
14483
17184
21005
14329
13007
20074
24947
6205
32741
20936
31418
14469
22513
10037
18689
11333
554
13404
10581
29228
276
13825
22655
15015
20215
23197
13087
30632
16015
28744
15359
6565
21509
10716
23713
7651
10782
16216
5146
20980
14259
28034
2083
28799
2401
6353
11374
31551
17281
6025
29750
30286
90
26408
16922
26788
24214
20737
2603
17882
21491
16935
23108
9524
6203
23180
15514
27103
15478
30570
10387
16503
16990
15586
30172
5581
18451
25316
1462
27366
7184
18766
5776
10823
19806
5976
30171
25199
3079
27183
1050
2470
28110
22240
16184
12021
27421
17272
18207
15478
10303
23401
4230
11982
24271
9008
14858
26103
31601
28469
14209
29507
17344
16883
18315
2205
6279
21848
26473
27922
10291
21359
14611
6801
9608
572
3972
26863
22164
26344
5465
27182
4065
9246
16794
23551
28655
6068
3800
21125
28385
31630
10360
92
5751
3519
590
16346
30268
1010
3694
16789
10241
19977
1342
1061
30857
27651
29648
31019
2182
23331
1135
31634
31172
24142
13688
31508
31909
9654
29292
256
20941
6581
17218
29243
5150
19707
1538
12933
24295
23020
26255
3326
9304
12100
2244
1513
18490
4093
6339
31151
21213
19058
13706
11559
20561
27332
27080
13076
12248
27773
9966
19184
14236
12147
30344
7400
24734
13296
21966
30503
12015
25103
28534
28759
23074
24681
10189
4965
23041
15857
12038
30853
11135
29469
3538
28535
25070
32327
24625
7944
22642
8018
12935
15835
6070
30352
13554
18537
17373
2787
14555
22599
9916
31523
11467
168
10822
24256
2688
21538
22343
6569
27457
30645
11350
10092
13934
26377
24836
8606
7771
19959
26970
1405
24414
6987
19843
31956
29991
12488
10693
11807
14928
21613
27318
22512
9781
18167
6572
15249
7430
9127
19829
6891
1563
27973
4936
19878
7303
27749
25596
12690
11759
17129
31096
31302
15261
22727
6251
9223
12752
1549
8765
3563
10582
7714
837
32573
26461
16462
20796
7204
3975
4476
11761
3456
15420
17215
16959
24597
28996
3092
25916
24299
7317
29927
17332
27892
6505
8152
7126
8688
27028
27710
24876
11918
6421
7148
23761
19412
32747
23988
7646
14784
22058
24874
20005
4400
20045
22442
16162
27903
10702
1693
17198
11889
31732
20215
9974
24785
3821
19972
24364
88
7964
31589
15996
10321
24756
26710
18370
27771
902
1074
28794
25007
10519
2616
26487
6594
246
31887
13273
5805
32588
20616
16441
30955
25013
12324
9766
27939
30286
29910
19925
7431
22800
16265
13844
10108
7004
20965
30848
25595
2518
3278
24056
30007
1143
14382
5969
28416
7390
30709
28235
4967
28391
4702
708
27427
26495
27507
26668
15667
28087
22995
14137
10693
8727
14515
26588
27735
10292
23331
1907
2332
11908
17554
8000
27041
10354
19093
24346
11440
28334
996
24674
11637
14791
10405
5433
1503
11003
18414
14320
4169
22350
30341
20160
11354
2265
23274
6076
19241
10853
14999
28931
1701
4408
27782
4410
18485
6447
21748
9274
17051
18189
20069
8197
17182
25875
9192
26111
7656
19921
156
1115
14765
22843
30835
11219
32397
8191
3638
11676
11324
2326
23241
5529
23392
21913
14769
13519
11834
7895
7891
12313
29833
31396
31102
26396
18091
14836
18604
18302
23558
30120
17541
24659
8358
23975
16677
18904
20007
32305
11935
13668
3030
28528
23106
14747
23059
9040
21787
12005
19706
17809
9146
12319
23106
25115
6969
5008
15972
17809
3963
28702
15616
19496
14002
705
16509
4794
26148
2105
7409
15894
3118
24316
31296
19611
2953
1395
10631
9733
23500
18533
27067
23942
4914
13748
24461
23065
15774
10055
17553
22803
9436
31303
4512
32506
28202
18062
10363
27291
12535
10844
16560
32343
27370
32332
7106
21438
29990
1415
17540
3423
24269
28216
24006
31453
20674
13888
17459
17222
24244
18474
1914
2465
26968
25697
32428
16326
30197
10912
31717
7027
7974
22443
25391
24987
732
2877
10403
31745
20898
10817
31186
3334
25381
12612
5731
30143
29683
2859
7165
587
28803
16417
18791
12388
29046
4308
31981
17459
19740
20961
29190
8041
25146
7052
565
3723
10
8629
27949
141
3972
18440
27704
23715
25052
18035
5337
27220
18508
29149
20144
32720
22803
32021
24735
27267
1470
17928
22827
17898
26278
824
22053
13478
24506
25961
28553
12239
638
413
18854
24714
20820
5955
4735
14302
18427
1708
28274
14531
19797
3006
6167
10364
29293
4332
14187
6439
8888
11878
13358
659
10651
10636
1929
23889
12590
2217
20724
29710
7744
3806
12887
24352
28059
13404
14191
24158
30344
28374
19572
1333
13974
24119
2041
27896
2712
12688
19475
24952
30957
22612
701
15317
28932
21447
31099
24467
9246
15540
8254
3568
23382
20830
12168
885
28383
8122
31184
5068
17038
8155
27688
14289
27544
21166
541
16875
25500
14567
12511
11421
27876
13883
3490
14168
3048
13520
13123
17812
14867
7410
11055
13343
13770
29959
23937
6324
5035
15813
19562
8143
29970
24226
7894
31936
2018
13964
15948
8190
13186
9435
3094
10175
5925
7812
29091
16069
15695
9103
20521
23931
10389
10443
5006
8512
7588
18880
27785
11779
20100
22245
30213
19984
19230
5139
18886
17449
23292
15162
18510
985
9297
5971
6146
17413
17465
19349
8073
8132
15425
6892
32629
14705
22826
17319
20261
5118
30442
17264
8425
5770
17908
6018
4456
28214
30137
19734
26175
16949
26735
30238
32747
28195
21521
22070
8937
13976
29863
23512
23579
11260
13255
14799
1134
12189
26972
13550
10170
20222
6566
31233
21226
26995
21634
4100
3420
21482
6636
14995
395
28428
26562
24738
6379
25477
21706
19310
3860
30879
23799
20915
16419
14614
17128
17184
13917
23080
10930
10248
15126
6379
20959
10586
28370
483
2231
13523
11433
22228
20670
12658
15600
1749
17533
22573
6933
27814
11397
1250
21195
18243
26034
5008
14439
8377
31917
7623
138
5945
8884
11357
31489
15467
24478
12643
29929
32516
9497
24151
1559
21147
10039
10907
19895
2489
7721
7718
25138
5679
21834
13434
30806
9132
11103
27606
1457
16526
26652
21676
25149
2297
2795
13653
11587
2086
30442
5636
31097
17406
8242
18681
1133
9960
7775
17143
32039
15327
18509
22519
7690
28871
15647
12318
7676
21249
32390
2285
15559
31293
64
5816
28350
5519
20702
6745
27555
20166
16331
32549
9416
30713
9354
5407
26229
14178
11071
15212
10378
9583
19057
3847
21093
4375
17934
29110
30214
24171
25519
32061
18033
13165
13342
14033
19796
26404
5654
5839
9194
26352
22089
14510
13087
1564
4263
18227
16117
27570
14046
30947
16678
4755
24605
12478
22283
4038
17950
5930
18108
4881
4963
16174
24441
21958
26304
11232
14665
27616
12313
18977
6112
11086
19053
12935
29894
7567
30483
18331
29878
12159
7748
1093
19525
4977
30938
3716
22468
2429
1879
25186
27238
540
31273
10536
6310
20210
28461
4302
483
21994
10353
14261
23885
31368
8254
153
19973
12667
7766
25281
17024
29298
12922
2680
25389
31793
14383
24001
21591
7908
18370
14663
20300
179
14474
31123
22207
4246
6253
9345
2667
7019
15525
18165
24057
14150
20420
23242
14116
30984
246
18699
14107
10291
14471
23654
13094
25852
30117
14301
8333
29858
14694
9663
30646
10239
8973
21207
21133
4189
8585
18915
18984
30346
24126
17224
22444
18479
17672
7427
15466
28509
19837
3811
13646
18537
26995
28405
32122
10746
15555
6720
25646
13152
588
21939
31211
21799
16954
15196
6360
18412
15752
2011
19556
25968
12995
23573
23597
6123
24593
18221
32289
21411
26227
11440
29666
20156
29255
23311
5999
27474
19729
26195
6914
1989
15482
6924
52
10580
21145
7562
2663
13550
4978
2384
12389
10820
5052
9414
20805
5411
29928
32046
12431
10497
25182
32473
32160
15062
29706
23963
27215
3373
6679
24956
5328
8826
30202
27568
18649
2478
17587
18378
23556
22793
15951
7468
10613
19247
3762
5314
28860
12927
19347
1776
7164
13984
3016
17864
12621
4188
964
22401
29536
14258
19294
13604
30050
14374
12500
24969
9762
8028
15631
27778
5749
14821
19752
13910
32474
4697
25900
1905
18522
26278
8220
20569
7346
1959
24888
9700
16820
22265
10877
19881
17387
22282
15469
28340
13438
370
25358
14974
32342
22407
5173
8732
5763
24875
17156
27574
3036
3561
3250
15419
14822
11329
8842
26963
8952
27455
5431
10133
13724
6739
25918
26875
311
7004
31948
32658
7661
15110
30386
22646
19391
25430
22190
25342
3318
23683
5868
30772
16325
4104
11980
22152
31530
503
30438
1477
13077
29840
3660
14147
26572
27154
9486
30303
25742
30929
20484
15656
20854
9609
18887
16731
7331
14322
17665
3474
32406
15764
13287
15032
7643
11997
10499
24000
5612
27249
13623
32150
25938
31425
26367
9558
1805
23007
20214
26301
15158
10129
11676
24797
17123
1444
11862
7956
4939
3714
21430
25662
17451
6663
30973
13866
15720
17553
3294
15691
26613
27734
27013
19632
26103
6395
28120
9782
5671
354
15357
20221
26232
9155
16668
2072
14843
9214
27238
16265
26111
25647
11094
3436
2684
2947
14646
4466
18866
28491
8166
17553
8973
4687
5081
4858
30028
11877
9568
21068
27618
31810
14635
26631
23452
11663
27148
13379
21125
19776
14335
5282
24327
31265
10344
4995
21074
12209
15259
6008
514
4404
23457
9979
19707
27396
10298
5212
26520
24104
17438
9726
13062
27175
1928
3779
9194
18718
15349
19141
31818
21009
17705
13383
23722
21887
23412
25835
28789
10297
15155
14117
14751
20596
28057
31727
16265
2332
3760
14526
9509
3947
13466
437
27226
28347
23581
17433
23722
16024
32351
5382
31506
1818
13293
22624
20785
16241
2306
21515
3501
6850
26375
863
22483
5938
14166
16086
10365
832
9027
3080
10809
27991
5469
10714
25767
12707
24561
11506
14115
6693
11472
16494
26276
17666
6738
24277
17124
17697
10651
5965
9922
12532
25117
13071
22500
5014
20062
20249
2464
29719
13820
15906
1821
26388
14574
18131
18613
24202
12300
4660
30878
11243
30418
24165
10954
26738
609
18830
19467
14260
27078
18712
3195
6265
17279
8478
18715
14281
31803
28702
14522
31306
2786
8949
24601
12233
9685
25866
4428
9494
23927
24777
31331
2069
16364
25683
1866
21010
27169
15987
6894
11349
10764
26581
25505
758
5685
19570
20160
14835
15989
18767
24467
14464
23037
12903
28020
16030
5787
29925
3380
14575
27961
10647
10682
1737
8103
11168
4077
26249
17306
1901
29141
31786
32500
21994
9468
9750
22853
22517
8219
5179
18066
26131
31730
21858
20310
2145
31608
20156
31175
19150
24372
20926
22618
8584
2027
17455
24969
29108
11387
3712
29908
4706
9991
17499
12550
22976
7508
15230
32697
2701
2163
1226
31260
13777
24481
31639
2804
25804
27243
24395
29153
7980
32278
11051
3043
8579
10813
8305
1308
22519
6332
13982
22488
28988
9421
26129
15562
7615
28017
217
28824
20260
26386
3528
29339
3059
12390
22984
8416
11150
11926
13170
21874
3687
13472
1245
26843
9839
14842
16308
15848
25554
25720
20364
15021
23009
26991
1652
21193
12367
2587
14285
1771
13473
12094
30044
32149
8160
26634
8861
6432
25745
20545
21082
12033
6375
8603
8829
17482
20790
29800
2595
29556
32427
29558
19953
24411
9787
1845
3755
22410
985
15385
9730
4537
28140
26688
17838
7316
3328
21589
3261
28606
15291
27572
1835
15638
8979
14286
19378
26425
26303
10959
11235
16712
30187
32127
10870
31723
21552
9318
11231
25493
28355
8244
5410
21514
20973
11616
19687
1311
21179
5902
21201
5313
246
12598
24844
29241
30037
15875
19493
3758
20466
17017
5407
30444
31483
3675
25027
14948
1450
31564
20279
17267
11127
10036
21202
1255
23436
11749
7471
8383
21625
9727
13184
27698
10281
25872
13093
29939
15380
20224
29566
27572
6583
13485
31229
6121
9025
1490
29823
14542
144
23085
11740
30635
22619
5601
12476
20310
10673
11545
3245
3322
22946
19182
29043
19992
18748
24459
5279
8139
1977
22926
5476
9040
29942
3762
21157
23493
26663
6059
26450
2353
11978
9042
16629
13509
30681
1282
1160
21090
32580
578
13706
7003
3486
9124
21330
1659
8214
3309
24738
330
19626
8309
2431
20108
13975
29137
23360
11787
10004
19376
17126
12694
7743
19715
17835
25418
28760
24929
10206
8464
17197
6313
30189
20839
32725
8681
9156
21860
3233
28030
13909
23542
25424
14973
11128
31343
22402
4946
5110
11840
8560
32167
5088
11268
217
24968
15654
8129
3136
27588
30820
17002
84
28566
28671
26792
9136
2948
12657
28377
4804
5512
30945
9818
2067
4718
23287
10241
29856
15485
16622
12270
31906
23897
27371
26244
11391
32552
27789
15026
31224
14580
22469
12663
26017
6736
2536
20133
20629
31295
20226
31461
23143
11601
20334
2811
23388
26383
31651
19531
20183
19097
27217
15004
16916
28302
23725
17181
6937
22572
23816
14501
19434
12729
11175
23871
17917
16417
28111
9446
16877
23520
21279
5517
12146
28962
9507
26723
24977
19241
29989
20564
19216
12016
23622
2515
24365
2318
462
6103
27280
13020
23489
21027
30845
4826
23987
10443
6222
7247
2524
16628
5921
29232
6255
20187
462
12611
10536
20761
796
9604
13092
4389
29236
28360
9974
3354
9557
22688
30455
11962
23754
27008
31197
29619
23065
27937
23440
27426
30590
32291
4153
11350
21399
21239
32155
10966
25953
20988
20134
2981
3171
12520
9545
24516
28969
9066
7817
26617
18932
23822
23760
17871
22448
27232
3207
15838
12070
9556
5862
28492
8819
18661
30475
9364
24249
26621
25930
8582
4628
19349
19653
4752
11728
31773
16188
315
6361
31262
23334
29176
26226
27166
22528
3869
25898
14276
11493
1323
6668
29756
1375
29778
31767
29661
30845
6967
1006
28425
13861
7924
25552
10837
7852
5216
31689
27114
30884
11922
24106
13356
14581
13984
30776
10137
4400
12460
13089
26611
14367
21026
8500
26273
8353
11579
2896
2643
4788
13766
29341
31205
23252
807
23163
3718
900
29600
28344
12569
19754
5327
23046
9947
22559
30072
24748
4422
13575
17541
4987
9526
20318
24907
12036
23883
26196
16655
31496
11150
2011
19913
15920
28247
16894
8743
6654
11374
32372
18133
25348
23664
15477
21756
18772
15220
7372
8713
25911
30447
29742
22703
31778
11733
22474
9007
4581
3329
22561
19159
6694
2775
24088
28872
24078
1576
24139
17405
27202
19541
22181
22665
6421
19128
18990
1056
3324
28479
12067
25561
12098
31834
844
28466
1788
21528
31370
15445
31808
32397
31664
22938
23442
28534
24467
24652
11679
20256
9829
9392
14126
19077
5950
10051
13651
11960
32252
11076
10725
21380
31565
5746
19507
6480
6922
32279
29171
32326
9415
1349
1147
3765
23208
28768
22068
13491
6774
4572
27723
11014
5361
29768
4265
5957
3944
25996
16422
3898
25480
18287
18681
3467
12658
18780
11635
6553
30736
28517
7918
9897
1960
2696
9472
28226
689
1585
17652
18901
24806
12033
15738
20388
10394
22222
10909
14044
21067
31211
9718
18180
2681
18857
14111
22171
17848
16413
10347
7421
23301
8484
5076
23431
6230
3237
15413
8699
1397
1558
1722
12838
18701
5442
10388
18112
25605
25673
23793
16787
14094
32488
14123
1248
1656
5882
25919
31742
28746
29247
30338
5956
2193
25949
31375
16169
4088
36
3204
682
30873
20246
7790
1260
11539
22055
6401
28195
19933
10433
9101
25522
22746
17163
10285
19348
28461
2155
26690
24314
11598
2890
13599
20533
18781
535
8454
2007
27575
3470
15444
15637
30152
13370
13048
28016
11040
14136
24105
30613
28872
9279
7769
23937
5846
18653
4452
29160
24639
27395
30990
29912
15597
27332
26028
25498
27153
12634
31009
32729
27835
4458
22028
20997
6824
31881
3904
11002
9562
12798
11125
26845
23406
19145
4413
839
5163
18149
28473
8870
31063
32715
29836
18144
9038
9271
28048
16697
15189
8494
6344
1398
6187
7232
18454
5698
2273
25355
8750
4306
16876
29696
6219
7109
8313
1130
25633
15694
14336
10155
8722
23700
24092
31689
23460
29273
10394
32554
5683
11482
4559
29596
14819
2807
14127
29337
25817
12948
26140
5832
32427
1599
27388
24262
8212
15891
22158
11559
8941
2012
11646
2488
28248
29308
13879
2055
21311
10381
22776
30502
3325
15943
17962
16043
14938
5796
22257
3323
25277
9155
23553
15049
23453
1674
20147
2009
8761
20880
6231
5386
32137
29498
25548
16275
31860
2852
11599
16781
9283
11970
1169
15282
25430
24903
13580
3172
7189
17093
18582
6129
23594
14998
6199
26133
5102
8444
24376
14528
25120
11268
1148
26
18397
9136
3604
20420
22732
8532
29453
14689
15258
24129
16268
12374
3750
21921
16158
23245
1277
15778
8521
29696
20360
7127
19559
9140
9860
30939
21172
28419
1843
30519
15781
9823
31185
20869
9083
29908
29642
982
15129
29837
10794
9298
25106
27802
26709
12062
18695
7153
16120
18819
14896
13746
7999
16460
11832
29359
13897
17775
9038
23595
7385
12528
27257
13282
12110
18691
24363
7498
8661
21873
15642
27673
9437
572
2123
15367
11723
21894
15215
13781
14319
15535
12403
9614
4535
29886
30547
17933
2595
20994
3887
26047
4729
11001
13728
18602
10298
27248
16460
27566
6996
3308
13496
3339
1177
3401
4702
7716
112
1185
768
643
459
367
25915
16412
20825
23028
25951
1238
3324
32218
6270
9543
15229
2840
19907
30911
18559
10773
2565
13961
31921
29968
24988
14445
17992
28351
9332
18041
26029
19510
4192
20482
21106
5643
32176
13797
27787
25784
14853
2578
19899
15424
1380
26700
20300
19222
25994
19498
6147
4154
17279
2146
18003
11429
1902
17222
2769
25575
9908
7311
18152
4111
22583
24666
974
3275
25337
27504
21942
24016
15085
9418
32584
5244
24585
12373
26958
14522
13212
16114
17072
14631
14306
8129
23714
9843
28117
30367
5916
15881
17735
15341
29066
2034
21294
27028
5062
3062
16959
31045
25411
25093
12734
6150
30859
8662
30356
13034
2283
30158
29346
16671
6252
21795
30293
28462
2054
10561
24698
3967
21521
25197
28756
29724
5884
16296
32236
5558
9281
19926
3241
11245
20376
25119
27680
6860
13420
5014
23341
22931
4491
30744
24899
14010
3361
10359
20992
7474
29927
20440
12037
16110
20120
19034
23556
18594
19621
5881
22810
715
31529
8369
30560
1007
14623
8934
15293
22566
20947
11523
25598
16857
19094
2402
16936
30666
14518
2924
25100
1108
13229
2305
11549
10741
14233
794
127
28937
3052
16812
26976
17112
613
26320
31627
13779
8767
15650
30266
28443
5032
17766
11052
15683
24436
18290
23544
20567
22291
27208
417
13085
14528
6018
12906
27034
25596
11763
6636
22744
12859
18315
14181
23527
18397
5755
22099
10786
29023
7578
30018
29363
24787
18439
3810
20826
24461
9232
31068
106
18464
17747
20454
27668
23689
4643
6806
2791
19625
46
10355
8088
249
1116
20434
18431
32121
14842
2272
32099
28905
1303
5755
27127
17468
13358
12614
14244
15946
25862
26876
15369
4037
12503
12292
9665
23406
25518
17734
3812
3720
17170
28734
6352
7565
10216
17230
29993
31009
28564
22617
30
20292
2145
15245
20462
27851
7459
30848
23979
21265
9243
32127
11071
21994
21786
18723
2732
21976
19177
5668
27288
27266
21481
31090
19464
4449
13815
9858
17772
13501
27026
19942
14044
7896
4160
18977
5025
11625
10797
3769
25847
22859
20246
3470
27153
26231
28261
1641
31070
20528
23198
29912
1803
17789
9209
4154
29897
18908
1617
4630
3792
20021
28220
14001
23075
22029
22908
11231
6166
31996
5782
25113
8974
28769
10176
29648
2185
12628
19712
5889
1118
13020
31123
19722
16709
10338
14476
17596
665
6246
17597
8881
7005
1905
22490
9183
22142
20299
29916
20078
13399
30317
12708
9415
8570
7097
17377
3822
2734
19049
21811
28177
29236
19014
25233
3681
27215
16410
10984
27424
6403
12903
28932
30971
10524
18009
5300
27291
19570
18682
18217
9079
13164
22693
24224
19692
7619
17085
3393
16783
26760
27038
32582
17090
15721
18132
9311
11397
18224
23948
10325
7055
3980
12615
24302
14750
27156
5334
10002
9227
4233
25986
2347
8353
21595
1675
5330
5295
2415
12500
16807
29276
3616
27356
22400
4155
5252
15600
8647
7967
4336
30111
29213
12849
29118
4719
13891
3391
1101
8398
9531
11607
11082
11083
18346
16277
18990
1798
24449
31289
2568
5477
29404
3068
23421
19977
32299
5541
23053
9473
4495
25047
29848
8509
23943
20269
32544
14149
29387
8329
4560
15403
14712
10152
22845
1213
25454
32250
15341
1280
24054
16305
30998
986
1705
32024
9383
14095
10125
22055
9356
23407
32384
29780
4910
7501
21466
22187
11066
25906
25678
9249
8356
23763
8721
30758
2795
16449
4414
23929
17566
20320
17274
27456
25631
29594
14036
14424
12711
28116
7150
6378
16010
8353
18274
23103
445
19126
21087
28885
7573
17823
11923
19634
13009
7344
12622
18424
25819
4157
23012
25530
29515
22798
22355
18190
3245
16397
4389
13411
16004
24130
14232
26901
9871
6401
7933
6975
18762
11874
27230
2513
12728
26098
18787
21218
15968
14760
19830
1095
16277
2843
6694
6756
19195
14577
29897
24898
26695
10395
30566
27618
31558
6208
27346
5585
3873
19702
3096
17149
26335
28984
16670
20935
30507
14229
134
29529
11608
5541
28883
24122
10146
11073
717
3871
17079
10739
2854
3077
8310
20652
8029
23932
3062
20405
14819
12870
24266
10472
27005
24864
19331
24608
4073
15584
12663
4078
29636
28352
24001
13966
10667
19194
23945
20249
6305
21397
17798
2811
7600
23934
4800
16296
4819
3034
2203
23691
15636
5531
12305
32063
26098
2385
23615
27650
9221
835
22563
10343
5861
2495
8612
17995
6727
942
21970
14601
13417
32107
12912
24306
17329
12246
20656
24823
12177
32164
32061
15017
8365
23289
20862
32356
1088
21304
29210
10694
24251
8474
5815
7782
12720
3325
16136
4803
30959
1407
14598
3963
751
9804
23677
19646
10351
8500
8139
1025
10076
15745
27108
2551
9462
24967
17818
17597
6959
23164
23068
21077
13651
22154
19644
29525
24558
17699
28661
3552
4075
4501
25516
23766
1273
27614
2742
8008
2867
5057
31131
23599
32767
23065
17049
3677
7734
19566
17132
19635
21894
16070
21837
17045
12565
10173
3513
3227
4455
728
25203
19849
15746
11543
26188
3970
3920
28617
30754
17784
16196
11684
2983
231
4928
26133
28515
12227
29879
725
13309
30383
12815
9149
6326
31599
28489
23771
8502
13216
2531
6853
14475
2982
29693
8493
1391
31207
19132
22454
21449
21047
11244
22790
14199
28050
3817
30749
19531
31249
9407
12261
14163
1815
912
12554
19806
8651
8502
523
699
5580
24874
26002
2116
9760
14756
31489
14748
21101
13316
19789
16564
31851
19569
17423
4756
409
29888
10968
10584
7471
16023
17093
8056
9812
28882
4692
4173
32402
3109
26486
25041
17543
771
16358
23463
7901
10431
3000
12123
13180
7154
32309
21994
7933
12316
24806
26245
98
6798
7407
19090
27909
26247
28319
29428
24783
29853
30532
29324
32426
2398
8516
8703
13625
12088
2665
12474
7110
28566
26749
18228
7036
10060
7191
7795
14550
31285
26036
12498
4439
10778
28937
26625
24956
21718
10904
27725
9967
23992
4994
31010
13053
1577
1948
23246
16714
31119
10692
31111
26307
20593
27254
5552
27861
20187
23706
6488
27868
25092
19616
8964
16351
8494
19919
11694
5754
21966
12762
31245
19739
20205
7861
7447
20594
974
13990
22469
9762
18897
1695
7190
28093
8599
11979
25430
28143
24423
31079
14752
505
13008
21459
8866
31585
20880
24041
15264
19432
18869
909
16059
3005
16130
21637
19316
12272
6036
3724
6252
1321
23494
3489
29293
17050
19793
5797
11438
18738
31160
12325
26195
25364
19427
32117
18740
5959
24841
20478
9695
26031
9428
25304
4320
32572
30912
29852
25920
20065
27333
13171
20555
25544
16181
12147
19094
6980
20967
18220
8769
3335
4757
17021
31354
7957
8323
4013
25666
19192
18785
22198
29812
27573
28531
22244
31491
10240
6895
17055
16259
19628
15015
3461
26347
11109
22503
24765
26265
20897
16801
10631
10390
11220
29383
30231
17692
26851
14329
5283
30037
12764
22624
10427
9062
2532
17882
10969
15276
27249
6231
1593
9029
28601
22659
18666
30675
10602
23973
6694
31868
25499
17094
27359
22582
31746
14103
5274
2369
5992
11661
23168
12788
19291
12238
178
8893
4131
22608
28126
17764
3831
14271
2832
19855
8304
10656
21962
21131
3901
23605
22614
13897
29465
4000
31835
32167
14330
20554
27567
32241
9611
12422
29548
936
31453
17778
7494
22146
29273
27422
29467
16049
16890
5105
8396
28520
27577
10056
26700
31388
29256
13151
7158
12808
17922
30325
4900
6515
32291
811
19709
20021
12852
1070
13710
2040
1994
25365
16669
5820
18544
22157
20921
542
5090
7091
6934
11737
636
24257
30872
10125
19441
5869
27054
447
17984
22926
10337
24609
20708
26753
3629
6420
75
32715
15119
4204
7562
9855
13023
12147
20047
1763
25824
7728
30999
4558
20886
8681
14753
29012
17111
17638
31138
3749
18981
11128
442
12083
31035
14906
5799
27923
2278
29079
30393
3750
25110
8844
19333
376
15669
24751
25566
31848
19383
21873
18945
3338
8179
22688
2576
5193
18225
29232
15554
30289
18948
10554
10840
428
1754
17477
6611
20906
6865
24261
8292
12295
19660
30689
1316
14792
11975
24185
3333
19302
26983
7784
17160
30766
26069
21254
4273
4328
18893
753
15033
32183
31218
26894
5634
28480
5733
20170
2256
11022
9621
23462
11317
30517
24921
32242
8653
26934
23100
20696
29100
7203
25879
9117
1173
4612
1766
1572
3692
17528
21204
32436
31982
10400
28312
19706
16032
10808
12548
24146
30213
25095
3803
22338
27924
2938
18916
22087
23785
32140
5692
21461
23995
10984
10736
17305
4878
27986
27339
23297
26666
8259
11885
8446
28875
20179
16541
11017
16922
30940
9185
11108
22492
13149
16459
13474
23018
10268
29845
22121
21985
14480
15729
30583
16666
18429
26394
4323
22237
28897
32047
11941
9937
10639
27841
22873
26551
7194
3243
19776
25176
13684
33
8840
2236
12247
10124
19149
3485
7268
5013
2015
4123
12299
11904
16326
12210
22442
4028
20995
7272
22393
11704
21017
30539
31141
25080
19276
5914
4155
29543
29097
1347
20040
6895
25670
18189
15423
13895
25803
18199
19354
7436
10289
29441
19908
19476
9418
24937
21047
23295
386
5145
12257
28686
2660
10878
15821
9785
20064
6237
32511
6523
19019
13505
17824
3441
17703
13624
4443
25123
16805
26942
11526
19234
10472
18938
20357
31955
4748
12840
17387
17418
19943
21079
23779
15322
4238
13652
14159
5548
28187
26854
4142
10127
32046
7867
12739
13519
19890
22947
15348
9417
5218
31484
19440
7165
12171
17517
18196
11109
26899
8664
19728
2566
6586
20361
5445
3268
4512
12468
15218
20602
27144
27166
16272
19018
9307
5402
15610
12850
14960
7863
7377
31712
1034
10040
18335
20936
5538
30148
6714
18035
31847
21599
8684
12314
31620
26649
25552
25203
11937
22917
13183
15051
13740
24941
23788
12885
19929
3524
9613
27330
31719
21212
26812
26897
11174
15578
21340
29353
26806
21862
703
16549
5265
4519
2759
32111
15819
23662
10060
16528
31897
4273
7358
31942
30865
30780
3084
5207
31664
8867
15812
1958
13985
10363
10363
29188
6716
11977
13935
18632
27214
16059
3691
4258
28056
17814
25579
32044
24346
20720
4737
11970
1169
23327
2167
660
3646
15345
17590
10489
9193
4510
27622
30215
17190
13818
14551
8288
21207
5103
19488
25166
4082
28971
7942
12563
14212
22
7583
32378
4598
19975
11319
14514
17295
25015
7154
31836
1595
7670
21171
11491
12427
15516
10813
26380
11772
30147
19096
462
19580
10035
951
4451
810
4126
27223
8351
5726
29966
15402
5249
15593
16411
20277
28168
10910
29025
4214
24135
9233
29617
21963
24764
32670
10631
1807
20446
14253
17980
25222
10229
29237
18301
24699
27694
8575
8956
31271
25071
8749
31845
22485
5736
31354
30612
10820
25195
7875
31493
13133
24701
24391
30348
16837
2349
25387
582
9381
27044
21697
27087
22888
10366
8969
30645
31157
19672
31864
5421
11326
31658
26361
4613
7400
8024
6450
10458
16428
11651
30984
5003
26045
32549
25445
17389
24171
28381
8504
5313
14663
12679
11710
1763
23560
7440
12801
24260
31405
20872
22942
13849
12900
30841
25802
21973
19371
3704
7063
27733
26549
27385
1652
29659
7439
31336
4083
23870
18307
24181
29648
21216
3901
26799
7982
10207
27436
9044
26147
18320
8875
23655
12919
14633
4705
26372
4009
3005
14437
1777
14387
15982
19366
14965
2063
30942
25227
22125
30842
10214
27862
10396
2296
21131
1230
5187
14744
15149
23453
23793
31353
8450
17655
5021
13453
13763
9724
23026
20381
7077
19296
28650
22926
32651
27337
16286
13026
9082
21368
23389
25730
27981
4652
8699
698
19882
3139
32107
16773
4916
22051
28560
7691
32258
18648
24913
16744
10065
6910
26604
175
4469
226
29836
7726
29718
6116
8733
12276
6296
8480
5471
20369
23259
20301
9017
30493
8741
11236
12625
12156
26204
22405
1241
29663
5497
10648
29612
28302
27961
29488
11161
29414
7445
26932
1022
22685
17525
31168
3481
7246
8481
4297
21660
26929
504
4096
2303
28713
20964
32249
282
12293
20237
12429
19059
4863
16973
30333
15573
1417
19173
1111
17314
27210
4718
10398
20841
3939
32018
2853
12731
2294
10747
31676
11579
5353
22540
5134
13301
27623
719
12490
497
9128
19375
1537
29191
1651
872
21200
29428
993
26555
30782
21166
7907
26982
30567
21493
32006
3667
6875
16939
31478
17424
20289
30565
27201
13951
28480
2242
23646
32463
1695
3324
7918
16042
20650
12604
19777
31664
30168
4147
6940
20261
19628
32614
15546
15846
8665
18121
4112
19618
19369
30352
27478
9286
3231
20290
13506
23225
2396
28687
10135
13258
21951
16227
27230
28263
23888
16827
23155
29199
10975
21176
12484
28809
21352
29809
25558
20439
2106
10510
27401
28774
5208
2707
18204
9095
18720
5369
29683
26147
7722
22147
10136
13225
2163
31311
641
1356
19643
24876
5393
20844
20779
15531
24160
8017
12859
24697
10303
799
7891
15851
25719
5638
16304
15835
28498
16058
11786
27827
23389
24099
15732
11463
10859
13397
7427
25320
6109
4546
5042
20789
22561
10414
23557
5173
29049
4836
25325
30243
4606
24488
28140
3209
1764
15852
27769
21521
14591
5831
30886
16023
21126
11298
19200
26498
29208
4021
9655
25173
3836
1586
31487
22401
29357
10943
21173
25470
27542
26282
13126
27673
7450
4440
4557
24592
4311
19583
3451
5340
27948
28821
31292
14030
29944
7561
32407
32605
13477
17328
18646
9663
102
14594
8040
15798
10172
11910
20611
30893
575
6667
17678
32003
14747
26649
15037
18343
29913
2599
27006
19429
18656
13582
6164
17791
4667
25534
25601
28928
7196
29232
16554
7757
14497
25756
29110
20861
11863
12011
1207
26090
7933
4207
3596
26504
19338
22482
11526
5750
22897
9036
6985
18643
32035
28953
19317
7891
11733
5163
23302
15634
18052
24860
23417
296
14391
10086
14001
25725
12677
19158
12952
351
24406
4414
22537
28241
10990
30827
16622
25510
6439
10326
4517
24399
12029
21918
8617
15090
32592
10294
5998
26684
17894
31323
31628
18295
13232
970
1824
19551
20558
17711
12655
25905
5332
18400
16589
22534
9167
1483
25278
2655
17027
3502
3930
26369
30583
14214
15350
22019
29236
32073
8448
31525
8265
19415
5931
11875
5010
24622
20428
25290
7610
1246
27780
28555
17663
17342
14880
28494
30261
24540
4797
10696
6158
11194
11056
15248
25496
4023
20389
28718
9735
21707
21381
629
20405
1911
14494
14100
29799
1788
20862
1383
8402
5324
25375
17043
10590
30782
2506
721
22057
2693
25909
9482
4175
16099
20463
15525
29801
31514
9725
19869
28243
21540
24262
3798
16947
803
32300
9905
9910
9883
8444
5598
21661
9183
10376
17521
12153
15561
18834
25912
27570
11694
620
9036
21966
26513
15454
19943
7920
14999
7240
30325
21151
1211
18056
13550
22985
14531
6686
1634
12040
20851
9998
31190
10275
1280
25606
8014
30936
19656
26433
27947
21209
5439
9899
4023
18196
10797
838
22271
19511
13079
9164
14049
3700
21498
25238
3429
27778
17984
21180
9041
17892
32236
8318
6903
32365
12056
20707
16722
23300
18337
9375
30033
7077
12577
8762
6515
30376
28445
2927
17300
22854
28032
16851
7943
4441
4936
24247
13540
17507
28032
590
3747
22482
1646
7699
26346
11906
15629
15973
23716
24452
12478
6004
23635
18974
5434
22881
13223
11026
715
4001
847
5923
5820
4003
783
32470
30733
15026
19475
8054
5228
5916
7555
1370
10593
1172
20311
875
28105
4053
26477
17376
28549
10632
1240
22092
31091
17512
5500
24283
5533
7844
2520
19160
32689
14980
31522
11891
7090
19024
30617
12226
17644
4974
26903
8965
2349
3274
18917
15406
9266
15483
7124
31137
20320
6307
21897
11320
14773
28566
14873
16522
15357
6975
20182
11629
7497
960
25448
11193
31645
13657
24607
6991
11497
3467
20103
14682
11322
17277
20541
3029
26418
20382
30722
9806
32694
30348
14606
11241
21990
31541
24742
12967
28242
15420
19953
27624
2154
16542
23560
13871
31031
30613
12876
31782
7753
12220
28412
1250
31985
2420
24583
6503
25008
26759
15902
9071
5102
10508
7694
10599
29167
7051
3149
19387
2308
3169
1746
10067
32254
23141
18730
16734
23016
24779
7881
24654
3830
14409
12190
30243
18872
4985
31466
32749
25235
14975
29777
32396
882
27115
30514
27835
21945
6369
1076
22093
19579
27255
32033
29877
24300
20062
21240
29900
18201
5317
23101
18895
6358
31098
14740
12711
17656
27218
9870
20078
23749
3276
25795
31022
10665
18161
15137
12780
27947
20350
21379
20709
23838
2373
14469
23831
12316
11729
26007
11267
20016
2889
7505
11954
31187
22934
31239
4086
1306
27336
27804
2034
26413
15030
7579
2268
17915
8677
25731
10498
18476
12204
18787
28171
17239
28565
17575
23936
6774
7685
12594
30347
24727
4128
9389
30974
5076
21223
8734
7574
1156
17827
23228
9090
15539
13191
28930
22303
31696
12433
29186
30214
6822
15793
30972
5192
27534
30765
12591
26360
27362
22596
10735
6122
21428
17170
12536
1723
27840
29619
9986
6929
8608
32683
661
3108
15423
31365
29983
16766
21136
31931
26180
12543
15488
4566
14709
24099
9769
20950
4548
24200
4680
10708
2038
1962
24817
6118
1754
10737
11905
24131
16858
31983
7893
29096
31184
8418
26809
9978
1051
22913
13731
25644
18417
26101
10658
22627
9718
6693
10129
32600
32270
7478
9616
29694
18288
29010
9653
22118
28413
10409
9982
18655
28623
27574
8842
18529
23060
13508
26889
25644
15389
25776
29810
6316
8626
5360
500
20896
7593
19156
2094
22395
4535
28684
23970
11274
10373
13419
9063
6744
13830
15595
18463
32207
29193
17392
14121
1183
16650
3793
2072
29028
32590
23700
16995
8195
559
12793
2397
20948
17332
9915
17512
1287
27748
6162
5990
23360
12124
25724
16241
21381
11424
5309
10188
23386
19887
5668
19225
31530
20570
27153
13516
8681
29653
28340
14047
21496
31759
9495
10184
16713
32575
6239
15528
1731
12735
19023
21445
7912
9246
18701
17210
17845
10097
21033
32749
21449
19433
9947
12482
21706
11691
30092
526
23813
987
31896
19791
25172
9722
19027
26906
7237
31603
15946
13652
12152
2416
12235
14245
10313
4850
23975
23594
2223
32545
2870
11882
28004
31201
28316
7820
3655
677
21579
9927
7678
23944
7113
25881
19679
6810
29108
32060
29457
10103
27395
22230
9710
7967
25998
3056
15532
19457
20945
7081
2109
4185
18924
13611
17011
10428
6639
11999
30824
31985
7509
32221
29725
29443
5582
16807
26977
30868
24386
14358
27125
13940
9490
11668
25837
8819
31905
15756
13657
25459
2323
30495
1061
15297
3156
14873
318
28069
2396
24611
14326
20023
23474
1594
682
31349
26671
2655
24994
25235
19205
4496
14648
8082
9984
10744
15165
18196
31243
23907
32664
12655
6901
18420
4144
26112
17525
1818
27661
8642
20844
5312
17850
11294
3691
25284
237
28165
17525
19115
13161
32573
24838
9619
11556
7672
24403
8296
19365
17579
22228
8283
7345
21021
21248
19344
5158
30655
22616
2583
22823
25147
15014
4894
28281
20559
10375
23141
14893
3036
4135
29170
12416
31034
16716
13317
9727
12495
28822
18766
3311
22240
5
24414
8683
9638
12475
9052
19407
23973
8707
21753
13013
4153
16787
1445
21246
30834
4366
22532
3508
22049
25805
21403
32429
32563
32735
8400
6162
6974
12622
16657
18913
15706
22180
5971
14480
20530
26542
21694
18163
2139
28544
7590
30559
20708
5817
31422
26640
26158
8969
27272
28360
4861
4080
10000
6073
17360
9416
29658
2981
25710
11269
2073
8516
15298
12220
26913
7654
14824
24418
18719
26969
27784
727
15880
14605
3427
7842
25807
30326
24363
11647
17627
25778
19608
4887
1976
18796
32184
11278
22797
7424
22407
8002
718
1503
6591
21586
6578
9014
3825
13150
19944
27338
725
4622
13318
7718
29407
29142
6722
6905
11538
29560
15844
2746
20761
9162
29947
13709
26516
1465
8271
31850
944
32142
31128
15996
8954
368
4589
11719
16245
13098
5247
22286
18409
18223
8583
24820
29311
23771
21885
18017
7563
11260
20619
4135
12969
11153
21057
20966
16395
5586
15754
28205
15377
28016
6367
26081
10010
26653
24250
14051
32667
25167
12878
3565
15470
16449
19573
20413
16748
24635
13546
15734
573
532
7096
14403
18287
18421
26354
26685
18886
13407
18597
19087
6099
18800
28939
27351
31176
11618
12545
19408
18315
30804
8379
17199
25865
3917
7863
19658
22733
12414
15087
6399
12497
5319
25171
23124
10644
19069
24182
5723
19308
11627
32136
32217
29214
8214
30340
4134
29356
27206
23978
3543
21358
24769
15664
32411
19044
14938
9781
20067
30155
13866
19958
17862
750
30494
2884
24995
14143
14514
18486
19976
4006
16635
15387
2130
27161
13291
434
27798
28013
11217
23966
12864
9068
15135
18708
7162
31015
15216
5335
24272
6542
3529
14438
1169
22077
12319
8563
19832
4761
19482
6040
21771
25884
8985
2118
32324
25325
31606
20222
27375
18868
29451
19907
595
31660
23285
27087
19220
506
151
16517
7256
2365
2018
10407
27177
3174
15060
21449
12571
8650
29247
9221
17710
7797
31692
2545
2037
961
8511
32462
18936
27432
13565
28418
23384
25687
18379
10441
4017
31107
27608
8999
14660
19968
10494
12577
24406
2832
1605
29996
13267
3833
19625
10470
3127
4698
26397
3332
25006
14270
975
5515
7290
14706
23214
9796
11926
10644
15658
29545
16793
30829
21306
23205
31708
13569
10660
18492
8415
15331
30073
31877
4329
18510
12510
17825
27631
7026
29970
359
23479
11788
13741
31646
18750
8249
16678
31855
342
23436
10904
6937
3219
7006
198
10471
15976
20325
30300
18528
16270
3209
24440
1213
6053
32754
10344
32160
31262
6246
10678
31490
23128
22994
32097
32109
2825
3878
14702
7788
27872
20070
13215
21825
28777
766
12931
29653
28464
29271
12207
28661
8233
28327
3914
19642
11087
11277
28879
14409
8332
27613
32014
12733
21977
29241
21876
19298
28838
31201
2189
23844
7804
6731
12231
15175
16609
21495
6777
17752
4220
14077
10787
24931
31609
22504
17400
14182
17199
1734
31641
16646
7424
31872
23332
385
23169
29288
27757
31204
23771
22545
26507
11646
22386
7011
10903
19092
9668
14062
24240
19286
14483
31359
28226
8978
24134
16881
12424
19368
27277
3654
28240
18238
324
13559
9215
27188
2202
6535
9428
346
1650
9566
881
10337
27913
29141
25495
25744
6873
22670
6449
22456
4542
24070
14484
8042
10584
10861
31749
13415
16560
1205
8827
24152
13086
1001
11175
4032
5226
27328
5426
15918
30769
24946
32070
2743
18570
458
20047
20131
28650
27004
22531
24679
23109
18106
31136
9428
4470
4866
16756
16525
30945
28730
9635
32190
27735
23550
14885
14859
17978
11577
2062
28871
4321
4082
27154
13671
26429
29545
4680
12854
18621
7779
7470
32586
25712
24002
21998
26038
8042
344
4063
25345
23144
6909
14671
215
15031
13279
2944
21759
31313
27674
31728
15757
842
14473
21213
11609
23146
13019
2825
7343
7452
12265
24251
29256
5766
4166
9734
30841
12282
32536
27213
12971
16525
4903
21255
9995
5
1588
20416
28803
8441
30348
9056
11496
22067
26333
13488
7029
18265
28743
18458
32632
14541
23222
1713
6987
27345
3952
30321
22406
29679
6634
18375
27251
6808
10976
7252
5058
29195
20900
10990
16510
15992
24503
25831
11072
25701
10902
146
19619
26450
8150
3332
12279
15256
24435
29464
58
28567
20582
1974
24900
28688
25461
4948
26945
27600
30799
29372
20068
6799
6360
13584
7386
27415
32450
23308
2301
23721
5981
7052
12747
1948
31152
20814
26518
6471
712
30200
19196
18209
3152
20061
22554
32039
29026
11260
12797
19326
21917
26569
16985
22362
25208
31281
382
21278
28373
21592
31367
16837
17626
24229
24533
2432
31228
16512
17340
6560
3420
21850
18811
10167
16471
29422
25202
18426
23896
25799
27535
25834
24817
16643
16138
23092
14635
31318
3666
14037
3866
21330
6215
27265
20148
5861
4009
25158
24803
14883
17872
22637
19416
19269
28062
23457
11683
20978
2739
20819
17664
1214
24799
30556
31860
30705
30685
10468
11161
10633
1854
27267
694
3714
24227
423
21651
1364
7727
6966
12940
20926
21308
17780
3811
1474
19789
16678
22875
31729
16196
28152
18946
18152
214
22044
20046
14875
1083
7476
19563
28625
21546
22130
12500
28784
11780
1533
31265
24315
3152
20887
14111
20185
13671
9342
11046
9944
8816
19087
3239
13681
21135
18097
4613
23118
24154
26737
16550
26889
24461
25834
12873
10551
254
30440
17562
6053
19155
19021
26371
19681
32498
14003
31430
11516
6585
3410
31049
17551
19184
32292
21680
30460
31483
22600
18097
25078
12372
10661
420
6724
26937
463
30682
9665
15778
23598
11568
22184
23926
30045
18148
27662
16126
4048
19879
7088
4506
27578
22003
26863
18611
30253
670
27929
21232
29571
5552
29930
20909
10494
882
5971
25769
18859
15303
10617
24062
10892
7615
13313
29271
501
18794
19851
14685
13879
17386
32380
4722
32636
8652
4609
16802
24818
11161
30801
22742
15660
12455
7730
16715
2501
31797
23998
31043
26182
8375
27751
23035
6729
3439
27193
31196
16095
8765
30303
32501
5936
13752
27881
30121
23649
16765
12748
32677
187
10440
11562
28438
11785
19777
23764
8728
833
26136
7950
12913
21863
19795
6802
19839
30639
14183
26583
18543
20194
2310
24466
17584
13314
16185
12926
30887
27185
7598
11864
28837
11215
5971
21550
23574
4835
9508
9178
15099
24764
32576
16586
32666
26840
27715
21506
30835
8964
6864
20323
5751
10437
14701
30253
25461
8695
16532
20163
15573
25780
8966
25006
9864
19575
22627
27109
19007
3201
30200
23115
30427
380
18904
23674
13349
18015
11310
11455
16064
4241
31441
30565
92
5969
29465
6967
22571
2645
24050
30016
18329
23473
16942
6613
22328
24827
4384
7894
18425
4013
358
23344
25762
22730
3078
16294
1916
26565
16317
11474
10316
18590
24211
27238
1669
14670
31155
9144
17340
10853
32634
3454
604
13042
28622
6357
23707
31651
10929
22409
18349
25901
3349
30096
14135
28142
20466
27607
5382
6865
23959
20546
24833
26483
4414
26350
3420
388
5346
22713
27407
21359
20821
13060
14983
8765
9357
5303
13467
17078
21054
11398
8129
10698
25263
27763
17794
23600
25542
5780
23595
333
16484
1815
14534
7511
8697
24451
23880
14010
4175
30528
14092
27323
17322
13658
8576
13659
23827
14210
287
28798
30961
27222
2719
20044
20441
30434
2667
21208
22951
10598
16467
4351
9934
13657
9090
11924
25580
31407
8881
29626
15266
12376
13467
27024
2722
6153
19633
19476
6665
7998
2062
21313
21488
4480
9901
6011
9789
16355
9434
5421
1983
16852
2278
5041
21371
13073
14623
29552
28224
4857
28159
10058
27266
10502
5284
23864
7781
4760
13696
6703
24599
24052
13138
19784
23651
22156
30293
7711
15235
26241
22455
31352
2102
12646
24908
10025
3347
19527
13700
22580
7197
14057
13211
5171
29847
31316
11279
26361
15130
4239
14679
10102
14308
31147
4306
21723
20339
8706
24574
20223
26963
32193
2538
28161
14644
32164
22766
15664
7743
16641
30873
23847
3242
10504
19435
20796
13706
12617
29636
15388
24809
12663
6557
20399
11801
27755
21110
29762
11847
4203
11791
27364
3411
3245
18011
28432
15584
24599
25394
7053
21927
17737
1606
5779
8976
24541
29528
18735
3331
20205
2220
9704
21499
18646
31674
17059
21341
9276
20006
18884
15881
29263
3826
1686
2350
3660
15347
4333
31074
17990
22401
23562
1522
294
1651
11454
1654
1521
19019
15059
24233
18505
11181
423
7288
24119
26902
1050
15449
807
32202
1962
2014
19508
5390
2781
17034
29094
15768
31456
6371
20921
28996
27757
1480
4257
17672
23537
8709
31178
21802
14575
4645
1636
16816
16543
1672
11551
20249
27612
437
24371
32586
29757
22768
22180
14027
13441
8976
6596
16947
26672
2443
22521
20449
3711
12243
960
12781
29812
9445
19954
31838
10828
4894
26183
21406
26650
8785
9496
32555
9648
16408
617
5262
27074
16999
32294
20113
5193
6247
23981
25773
10278
32129
25229
30402
22536
25272
24205
24843
23183
573
18673
3152
18866
20797
14584
3677
4446
17406
27049
11956
12639
6186
10959
9087
22148
6507
25411
6856
3838
5175
2153
25580
7690
27374
12029
19789
13008
290
6416
2632
1674
28981
25933
13671
9704
16426
17281
17111
27059
949
21083
30492
25266
11924
2672
13827
15562
30498
23169
15832
23912
3114
22785
8922
16676
3065
11986
7916
23710
29111
8016
2445
1196
27895
20880
3082
8632
22412
16105
26098
12899
15774
27316
21963
24942
11262
18257
31235
13019
14519
27755
15914
3151
31206
636
10334
7355
24267
1939
6918
26427
7967
20821
24259
30015
13480
28737
2211
29672
4876
22585
4248
16565
4579
29246
11305
10590
15631
31612
16744
25344
32592
21894
1572
31867
23315
11234
8031
20504
9611
4808
21762
14448
30723
807
11728
3209
19315
22505
1945
10049
29265
12408
32688
32240
25769
23681
16287
2633
4720
13560
536
2945
12310
1628
25647
25268
12634
28732
22215
3716
26210
24058
17482
2563
28427
31951
16030
4819
30846
21263
18772
6795
30980
23726
5154
26461
24091
20740
14739
10230
24777
30157
22013
32422
29744
9076
2740
18369
611
24209
16765
8005
27512
10928
17477
27068
31454
31316
32019
25700
18161
24635
29244
142
11980
26084
21206
3652
27230
11087
10094
31278
24769
13316
31486
8887
14534
1366
4121
2155
22485
31209
30313
23971
17140
28274
5211
14693
5669
11198
31001
29062
1525
12790
2745
24593
8018
18721
25779
6125
14749
31466
31385
19641
20224
22947
21250
29179
12034
14475
28360
21882
16216
14668
12403
14568
16126
21192
22516
11972
16263
13589
26263
15999
18610
11974
32563
5086
23101
30573
5795
15775
16382
862
2170
16223
27695
17589
25587
31419
19466
32154
1319
13238
19094
1987
20099
13402
30144
13627
5752
21411
31149
11874
7540
25496
26191
28982
8210
19131
29494
21968
22926
19619
13737
15409
2683
17896
31990
18239
22456
24383
18694
18699
5536
31718
3892
17493
21377
26435
16735
10066
15183
1480
19262
9133
6554
3353
31220
18379
8638
1905
485
15699
16986
9794
5831
20718
7683
10267
18940
10059
31801
21967
8991
17255
18073
23252
9949
16907
26197
31977
16390
28310
5602
30459
16099
5372
31472
31562
25291
13583
7327
8392
8689
31485
2544
16321
9088
8474
17529
449
8170
7904
17246
10419
7036
18740
8828
20806
12087
18411
20967
13461
21467
1165
22935
11526
25412
30297
1374
626
17401
28553
3357
16775
29443
20439
3384
8811
24571
16447
25415
17058
20327
23559
17167
13874
14151
27389
6064
13317
18922
4352
1311
24974
8966
5825
7639
432
19208
12235
8396
2779
1193
25025
21409
26744
6338
28903
19738
27527
5217
30180
17364
11910
11548
199
13620
28821
16293
27975
30877
11225
7327
19535
4838
27422
6064
1722
24075
8896
3288
7515
22818
4299
20481
10816
13457
26721
15063
1847
28287
19548
19673
15762
5000
23861
4528
9000
30645
24101
16832
18588
31659
13705
20734
7394
12834
19595
24577
27134
31129
4607
17243
3855
24136
9355
5417
7053
22615
26635
1257
12239
14925
2611
22924
18128
25547
14966
22988
19762
3194
6439
3776
10627
15170
8671
5294
6592
15805
5406
28192
2583
13291
9525
3386
18673
1063
27235
1866
15408
19289
25150
9889
31669
7534
32340
20130
29990
10757
1555
26136
31982
6507
20454
15309
28805
13770
5537
6488
19953
13469
26655
30774
25741
13415
1577
3356
777
17061
6810
7564
18098
32257
9665
21415
28659
10440
5639
1090
24604
16286
21458
6971
9315
26737
17577
8717
12841
19883
2456
5283
14462
14764
31958
30826
10982
1655
12965
27050
26973
13739
378
4886
10650
17590
21854
17314
1425
4421
21140
5780
21307
25086
2940
25054
10649
26482
19895
24235
14071
18765
19084
16440
19566
5072
7818
11493
17068
6530
31855
19852
7160
7458
32585
26385
1904
22495
26587
12858
10645
12236
18754
26049
19978
12942
26841
9896
26265
10327
21849
21197
31607
21273
31045
22974
28873
11763
11397
6094
17766
16624
2384
26473
11999
23792
2128
23716
14013
21478
10241
24344
15625
324
9051
5617
1042
14004
31664
23106
10602
24841
22999
9116
12338
31093
2698
8926
151
5884
6669
32590
157
13352
21264
27113
10780
31999
9431
31480
16903
14642
13464
3556
5364
9879
7717
3915
23769
22489
10186
29011
13332
27503
28025
14911
14767
11978
18212
24896
19169
467
28267
28045
30168
3732
10103
2997
2485
10549
28966
3380
26585
27691
104
1605
31327
25772
2793
32248
29673
25446
9456
25732
15520
17776
13959
17374
12406
18817
19420
24203
4783
17760
17639
12466
23199
20379
10317
1909
15797
12668
7556
8833
6840
13625
21048
5092
10833
9323
20206
21024
6346
2753
32488
12413
27925
4342
28488
12707
24848
1024
2424
26727
3847
23691
19656
23270
6266
23205
19289
7120
10785
2491
28219
3591
302
16580
17618
1641
21970
29372
25470
16361
20226
25428
5498
21989
25467
5096
26117
14516
19460
31921
17600
20606
27379
26172
18776
16976
19698
30490
23140
2927
9987
18906
15249
26349
30146
7988
18172
12667
8682
135
21983
16254
19995
26246
7280
22885
12763
14381
32006
21049
9690
13819
5758
27765
17786
9563
4573
281
18830
20579
29494
7418
98
11712
29135
2140
1789
17649
7039
27842
10146
8884
18266
3333
413
29118
7057
17316
24124
2991
10899
15195
22299
5701
27512
5623
12708
208
4512
30056
5079
30182
1943
6936
30279
5463
4412
4475
30565
2659
22819
5096
29697
21035
27959
10407
2318
18022
28324
8523
25254
16469
30964
30017
31822
26617
1143
10922
13946
899
18409
16742
25940
23308
23887
21617
15545
1158
11810
25971
15748
11251
27311
1682
2064
11221
4286
22155
14328
2533
17778
769
11553
11271
1648
17685
26107
22910
30275
3126
20227
23644
18432
19258
11149
22333
3621
7086
31680
9013
28871
11115
994
18951
3821
10346
22742
28824
3895
7898
5602
17827
9155
32111
8118
18605
1360
13308
6314
32060
10660
8260
27208
24132
14636
15630
2058
9698
2019
18295
20324
15692
5492
20108
10501
26889
22691
24856
20315
1373
23017
19899
24149
26376
24926
10556
4204
13360
15325
3872
19684
18843
23394
20604
27471
33
22198
1287
20564
26209
3151
12915
18350
17076
27761
32254
16247
29023
11930
7236
18599
29453
30237
29527
216
16252
10765
8977
18764
12406
1116
26537
28464
6403
7236
2693
10530
23773
28646
21839
3570
7204
12594
15179
26789
18259
23046
11496
3520
12147
19354
18837
5571
26254
32027
25557
8435
1127
32150
2966
2140
9064
19736
4799
8215
10716
20756
16392
28361
13150
26628
9230
32364
11921
24659
17575
10834
786
22139
4722
3686
21419
15979
23731
31670
12490
7211
14174
5678
20273
12226
1906
32678
5870
6232
10632
13344
7822
12952
26284
31562
26254
13912
11115
4939
26898
22396
13613
30907
20953
28183
10694
28659
29297
27092
19783
13192
18087
5269
18970
27666
7490
26713
16206
21810
14577
31843
2351
13267
32129
19865
30746
431
32083
26154
27023
29205
31502
10355
30600
13290
13201
16676
12809
5359
1068
1182
5881
27201
16655
15264
15408
25126
20482
8995
24529
8966
23383
9090
21210
23480
12573
734
29177
10496
8855
5825
8354
29781
30701
14593
31326
12263
19488
1000
11878
5088
25923
6545
14704
16618
23785
31381
29129
27634
11482
12264
6564
30508
29706
19453
27570
7256
1995
1841
22002
3139
9537
31590
22219
10128
22294
17134
12376
13496
25456
32428
26115
14160
22048
1909
14421
19595
31517
20156
4876
12543
23856
12911
8558
21420
7408
18460
31966
6714
13297
25432
10669
14978
30777
23393
22066
19792
29683
21506
4125
32359
25960
3511
25608
32198
31530
274
6991
5674
8338
18781
3106
3284
28269
8833
12248
11916
5107
32295
29574
11750
19449
29724
30417
14020
12903
4602
11520
23324
3563
19973
5206
15612
25071
8531
30622
6603
23753
3376
28167
6865
30258
4032
3378
3834
20986
19430
394
29142
15098
26725
212
25573
19017
27205
19206
30738
3763
3705
11613
31357
18534
26302
15274
5245
3311
15814
13293
29158
26469
1686
16420
19335
18660
23341
2661
31479
23869
20070
22315
31634
6124
5407
6638
31934
3403
19099
14326
26995
27653
21541
28016
2298
10956
10230
2242
7412
15951
31577
28700
8351
27494
7181
9551
3413
2448
30955
15331
18517
18848
7624
30051
7622
21683
9885
30716
27897
22373
28134
21319
27119
19781
31303
18274
6171
8326
28533
581
25192
29175
1620
18259
29822
7477
20573
13616
14657
19742
19011
7635
8859
13450
470
9436
7804
16182
21287
6183
23839
20225
237
13985
19598
22875
11303
22874
28008
30970
28419
13020
25826
18382
7935
6332
28684
5432
31310
2926
7254
19575
17533
28765
26962
8035
5718
12859
14267
18781
25861
15254
10679
32390
1145
32685
22617
23343
10509
1409
618
26513
11368
10543
6249
958
6561
1916
18896
20440
17575
18354
30617
25729
28897
14251
12289
28562
19217
28203
6028
2320
14974
26483
25417
21596
19794
20498
18519
16809
17473
29183
1192
947
363
30693
25861
3503
24196
31422
27730
11645
11826
3491
20
5669
27830
15330
15920
28289
25551
11602
24565
14391
17883
25827
20061
8939
1088
19833
19344
8114
25866
2299
21930
18633
7126
13734
9918
29063
27118
7592
30235
29328
2485
1258
24270
1612
26950
2349
3944
18839
30808
18520
9985
13498
3429
16656
25468
8346
9739
8586
1293
11312
1714
30877
2809
5689
32111
32028
11677
24367
19496
24418
14770
18295
32249
22830
12495
32220
11223
28594
21295
4668
29811
7142
30389
129
11105
19746
20269
26579
890
31212
3029
16909
14463
13071
28188
12141
31743
27885
15785
10895
10618
29461
15775
14492
1478
14872
1824
27071
3506
921
27920
15832
6122
2212
19739
16757
19994
7745
29177
30462
16726
2120
27376
24623
7610
28278
31899
15307
16717
10177
3819
19343
14891
20457
15467
13925
28644
23376
26312
23259
31775
7435
29840
9683
30339
29497
7226
16764
14295
3475
24679
12417
22631
581
8551
10624
28074
9469
26623
18109
19235
21569
19817
24088
19077
12549
9373
5436
24346
29821
18639
1562
30821
22576
13625
1942
30727
17486
18970
28287
16095
14403
25343
23237
5493
8588
8769
25830
29593
5321
5583
16298
27463
7444
6445
8720
15054
5522
6333
3464
18993
16711
6718
17506
6094
5423
11922
1159
22589
26762
12484
23143
19835
32631
30281
8242
6472
9156
21638
32075
3789
16389
8083
31226
18306
12515
1599
31585
32591
16567
28500
15281
31730
344
15388
4765
928
30768
5155
8719
9967
20630
7743
15130
25075
2136
19150
3889
22695
19094
4927
406
12943
27863
21204
11540
22940
16982
7333
29169
8272
14749
13033
8223
4898
30805
881
4530
31012
26973
19829
18839
18403
28953
21651
27266
3727
15373
17685
6696
7260
23466
11635
9391
26151
9575
12568
29794
28509
2068
22633
12714
14873
19307
8708
7993
652
28137
14661
1673
18850
5340
30223
18565
29410
17084
2505
26246
31127
18366
32166
6016
301
8359
26154
15742
17629
14302
28650
20299
10893
15558
10643
2674
31985
1354
12077
361
4343
11706
6817
23050
23138
27349
23929
20546
13236
16935
26600
20749
23890
7317
16650
16802
30691
26422
29804
18154
32249
13924
30927
8503
243
7955
29737
28723
11554
14946
237
29463
22826
1904
22668
6429
9387
8049
1852
30263
27169
28673
3320
28673
2057
28599
4040
14068
17734
254
834
24541
21698
30496
26961
12686
15448
29092
4149
31444
8946
474
29131
1193
18926
20148
6159
29866
13767
10967
10975
13259
18929
20722
2818
11593
23556
14927
7784
31200
541
17320
12723
19263
8321
5179
4855
11193
31364
31520
18878
26173
19114
14043
4176
10888
9739
23342
29233
16793
12028
18737
13290
26213
23275
28068
26636
5837
20363
14723
21875
28877
6962
2267
4808
28662
19583
27613
31561
7966
11583
1584
24781
4694
9361
30860
7938
15644
1097
2181
29690
30930
17811
31396
16870
20335
30937
21180
7713
24181
27878
28283
20848
26147
20811
11840
11656
22763
22529
8236
23504
32550
6737
24956
2409
775
17649
10774
5228
30925
20336
13921
7794
14141
17107
858
10330
5200
21377
4325
6982
23081
21084
7776
25319
2121
14641
5502
31995
13574
22098
5971
8723
9017
23425
24491
27546
24632
21520
29344
6931
32260
17991
18540
26274
15811
1030
27515
28366
15984
28331
15557
16773
977
12854
21082
3680
27049
15276
9278
28713
22320
28345
31608
28571
18112
24216
22374
9064
30161
3640
15699
4481
20775
31639
9803
13713
29002
31346
32558
20682
15159
8737
28420
26341
31061
21181
22416
3172
170
5507
17448
27163
13903
23677
15044
6638
2337
25951
9044
16604
13242
17327
14679
2621
23200
22056
15273
26695
23227
11105
20124
15831
23565
6570
17483
21871
31901
3638
16171
18810
10164
22400
25315
16856
27980
28391
1886
10902
28102
1435
8734
18429
11739
22717
22995
19407
26325
4290
30764
20429
9983
12313
11757
22908
22106
21773
23874
19241
29585
21228
24146
26155
7471
26217
29208
17000
15120
2367
22382
24347
23573
10519
13931
12500
7196
17836
21999
20672
9776
14893
20348
12586
9980
13795
13640
31554
17286
10259
24208
31261
26650
8998
20014
14078
899
31495
26478
10964
642
8909
25886
10499
8056
3482
18148
26471
23142
5826
10453
18326
11543
13616
14658
17766
20380
32262
16597
11952
8441
14980
28893
2131
2078
5419
27623
17531
24857
8738
15502
11811
19081
18136
11924
11736
26454
17643
15921
19392
26783
27721
4522
4828
29684
14485
12582
14730
14790
24012
28862
13134
20507
2088
16595
4049
9606
21316
22692
19242
8279
15490
28447
29533
15887
5290
30200
18209
18199
13523
2809
12775
27313
31367
5017
18711
22318
20258
14031
11933
8802
15995
10536
31908
5717
24774
32536
7841
13883
7097
31117
15252
4006
32494
202
5515
11259
16265
16755
615
13858
5914
8164
25058
10370
2501
30151
13521
5933
22432
19942
14759
27223
7516
4669
12859
7437
26664
24660
14027
21540
16594
30668
14912
24943
29231
30519
9139
1845
3774
23341
8497
4065
31112
29596
6075
3580
30282
17247
21649
22617
1238
32274
25521
5775
2999
6181
12186
29100
5652
7472
20053
15656
10455
16518
8118
11288
29453
23565
8416
26276
23952
20813
6407
5051
15844
198
890
11014
12384
19335
23264
8986
23950
21244
10689
20465
11988
27400
1097
1435
13907
29267
20297
21297
19983
1254
30847
27147
12880
15605
1047
1330
6985
30203
4977
25880
6648
17933
18725
13191
15437
8551
11845
25560
15502
23628
31970
25445
16378
32525
29649
11841
26797
8295
6062
7206
16067
14865
1314
31150
13504
11158
14434
16838
19248
24417
28152
2912
6026
17942
198
32617
12890
7209
26952
27387
20639
11689
16921
16851
3186
3164
30137
9477
8425
27665
31117
16878
7483
6450
14887
7531
21285
15769
7368
8008
1164
26532
14883
29180
5219
1932
13924
2707
16079
22258
23153
27883
7305
24251
21104
35
30085
3870
13705
1873
9937
7675
15085
4723
8127
8047
16407
31657
14918
3237
1106
17569
29350
11503
15739
26706
16971
5397
27144
29933
8692
12525
1097
528
30484
2859
31470
22333
28792
18299
4810
22156
5675
717
5590
32668
4247
3568
29561
7887
27372
13923
13830
31927
21702
4456
29063
8651
9994
32089
4025
607
12304
19775
7511
9939
2824
21153
31899
9226
1686
14746
8451
30749
24256
27438
14417
8017
19978
27102
25813
30023
14815
23674
27886
13939
32307
15159
975
13775
7271
21250
3967
6865
20845
4883
4131
15258
22316
22724
3200
26480
21798
11684
10172
13678
17496
11207
17508
11130
19041
31841
22708
20856
20455
9363
22546
1213
22071
5253
21979
8135
20523
11445
17762
18987
593
11663
31542
1230
11849
17725
21412
18008
3439
12224
8829
15334
24251
7488
20506
512
3045
21152
18332
27082
10700
14422
6776
7806
22552
19322
32052
16153
17438
9500
363
16469
21253
3035
12567
10968
14119
17331
28432
2475
29882
4119
16591
7405
6576
7232
25976
9417
11483
15812
24088
22693
6229
17770
19242
24220
4895
21053
17249
22319
19976
23263
1953
20791
26577
24864
14414
14878
27790
975
28618
7759
25679
25297
26169
19947
13568
2415
648
14782
23438
21236
31917
7281
16460
32120
30000
17409
10900
24311
9706
3952
6065
28838
4109
29882
30972
9350
19300
8970
7494
14649
23260
5422
18806
21
10820
10312
17523
18807
6481
2759
23109
27481
14309
6038
6775
5671
6032
29075
21951
27599
22104
29507
7905
3352
18101
18116
21200
4404
22752
14851
27670
7064
10573
9007
9591
1035
22646
26989
12241
17661
4059
1485
32583
9243
22599
4220
29598
18720
9556
11836
24551
14062
14897
29202
13663
23261
19363
1854
21907
9811
842
14192
20424
26261
18470
8505
3481
20188
28762
12992
13026
26796
16431
15542
13533
24161
23131
12684
27787
21515
1412
25827
10326
17019
27392
24388
244
2206
13023
6673
30094
9994
8491
14267
4898
22999
6254
3126
11046
1200
9589
2474
23918
9513
30804
25964
31055
16211
28330
2348
31237
30863
4902
9328
8786
21663
13898
29249
31592
18691
1135
1827
15113
6786
15626
15179
21741
14599
28461
1293
15204
3502
24401
22420
4924
28447
31314
22997
24293
12315
31163
2501
25811
31828
7492
8138
21796
30594
7577
18032
29315
21171
15453
31326
16972
19426
5487
9864
2032
19404
5484
20646
3996
5631
14709
27108
3093
16180
31794
6107
3047
24030
5142
2496
18878
10499
26341
11739
23572
31051
22132
23355
2060
24663
19121
17321
15262
19027
7394
16858
29429
24015
18482
22505
3349
3530
873
29188
21441
4624
10235
16741
15004
14791
2628
17283
6542
19524
10002
18826
26217
27683
19044
5129
12749
12438
4977
22251
27465
26877
31212
14761
12482
16055
14471
10174
11545
10552
16566
1370
18952
26716
7093
7258
14669
30971
23756
21880
6411
14270
2258
4543
14189
9777
5872
14403
14732
1561
28327
19470
10643
16135
1812
7773
12321
16941
2931
28941
31982
24689
10467
7504
8882
18112
26984
4772
27202
5285
16438
16902
24828
16666
11053
18786
9830
16798
3488
29519
15634
10119
10330
24313
25285
10138
21219
25694
13271
16345
23039
2238
7645
28572
10104
5964
25990
13795
5917
12842
17347
18923
7435
28564
24107
16895
8491
22364
7837
7313
13308
21654
11815
24457
147
28564
5926
16861
8160
25621
21167
4962
12594
26553
17710
22242
23549
13496
28237
17006
7900
11476
20504
6645
4050
10380
20830
6166
29141
18067
8026
22835
17293
20352
21138
31943
11097
455
23296
28921
25747
23016
30576
7281
4629
10982
15401
23146
6651
6907
27855
32008
28331
22666
11656
18924
26899
6997
20318
9479
6194
17904
15333
23979
10714
15222
17437
20968
20660
15738
22169
23573
19332
26176
24801
16045
29102
4909
24598
605
26874
21373
25812
31322
26772
12084
3676
25336
11607
23127
16627
20089
842
10331
7045
21538
2155
21470
28814
13717
3244
28309
17979
28250
13116
3462
8652
25023
14599
1399
8764
6882
1152
19366
11812
21260
25246
20154
14557
12864
5412
23546
25316
32276
5670
25789
31107
10944
13513
14369
6574
629
28490
1280
31276
22256
11842
14368
8439
29006
17704
2730
2020
13346
23575
21726
29830
9157
9937
30980
1872
18669
3333
31398
17915
8577
10189
5628
9511
5036
14459
27560
21829
5937
31893
5284
22196
2302
798
12920
6442
23811
26391
20400
10838
8772
4934
9357
14276
3373
29494
5115
26624
31782
13695
29891
20222
10856
839
31490
441
1295
20745
21978
3355
22128
11414
21863
21533
15276
11353
11508
6447
6278
25566
9583
14042
32113
406
21531
19364
13293
31188
10629
23860
25876
25372
27833
14006
3696
26525
30389
1665
14608
28668
16926
32503
9947
27475
9010
32429
27172
22650
15358
973
7038
29829
209
28344
8657
12941
24816
22511
16557
24756
26507
32051
24799
7779
26864
2539
18242
2006
4095
16071
11736
15067
24542
15523
29465
6358
32238
30382
21387
27145
22525
4043
24979
17938
31421
10039
12171
26037
11380
22636
24596
16860
8182
29254
4270
9180
21457
10597
21126
2810
29127
18898
9614
2862
17025
11237
10707
2343
2433
28774
31500
30606
23897
18418
27246
31119
20506
18848
2760
3734
31760
7397
17099
11094
18604
31413
22953
25616
31682
18923
12771
3090
27381
23275
9819
28286
24943
1670
15793
1100
3541
13342
10188
19346
3193
2826
14775
9219
25042
21307
23471
21686
31018
18720
7546
7978
31639
26824
25850
902
4908
29767
27393
6693
28272
14682
31335
9809
6159
23118
9562
17999
30416
7709
25846
25757
2503
3035
22293
20087
13516
21840
3689
5023
12588
21735
10440
4958
30366
8903
8134
23238
12408
1343
1929
14395
4898
16487
12249
10290
9675
2308
23415
32567
21596
7853
432
30005
23978
20780
20017
30194
29168
29991
21277
23257
5500
3072
8541
29180
7080
8953
15160
30297
19980
11676
5411
23900
5106
24410
6362
7590
11786
18546
24239
21261
23136
14868
4386
25572
29834
13766
11955
2940
26150
27656
7668
28138
31620
3635
18402
6411
28831
30631
11381
5830
19026
29221
9590
29841
20424
6522
19345
25655
14389
8798
12715
23000
24771
2203
27254
19249
7888
26738
3138
29725
598
1850
10006
17500
7338
20298
24831
23188
8042
17177
11432
12437
26544
11172
20011
23777
18828
1552
8743
3436
12210
29841
23315
8096
25455
13962
10449
31140
4322
27638
32390
2270
23400
10246
27306
2487
5720
5899
13659
31902
30193
15255
14583
27727
19600
1759
10473
26965
10278
20580
15043
24269
25578
28883
25998
9326
587
1065
11101
29126
25385
5914
8489
5830
10820
17332
10456
7553
27125
320
4511
14641
26140
11113
4746
9851
857
1184
21337
24820
13951
14270
30606
20963
2117
7403
24516
23625
319
17855
5442
27166
4621
5288
5072
24286
19411
25484
26058
4932
31977
32175
18034
15957
1491
28886
16010
28577
31347
31149
28451
32454
25469
3942
32432
5173
13356
21155
23646
12089
18483
25494
19880
19765
32247
25446
31269
5677
16635
9429
27045
12935
6299
20513
10365
11795
3838
32295
1567
3146
1094
3790
8686
29139
16905
16035
14928
1868
25349
16321
29188
31046
25359
23028
32694
14737
27469
22046
31696
26043
11941
14553
16532
30419
27253
4189
4200
7794
24453
22949
30320
29949
22330
16589
5474
23844
2316
16575
22678
16558
29753
26126
15197
2681
443
14626
6804
444
632
5014
17529
27280
23994
25822
15037
4015
990
10797
23258
6523
31056
7573
24742
22082
3511
24689
30504
22464
4972
9472
19371
2533
11057
6994
22290
9945
30752
9576
20843
11326
20449
5783
967
13749
15136
557
27720
24739
23102
23895
26747
7477
583
30786
23016
4257
9765
4737
30952
27823
24595
3759
18871
24697
12116
2389
26570
1646
15908
22285
7011
29597
17391
11752
28002
19505
22465
32270
11614
311
18174
15780
7668
7080
17491
11251
15199
14499
748
20422
20553
6906
4583
13587
19681
30192
3081
11742
5166
21825
28592
6747
13219
18019
13065
31827
14579
9996
26755
22984
6695
15604
1924
13020
25581
31452
11610
3823
8755
5839
27252
25864
14068
21928
28626
25462
4946
12244
12474
23223
1766
13145
19629
20376
6484
18199
21913
30878
8738
13134
18000
10917
4810
4961
15673
30919
9997
5338
20293
2943
28555
10157
1829
29454
27281
961
25787
31006
7986
10156
28878
13734
28313
13503
14593
27405
3997
19522
18438
28050
26774
20992
28175
6635
15215
14343
28037
7980
22525
14249
24573
8171
18575
7110
26472
28322
11463
78
32649
26964
13992
11009
941
14452
32239
24953
15510
29954
7591
24683
2744
31223
20472
22570
168
25827
31808
4716
465
2517
27493
9553
14697
24187
5737
22433
32163
8330
17214
6741
29478
15200
25564
15194
1215
12521
27538
13713
850
2495
3737
16922
535
4245
8175
3794
17154
23765
354
15898
18307
28808
23019
5083
22896
28023
1598
29639
8256
9615
30623
5345
5753
2698
29943
3647
29547
16588
29223
8462
23839
22923
29084
25560
30347
30771
9252
13058
7687
26377
15104
2713
28677
24334
8250
11598
25084
1830
2361
15550
2469
28281
6034
9975
25706
1562
31777
3384
13084
24039
20569
2041
15844
10416
6616
27691
5244
19355
11326
30145
7838
31942
23872
31599
4285
13615
16120
4018
6388
31185
21631
13072
22588
16400
29886
31649
31713
29015
20353
21966
2871
20992
18637
16985
15753
20340
7796
13726
27730
31123
3046
31768
30127
11094
24650
18470
8981
9906
15054
19727
26687
10176
24891
2884
3691
13084
25804
12774
8134
9099
2368
14728
10021
15072
8750
7222
6133
14880
23193
20150
29301
17636
6852
24333
30755
5119
71
23622
1139
15201
7267
27502
24007
1851
27795
11747
4764
13412
16739
23759
14081
2044
1925
15855
5710
2639
10018
21913
11538
26875
28014
31229
32589
17494
13439
11179
7904
27658
15711
22357
30273
20226
28768
25814
11123
8842
30639
14196
12086
1201
26668
866
19579
7666
27769
7305
19482
1556
9809
8841
199
28751
14876
11770
20291
25264
14528
25335
1743
31935
23481
3293
7654
4446
18284
10064
10027
6132
18360
30847
4769
14539
15055
8361
3866
30903
7748
17121
8178
18425
29285
11022
15100
30818
26570
5429
701
24252
2862
31227
28888
9061
25470
1125
1226
1597
13872
5347
19159
6594
26070
30093
20292
14714
7923
9132
20935
16274
18189
21116
19772
15812
25091
2864
10137
15742
24993
3639
7716
19264
4978
22974
16868
20805
8405
31094
6229
1383
21843
919
13408
28221
7984
26405
23433
17286
32320
28530
2923
11722
21756
8420
29537
10558
20437
21240
13959
4073
22217
11143
2529
3845
15667
24392
729
2984
9191
23447
10735
15011
16766
15732
9644
28586
1263
14799
4567
26550
18016
23299
22252
4776
31291
14240
5578
8239
6787
1645
31660
21483
14953
13229
4698
25811
30746
23458
24737
27604
16604
20048
28416
9658
7001
131
1188
3156
27706
3603
12439
2771
26872
12647
29492
20852
11503
21560
7134
3167
9397
7575
12017
462
17321
8498
26617
23409
14287
5075
11298
7954
4059
10537
240
6773
1931
32459
23344
18050
28218
14458
23087
26021
23475
12710
17193
24950
10051
26676
20740
11157
21778
1151
11326
9688
28082
8861
7973
21929
29689
16611
23110
26281
27916
30635
23847
16538
11965
24148
22329
13435
26647
16779
5384
1268
6198
3785
19893
19957
26461
6429
25766
3995
5698
6956
29564
24659
30636
6774
12357
2625
10304
4059
1011
6115
30872
31069
25870
5105
15766
14631
19109
136
31480
26063
19338
18824
7212
28632
15807
13883
12133
16507
27179
7735
22254
13734
10385
25989
25791
8006
30659
1026
21582
8642
26131
7174
5799
8647
24075
25668
25791
7499
11102
26865
3077
5580
19485
26665
26939
28633
25134
19854
1412
27604
22779
4402
2494
7158
4967
32183
31761
31635
13830
8628
31688
2976
24973
28763
28512
6258
29063
21849
22751
3272
4938
16382
17512
30220
18730
27038
1291
7638
11756
23351
13281
23730
3198
30291
9561
2595
8165
1328
18637
11752
3958
5663
9817
22141
31561
9770
28396
14565
11499
24313
21151
32167
16467
27639
4422
24343
22807
10928
31045
31958
14304
14973
18598
2204
17436
12132
9320
12341
24050
27706
6681
26826
3195
26634
24487
32610
23599
25275
17779
4776
413
19692
3751
23023
5216
26403
9162
23923
30286
23591
21393
994
15090
23210
5624
6427
9021
29227
1426
12853
376
14107
797
4803
6525
29247
14170
30550
20775
24405
26396
26948
17671
16122
19870
32680
5464
16331
28953
12714
32565
715
9622
7681
5642
16133
12801
27574
12617
18546
19328
10282
25182
32284
23299
18010
1764
25476
16667
9058
19225
26945
3087
13376
12431
10475
21549
16603
27941
6199
12894
20548
13878
30563
1277
10811
19472
32469
30441
4597
22952
4095
31961
7708
31884
28037
15600
21016
2328
16034
5266
23693
24301
25032
12405
7972
24991
21126
27387
25487
27054
9903
25791
25031
16824
26297
2925
31640
1004
17763
728
20832
27586
31386
9286
5140
28649
17822
2062
14467
14465
23137
19814
28639
17803
15920
5238
2425
22942
22420
24241
8652
31963
13691
18788
17085
11299
20883
22159
22817
2183
20983
14325
9088
6911
3597
20591
32280
95
23214
24453
12325
4488
24968
2879
7776
23515
1985
15417
1734
32244
10205
32758
10650
15508
8930
25974
941
25566
3258
2059
32221
18631
30680
15464
13788
32456
9247
5115
17459
5589
5375
10877
9094
29843
21217
29127
7449
8902
23493
28647
24211
6152
1833
9075
7426
25281
24877
541
26912
15187
16630
17800
6357
22421
7760
31322
27132
4739
27287
1427
17002
15412
28887
5149
12588
9740
306
10403
5393
16178
27522
15271
3177
21828
3392
8655
4619
19786
30373
11392
27549
26857
27406
14510
19727
27610
16549
8179
21865
13722
25406
16350
18631
9058
32383
2957
11169
20057
4932
23422
9040
31241
31809
28578
16334
18191
9706
22451
4798
32279
32143
13768
14252
1800
23500
3879
12693
24700
28192
8026
16810
11123
25564
24965
6993
8008
25151
17398
6509
31204
991
14846
22751
16433
26442
8191
23629
25297
4334
9671
7457
6929
9270
13084
11733
5144
14326
31384
20847
13413
18953
11960
11335
7032
5689
3375
29200
10190
21598
13440
13590
6419
8650
30667
15045
8852
6629
9447
31083
499
25109
28850
9023
28190
11489
32165
25249
29313
30805
12460
11171
2683
2984
18484
18121
4367
30748
27013
30989
22749
8486
6226
27942
80
4047
19598
16906
22040
5466
6786
25266
25051
295
8477
2845
25895
28119
12939
7831
26796
27057
27401
13115
10664
32324
10743
30391
31650
23374
8494
20559
29275
10461
28309
25637
26626
17588
29679
23479
13223
28400
24823
6057
9202
10732
9135
11973
4629
20833
13045
24128
8447
11474
26455
20286
31954
295
22056
21913
11928
26008
25299
3038
22578
24524
31344
28825
27792
2882
11669
26835
14376
20465
7279
19416
19872
27691
26897
23614
10958
21959
9227
21026
10723
13951
26431
23221
4835
1943
4848
12536
24921
4288
24860
13251
4680
20027
17164
7436
3684
577
15657
15974
1154
30115
13585
26312
18510
11182
26090
21904
2364
3409
28407
24263
30145
20354
12392
9383
7874
6365
27255
2650
12109
10894
21168
17413
19591
4210
5008
10245
12773
7289
27218
9593
23967
12623
22278
1024
24930
8251
4835
20676
11078
7751
16606
7351
23295
5281
3196
28700
30551
20545
10980
5962
6108
21708
29240
11436
22229
22200
31525
1037
8059
8370
185
23314
11366
26684
29301
29448
19014
21915
27812
30688
13011
17136
2795
22648
5127
30373
18720
29725
6026
23818
26207
16717
32366
1344
32347
20929
9500
25943
19699
22443
910
10675
20486
4156
32191
5044
15239
14185
6240
11158
29652
26863
26061
18837
579
4756
16191
14933
14334
23472
7747
642
29458
9709
10859
1459
14786
2891
20291
5269
8225
32103
28294
9797
11232
27132
658
16637
10852
2218
17690
22003
11547
13814
11803
5246
8209
32659
24337
30843
11966
17888
20074
6127
27427
5809
18235
29678
27413
9554
4402
20667
20440
969
21708
22832
27631
348
4039
4448
31539
21075
11739
23676
8483
25855
6565
6643
8571
2043
23012
7645
1800
17842
3815
2202
11450
6433
25670
16822
23803
24543
19153
6672
31551
11610
3782
22844
27612
25443
7751
14885
11805
13293
5130
6903
23697
28689
23123
25660
1961
18518
31263
27461
7810
25136
27298
21451
23040
26310
29940
13526
24092
28408
8
1246
1407
28833
22749
4400
2895
4377
19192
1172
1865
255
7441
16685
28688
17717
17933
4512
6084
4395
28204
30073
22231
5729
4228
3274
22812
27943
20654
26388
16673
31400
22719
14699
5567
30758
21369
16342
11759
32647
22211
19957
3807
16657
21079
21222
28742
18034
22203
21608
23284
26371
18546
9537
5549
20813
21363
23262
21559
19917
13018
17978
23730
7924
8414
29697
5928
8818
771
30708
15205
6068
9872
1935
4361
12203
8516
10217
30171
18896
10821
29405
7776
613
32601
14183
17581
30205
10840
31056
14713
24126
15074
5134
2934
27622
18509
1254
14562
524
20449
8275
8024
13993
17224
13995
7661
15446
23360
27648
7544
6487
659
18244
29489
20441
27977
15537
20862
23416
12316
14184
15113
10244
27692
26201
11286
25989
25332
20578
28180
23932
1661
29627
18801
11628
22993
29841
2483
2713
13747
7921
1989
29456
17805
16360
11918
28647
20650
6633
11720
19654
9125
30830
20240
26791
11810
9954
8505
985
10427
20159
28134
12107
22334
244
11608
16647
15125
28297
27780
29181
18949
5253
22889
2306
32028
24336
27040
14104
19428
2005
20277
2288
26589
13226
12213
4525
19498
4979
20872
13035
30091
3139
13185
9728
22155
10949
17076
10881
23547
26075
8840
32265
5534
29828
15117
309
22310
15107
399
11763
25951
4926
12139
17149
939
29796
23329
18592
30126
15826
10155
21186
18762
10552
32269
9251
31950
10231
1326
5859
21866
12238
19430
28229
31207
15030
22872
30130
9620
32266
6018
4353
1924
7403
19474
8693
8694
23011
4987
26375
15893
3016
4681
14182
18402
23012
20657
16445
9838
850
29805
10036
25676
13739
19655
13881
15430
14051
25843
29824
24143
26221
4257
20680
185
22950
9939
16609
4520
6000
24300
31339
7367
14109
1034
10464
14649
26256
29334
17621
5075
7070
5146
28796
27016
29882
19794
32110
1572
3282
4741
32679
6974
18036
5653
4562
871
21045
17750
11976
17832
29779
1948
17491
27948
19865
29592
25399
2361
11139
28388
12403
26981
9123
27612
31684
27142
32323
14768
8043
25834
13388
6839
3376
6728
1127
5382
11431
9719
25441
12610
28338
21726
19412
7090
14919
28332
12548
23448
5747
18377
6407
5314
13727
12172
8745
1884
17939
3758
30606
16904
11192
18942
31001
14897
1826
15703
6797
16027
11725
25295
15858
30783
30631
31282
3387
27991
1487
17583
5925
15029
26269
10448
13154
30552
15074
21168
29175
30273
16497
9320
6627
23171
26078
2762
31489
12698
19333
2642
5935
2045
21966
6233
26288
11255
13488
5260
15311
4786
1140
30365
2501
5013
27580
1080
4829
28111
23235
9017
16854
19508
20454
7196
12937
15177
17764
24756
11724
17818
11362
11040
7317
10836
6450
2300
13923
25103
1236
9940
28377
26092
18365
28638
26284
27872
12760
21992
25536
4943
25547
21903
5262
8413
19835
2738
8905
24705
30162
26918
22849
16091
28608
28075
24839
8903
8319
23327
22994
13362
15132
22514
20897
1324
5427
32730
24482
20799
14586
15816
26195
18175
22656
538
16615
4067
1591
10514
24555
2643
22193
9607
6441
27138
20391
17370
11981
12926
18495
6444
20934
16390
7822
29390
9071
21147
26204
23033
31343
20313
29992
32704
28382
11272
28524
9538
29097
14575
15139
21540
29495
15592
31623
31551
23884
6074
31263
17301
25646
24226
8441
12682
29447
10035
27189
26193
14219
29793
26819
5540
4314
31192
20076
952
26024
10642
4887
8048
9627
16296
8517
3281
31220
16488
11231
13238
26994
7337
4401
9924
29555
28763
28470
30369
26205
3938
19734
17761
30012
21669
32237
11841
20653
26465
8398
21912
18170
27332
25096
13578
12166
19383
24999
30719
9580
8443
25406
31827
21859
20855
10980
19280
25317
29904
11133
7897
10384
8763
27195
18151
22476
8591
15204
826
15278
12959
15445
9544
8988
24262
11975
3706
13874
2243
6481
24215
15077
11975
20782
26240
3302
4813
20801
13087
19657
15658
598
17562
2663
3429
22699
17868
28289
19784
27311
22517
10150
31287
25865
18096
7766
14529
32732
14374
13415
9845
22857
11650
5032
32247
22838
26533
20421
16723
590
1050
24426
24208
21577
26188
12459
649
9070
16630
23716
3576
2390
21468
15964
24788
21234
12729
28912
28637
4048
8824
30957
22645
9881
30118
7421
26289
4831
22824
12742
16816
12309
2089
23823
12843
13791
26199
5156
14158
18829
23375
22908
24006
18657
597
32154
3356
12825
585
26417
16193
19753
8662
9867
22122
31305
27629
22571
1309
18863
30834
6834
31884
16542
11573
7167
21795
28575
2851
410
25949
15887
23486
12371
31451
3801
21194
14118
10679
8837
30793
24930
9750
23154
28330
13323
23548
16735
26942
23164
14693
32048
26347
18000
24209
3567
1316
1667
10399
32274
32536
6613
19037
26620
11562
16495
26463
29894
6306
4297
25934
14398
30626
21451
26499
3632
9563
27699
10452
23781
27264
19766
10158
24810
10747
17514
22629
26130
17888
6883
20935
4542
20639
20892
10231
8796
24189
32025
27001
18478
2885
1099
29321
31565
2106
18100
2737
29421
18001
28108
154
8674
4253
28066
14371
23652
11019
30918
24240
2831
18767
27495
14788
3885
29214
29113
17363
15416
8862
28057
2897
2715
17947
24436
2063
26553
22011
22117
23239
18224
13812
11165
10998
22879
8316
3336
5865
2854
14209
6958
27163
13036
3419
7767
3518
3815
14847
5874
26520
30871
20597
11575
6928
29076
18572
17420
24713
28042
12492
13093
26350
32130
15532
27760
29582
16483
773
4272
13355
15544
199
14183
30541
1971
13291
28154
16092
23922
25256
12816
24814
3714
25322
27451
10974
26274
30208
10202
15006
28873
3220
8510
590
15466
1761
19211
10765
2038
17696
29153
17423
29859
7235
11580
1775
10092
742
10393
583
31576
2691
2011
383
10496
30949
27372
4322
1867
5599
21671
22775
18813
317
30966
17422
24176
9467
13879
8729
21792
6069
15845
16061
27246
863
12404
7593
9245
25654
12412
20775
7457
13302
12570
7920
26393
21838
916
26437
9498
21393
26683
571
17326
19118
9878
1879
29212
2914
28860
13146
16618
20396
5634
24670
2465
4994
18646
17442
976
26050
31723
26787
11091
17771
6807
4844
23509
24333
8313
3118
17812
15998
21598
275
8036
18639
10853
27472
14839
4734
4450
14714
22619
26093
12161
10522
29124
3603
21036
1795
16524
14706
5422
18915
17016
2377
1304
15129
3645
8458
16611
8646
8771
18958
24280
9255
4264
32648
6317
21282
11400
30392
753
5150
7292
30561
21418
23832
30304
6268
31804
30451
18522
13614
6796
14864
13079
11768
1382
31007
31064
18990
30748
3637
10414
19882
8560
15902
16257
5825
6580
26100
29783
22646
1072
9968
595
17646
24516
1153
7932
15396
19151
10395
32065
21214
15951
16978
441
17888
1097
12967
3119
11615
28011
31650
31325
1208
2544
9633
18424
23138
27076
3823
28653
15393
10216
22936
29419
13181
17689
27516
10017
26227
5548
13475
13641
12394
18109
12240
26341
18281
16008
20825
10696
16774
23575
22581
27865
3746
23070
13655
14868
14931
22819
32058
12753
2594
21729
6078
19273
19447
2287
8754
32342
26833
2205
14258
14970
4026
3615
5043
20259
3323
17645
17116
10541
8588
4969
22040
2473
28366
10178
19433
6621
19068
19481
9215
139
3807
17891
20745
23671
15170
17551
31947
18467
30886
9064
21104
19165
22199
700
17186
23291
21758
31806
30937
21862
3159
30377
27504
3669
3238
23718
19454
24411
17094
15088
14947
22180
31426
2486
31009
27516
21064
9537
4974
23568
12122
14806
10631
6265
3911
9950
22342
24310
16858
7492
26871
28025
25809
32031
21096
27750
13200
13969
7231
30359
32535
12782
15248
25251
25138
801
1967
12640
1519
27724
16963
17830
2645
29615
26012
18774
26451
4299
11591
25499
23031
13511
3295
9328
12769
12818
2341
18787
4854
18250
10067
16280
32601
20829
26286
1808
15767
26862
30811
23339
28449
28410
10611
17516
27392
19643
13146
30589
12484
27340
26188
9587
1981
9103
25144
8530
7790
13516
20946
32468
15935
29850
23524
3686
26482
19843
16100
23156
26968
17891
19148
2534
19141
5777
11558
19435
5825
5313
17254
12533
24960
29481
26493
5381
6549
7779
27307
32552
31074
14483
12949
6721
11475
30793
11415
11018
32588
28329
2907
10070
9695
30921
683
21145
31171
24666
30083
937
14081
28555
19051
30662
4977
31786
23043
22233
16869
11788
11232
19705
13732
1200
30102
23859
14874
24607
4118
20875
13005
4374
22331
27710
6035
13415
10143
15946
259
23965
28339
18224
22825
21727
271
16889
1150
27671
11014
17271
5910
12115
12158
3533
27164
29803
10494
15666
9596
3556
265
12785
4575
9492
29099
23476
18140
32647
17745
18947
2412
13218
18654
9736
28319
4230
9210
31125
5774
15671
2989
26472
5009
21246
814
14509
20914
30475
7925
25540
4705
14175
32279
28741
20585
12009
28115
23617
8226
13551
27496
26315
24552
7088
30762
25527
19661
16968
29653
31906
20363
32211
28961
819
5565
7637
14487
14495
19278
4058
28066
11891
2097
26201
2537
9358
18002
18142
8924
2156
29645
872
11661
31147
30047
25360
13506
30663
11545
24044
13640
7465
22876
20531
5258
2912
24577
26786
25954
27822
23000
22046
28462
11974
29268
30874
11047
23252
28548
6459
11246
11966
30277
28090
9064
23465
24247
27403
31436
3520
11501
11068
12538
8496
489
27295
29455
10359
6343
24619
9014
10207
9272
29984
16833
10821
8242
8170
27768
4895
27622
26184
26672
20926
16371
19117
26784
22992
21721
10471
2673
1320
19888
17918
13204
17090
15130
5983
19928
14081
19062
1337
4028
12604
30038
11304
18305
6777
17715
25105
23684
16760
32608
589
31435
10228
19773
17673
7390
13605
13485
9708
26584
29065
29898
7675
3517
12260
6871
13498
10766
18310
25461
11412
19611
17356
15386
20093
9881
11497
30912
6358
3572
19942
4570
21905
19175
7144
32396
23445
25545
8882
32539
32612
23338
6762
27555
30459
5150
2720
23304
13562
20697
7820
13870
32516
32636
3735
2925
17257
18735
17182
13887
29186
6000
5234
12092
23645
938
19491
6217
24858
25866
19326
22796
26261
28814
31572
24483
26822
8031
26877
22933
7781
20320
13469
30984
31057
20999
13478
6709
1586
23916
29342
23834
28509
5023
25891
1902
9977
5183
2860
17114
31840
19528
19601
2918
8392
30765
17358
25138
24355
3111
21764
6246
2884
30412
13888
18027
27714
29155
19712
17244
9761
21879
1267
12471
26287
8490
1025
28249
22957
12236
24459
2729
10287
18732
14068
787
1862
1582
22368
26808
6619
15134
19643
15715
10718
23620
1022
7359
31905
4281
25261
1480
18046
26489
30628
22656
448
25272
10516
23523
11457
19834
969
24604
13135
3934
4014
20729
1876
29370
19858
19613
11446
4333
16940
4725
15485
22769
12893
24173
9012
25648
29878
1123
7825
3481
31802
24539
15960
32498
101
27637
27772
10352
26221
6045
16519
22149
20423
10754
8765
23033
29165
19273
32636
30268
7007
1410
6503
2555
2535
20955
11460
9713
30242
1555
31137
1536
30780
13874
28222
8320
10747
24184
31015
16343
10751
27027
18081
23113
25672
26389
27975
7186
17400
1572
19957
22450
12890
10355
10981
20617
1828
8562
14872
5027
19961
30146
14072
21205
1330
12012
14139
30217
14814
5970
18186
22230
9479
29286
4195
23124
11832
1305
4540
23854
30523
663
10217
9720
21799
12593
28479
20931
23195
23450
16378
28399
22340
25175
18908
14913
28837
369
4887
12853
14359
7789
24173
29846
25102
12925
15510
6731
671
9464
19682
1396
29503
10760
28959
21942
17870
31139
30909
30418
26836
29372
1840
32125
24842
32442
14742
18028
15388
18729
20378
2990
8365
8111
23448
25662
8091
3650
15874
25049
10885
2969
28674
16653
21387
18912
24928
24467
14933
32688
28071
27870
19031
15678
11395
2292
11859
8659
8558
17789
7455
1404
3723
15641
25512
27394
28370
13559
20535
19996
23406
31908
25331
8676
24675
32
26536
5000
1140
16439
23750
25922
2116
9486
19373
30090
8379
24317
30247
18058
12459
18844
32054
6610
17844
1313
25873
29773
23653
14825
6761
7795
12195
14932
23792
29889
5967
30422
13084
7270
14883
30795
19240
28736
5853
21643
27997
14854
10400
20799
25487
3015
10903
10483
31210
19859
16091
9836
31983
21368
31895
2619
22713
4016
10602
28306
15749
13592
8716
7511
28017
24036
13877
3191
6020
2705
31674
29821
25583
3356
23801
13667
5522
13426
26232
32167
25794
19495
6089
26530
30538
17514
15281
278
6575
5689
2953
28934
7609
14289
8675
12234
558
13673
113
1378
18401
16927
11555
16907
6123
21811
10896
25872
7993
10099
20375
9699
17223
9462
16966
4972
5162
9997
6650
15777
8148
2679
27848
7511
2708
30164
19484
11863
4316
25692
29856
28597
22087
18641
13664
15965
9690
23730
21035
15855
1931
28594
25916
17357
20223
19305
1050
30834
1944
32584
11196
8965
25007
10450
14321
21293
1310
3081
27135
23848
27906
4135
17034
23575
12479
29839
12984
11932
24132
20995
26771
8615
18832
15383
15023
15757
30068
5862
30476
26971
31131
29955
6461
22633
2505
4531
11210
30258
608
15193
22740
17506
7720
16945
28151
24369
14671
16193
22389
7152
17839
18317
22160
30177
21584
24459
30519
15692
22574
17110
2277
15567
1596
21542
7879
18678
30376
18816
23325
28172
27489
26794
2530
12336
24535
26594
20143
4523
17922
18127
27101
21376
5285
13240
22762
9285
2772
20724
22045
12594
19636
28322
31597
19832
15746
3226
3232
9171
15062
14499
11440
9827
7465
7398
626
12472
8597
21154
4217
4140
8413
19746
17465
26229
14253
28908
104
6778
17443
11068
9898
19302
23693
7600
25708
31227
9077
12869
18192
23594
7387
11138
23371
3808
26817
1267
23500
6690
1773
14297
13087
31580
2026
14368
21712
10742
20304
15761
12755
18985
19269
11593
19491
529
17732
14186
11690
9475
12317
32016
18017
10528
5949
21127
30136
6954
4912
29115
17208
1175
26468
12527
2663
30692
11568
4530
7660
14124
12308
15375
9715
10489
24387
14853
15827
3930
30814
1847
5358
13622
20355
18659
5849
1503
22662
16920
24254
17130
21886
22564
31230
19519
20100
15180
15898
11884
14007
1985
13779
27455
25220
29391
27024
12435
13092
22614
1793
29034
7013
15486
11266
5436
25006
5543
22722
12687
17213
29343
19748
456
23732
20760
21861
4417
31700
14425
18944
19355
16008
27699
18126
26454
8997
19511
23922
24222
28144
13094
18164
27240
2017
27305
22700
13246
15014
1858
16482
12119
28139
16515
19379
22379
18905
6526
16054
14277
25308
28028
32224
26
21162
13554
3877
4249
25217
5808
13920
13507
10927
6492
12533
125
19288
2335
21685
868
8820
26014
5634
18016
8983
27692
14643
18300
12789
4669
13114
26613
11045
1054
32131
144
29989
31716
24864
4145
17695
1187
32036
14506
30826
32224
3148
32209
10068
29512
11749
31445
21791
7330
13801
466
24905
6658
18540
22946
7697
16447
17462
3575
12342
2472
16562
1446
7170
32499
8967
21318
9095
11382
3716
29690
23081
30618
13377
28811
4444
26764
17923
5306
687
15413
4193
12500
23306
21101
37
6534
2867
19563
5877
23027
407
28544
4915
19460
12616
8198
20257
2815
2626
2195
6985
29788
18162
16754
6172
10964
13049
3155
21209
20410
20269
30785
10672
26254
30432
469
15144
5840
27238
937
25790
16402
25297
2832
5326
5201
4863
25860
29623
11397
14807
30560
10299
19319
10703
14928
15140
17107
27057
26117
24109
11902
21152
10413
6687
31273
20310
30882
10299
25895
8367
22241
31448
30843
19307
5567
14669
9014
4911
30679
13073
28928
9934
15175
3617
3828
25031
25884
13474
4785
18191
24842
17864
14253
6416
18785
3574
1741
13041
27452
18983
7219
1816
23291
14988
32600
26349
11508
18550
16730
30689
9830
17271
21911
31152
31406
31172
22650
16866
26814
12254
14485
4248
19658
15218
30192
8837
31300
17789
27553
9275
29195
30643
22429
27304
18656
6434
5326
5344
21017
24083
15206
31517
25241
28465
7026
3843
16383
27629
17842
4393
4126
27680
5800
16342
23726
17650
30703
25352
32576
5372
19406
22971
2424
23465
14093
3175
32118
8162
15623
26827
27285
27114
25089
19177
16984
5254
18362
30546
31137
14690
30787
2723
18980
15536
21265
592
10268
15378
20561
17056
16444
25786
3707
15865
4585
29903
24106
8542
31142
27667
16427
10806
16336
12228
2516
2383
32651
9664
9111
30498
31228
2796
5591
23897
10681
2261
22521
14734
10877
20120
5567
7510
18721
12544
24273
28542
20423
5615
29853
21140
25177
12031
10849
21673
32562
18280
2950
19542
30746
10533
15408
1789
30584
23890
18451
11345
26051
19417
21384
31513
17210
32333
25312
17201
18901
2582
11256
16593
27515
26063
9741
15633
117
11756
19410
6061
14883
7328
17344
7686
11757
14590
25262
21354
3197
350
15521
3733
22827
5378
14309
4216
13753
8441
22109
30777
5697
5188
10519
14458
29035
24376
8739
29150
16611
16931
14502
22217
26123
28466
4906
31848
18157
914
11320
15602
14195
7126
9513
3885
730
1945
15161
30515
10596
24676
4829
29814
9805
2002
19799
4354
20993
20721
7303
30210
13452
22764
18692
10630
23634
21223
24171
22915
3328
19243
29175
22555
23234
9603
14162
11551
1463
23269
22443
24787
10658
14933
16137
25585
5602
12551
21471
14576
24996
24004
19680
17029
4183
29582
6420
23403
23136
12167
3628
7008
28175
26127
20755
28016
15570
27437
11461
23413
10409
23088
19300
13023
9690
150
1417
26289
9446
28716
15320
21196
22715
31863
28375
17520
11563
10067
2304
27648
413
16602
3860
7173
31747
16007
10931
31094
2060
3483
17194
311
22170
25792
6284
1759
29046
22765
5380
4286
14147
14729
18537
13599
21424
30675
16915
23754
2034
7553
15597
3789
22386
5799
20940
10620
27842
21211
9215
11447
19158
407
15400
31083
7793
28127
1354
10843
17373
15651
8226
27169
21727
5478
187
27247
21226
28320
2621
24731
16787
4961
7429
11099
17733
5304
19195
1485
6710
13651
9760
27578
30617
4071
23911
4891
13078
31955
7110
7900
14455
31488
23948
28385
10660
8203
12277
12615
15057
21414
3836
6380
7926
23099
21872
23857
6271
29395
29514
26366
581
3127
24126
20231
25790
21844
28816
4430
27504
11492
10793
6633
20140
13387
2026
3846
1400
2495
25920
31788
21453
28076
7161
17092
2307
22359
22102
29655
649
15553
18273
30489
18137
4558
15744
8999
19627
17062
17227
11021
17001
11612
17051
1291
27108
24270
24035
11929
23621
5836
29636
29096
19014
22396
219
3883
3234
1020
21470
29398
6345
21066
18407
21541
11737
5217
30991
26785
19914
7333
10047
2911
22248
16769
15171
32201
20871
17487
8736
9632
17906
8056
29352
27714
11940
32732
4427
9001
23227
28020
17968
4533
21673
26421
31109
4139
8493
30264
2579
21501
27266
31769
29205
20812
27606
16541
11850
21931
12541
663
6985
16422
32359
4108
15637
31363
30031
10645
9457
6087
18486
13573
26997
15356
5008
844
25826
12594
11965
11675
11699
19908
2362
19913
32116
4060
26649
5622
31191
4665
6062
2926
5125
15920
25996
26831
29234
24305
30384
27503
6004
31244
19963
4088
15829
4404
5862
597
5799
12610
2161
17618
25879
29309
29788
21118
9989
19992
22170
16596
16403
27900
30979
9371
23292
21448
32585
15883
29992
4118
28461
12337
18557
19201
2290
18325
1911
25828
1042
5145
8059
32355
1073
23076
30056
4784
23119
7936
20592
1799
26177
21633
26406
21371
11362
26600
17111
10485
29574
14342
27934
14458
32559
13989
7091
32684
14852
14627
20100
16020
25726
15456
5127
31390
7141
8155
26574
13029
19835
7191
24412
10673
27127
30788
6455
26430
27956
17179
8766
22976
3627
4874
17725
13987
11039
4497
30911
279
17943
21996
24355
22988
9617
21234
3314
31738
28021
23613
2416
2981
17480
1675
15729
6431
22690
26468
17518
32206
23266
30717
21464
30255
16160
8029
11436
7451
23395
10174
19272
11338
13844
9014
18813
9749
6323
918
9957
19584
15049
27027
27511
2423
6430
28451
22616
11352
19755
28970
6900
8370
30930
7254
13902
589
6733
16711
5780
12906
23653
13300
759
21067
14052
14922
25018
18166
29516
19990
648
10807
27081
13860
25354
19684
2661
15016
8633
11876
1659
30942
4849
3442
11886
6638
11335
30239
22426
28946
14877
28950
24203
17658
4980
14372
6509
18544
16385
5112
20164
1592
17538
18215
1118
17466
2386
10867
14981
8675
3899
24140
26489
30152
26252
13719
18205
11916
7276
15791
21232
15108
4718
1961
30271
15770
29798
5853
21145
3823
16506
6305
10372
21445
5500
18776
14446
10779
15223
10924
12262
12697
6791
28439
30476
29487
5102
16040
29254
27642
29029
14596
3125
16231
24240
22699
7144
21658
8565
7036
31567
25361
846
5244
25074
12932
8733
19155
22498
4624
6816
2583
21744
19093
16709
1997
24606
4189
23871
557
17235
14334
6617
15398
10067
12929
8714
31394
11245
5315
6730
26379
20599
11804
27813
31502
16503
29247
6926
22943
22691
14945
3061
14653
30732
8606
1308
17271
29078
152
18598
3503
12715
19553
2161
3870
27696
23707
9125
14360
26296
23773
25229
3729
13048
27993
9382
29665
28028
14012
13558
30660
21656
30038
14495
23717
19360
16251
27572
12572
7771
2857
8267
8885
6326
14058
13268
28147
18102
6652
28329
3988
28848
24496
486
6935
10172
12816
6010
23164
30311
30660
10366
6987
2472
10551
3526
19671
26134
245
32438
21444
32087
2904
29271
14023
14300
22883
5802
2221
18123
23278
21053
13215
21053
9219
1019
2468
22442
8585
30024
15975
19617
287
12878
11835
22973
20555
15505
5724
16852
5844
19402
8823
18801
28780
4338
29549
12933
27026
12189
853
8281
9143
24969
2752
30663
1184
30839
19264
4010
29963
12857
25387
17811
29333
4877
3740
19134
30939
14889
31163
15684
1504
25751
2110
24977
15791
4675
13872
4121
28993
339
30193
11079
3232
29622
12159
12726
12365
29440
17651
16548
31199
1653
16463
6820
16366
3939
3702
1682
17711
16310
27516
6860
9952
24262
25632
18591
2663
20595
4247
15360
20022
4724
27788
25469
16881
9196
28772
13427
10707
2878
20422
32640
4430
28195
347
26939
12529
28666
29650
23331
27535
19039
5160
214
9886
21502
2342
9604
477
27049
18475
1442
12858
28073
26411
26851
1010
20818
20472
6244
18426
23771
14528
1318
12446
10604
1495
12994
24936
375
30903
14936
13891
6988
20550
31177
1504
25064
15959
17190
25433
16398
22130
8296
8980
8602
23000
32609
9963
7953
1218
23026
13705
1916
16618
11903
24855
15479
24908
23712
16665
5253
19246
14873
914
14246
12382
29709
6511
10796
16059
4206
546
31178
26870
9144
31374
16622
11418
3807
4899
29776
31050
22917
29002
11979
7498
31857
16387
28525
23362
12349
5068
32202
3390
5198
17862
26773
30968
16906
2579
21105
14682
8260
17794
260
24895
2811
26222
25165
15226
9029
17635
31800
19481
23430
19971
31344
30443
5093
32424
20085
28479
23297
29003
5614
21743
9951
805
15168
8861
6696
21651
1119
20797
10641
10431
997
21715
13722
26749
8289
22142
27771
19571
9713
20406
2139
29309
5651
27346
15812
25168
10680
19661
28244
17757
14746
11337
29621
22008
208
22996
5839
18873
28063
7531
1851
15138
29844
3388
26363
22147
6607
16816
15977
19995
9378
2729
27758
22912
12635
2569
26356
17473
5469
22387
24478
20425
18806
4437
8374
27782
20076
32550
13927
3659
16345
10476
14380
8179
2361
2050
18056
23112
28994
13592
4344
547
28532
14203
30758
20948
32752
22935
8287
4547
27021
9914
2119
9304
10793
30234
30667
2329
32061
10010
23384
6930
12468
29385
24394
3706
15358
30379
24488
29075
19808
23741
14
13522
16782
17587
32746
32320
14715
21124
7915
19488
17008
1576
9655
10962
17500
16544
26333
503
10859
6712
19466
15574
31193
28169
17279
20991
19209
16065
8642
28205
22737
22695
19348
18033
6680
21721
15396
21901
6564
25048
15234
2206
45
30023
22870
7935
1206
19184
32722
16745
14109
21768
13029
5215
22768
436
20402
18889
14466
31180
24640
30175
16958
15582
22387
11080
15420
15990
18747
8835
24594
26780
29451
28807
18157
10143
10381
4262
23520
25361
30868
17847
18555
2067
7762
5748
4000
2259
4811
26913
19090
30034
21129
623
15439
4459
11153
27551
12064
3089
10135
1002
20590
15320
26222
16673
32471
1206
31938
25489
16001
19211
11017
8489
18350
6112
183
3039
25489
21100
16305
14159
2913
13021
5125
24997
32171
21077
29656
9150
15852
31794
15264
27786
12895
9362
23187
19381
21524
10262
9054
20358
9538
14567
5403
31239
25054
7415
12413
4454
7788
8586
11598
20379
18710
26612
9244
13643
16635
28580
47
1004
30665
353
19902
9003
20878
24532
14434
30090
14027
24903
19914
24654
3275
22188
22705
2712
2098
25569
26637
6098
3545
11570
22153
24908
5593
32288
26166
29479
17638
19808
17533
20595
12255
16935
2649
17044
32162
7845
3267
14314
23333
13263
4461
30129
30147
16994
15282
8485
28627
27941
17869
25578
895
8302
23114
12204
18388
4839
8635
25859
19477
17298
22700
24985
32085
6411
473
14734
2628
1550
2206
8219
14666
22328
26542
17270
25810
3602
10248
8182
4585
27979
19495
3704
21767
6725
31609
4609
31020
30676
531
10405
7471
7746
30883
9127
15187
5270
10406
19169
20252
12053
219
20326
3425
14090
11767
20839
25249
16323
11162
32083
11163
19676
24962
1090
23576
11712
8447
29588
2060
12908
5798
12245
733
7542
1098
5860
2307
30542
22312
3413
10193
9925
28258
31507
22418
29387
9647
31562
31704
20861
30800
17284
15889
10335
20550
1554
30299
25061
21954
21421
5786
31801
21213
16477
19399
30008
32649
20378
18827
14269
18887
27569
29708
28195
28187
27754
23559
24069
29757
28904
16671
12616
25618
4304
3700
20572
18138
10414
1400
12734
18603
17812
2814
17090
3614
29700
19092
19855
4680
30223
9235
107
8428
9407
6004
31289
16622
179
8933
63
8971
13833
18204
16685
26824
6017
9708
18779
22440
21726
28438
3155
19618
28816
3937
10127
978
14481
21997
17028
2159
18061
964
12255
24829
19269
31154
13326
19396
10549
30807
5378
8064
8820
9850
22323
9306
7645
20896
19429
30999
18284
7389
21674
22672
4074
4587
41
21346
20429
18553
25629
20966
4442
6085
22689
29284
17932
1645
30890
6019
27449
27779
3029
15108
25075
31711
15715
22704
32301
8889
17537
1423
4382
31863
25037
1883
29419
17603
22039
52
20352
225
13924
661
15038
21311
16697
8583
20444
11598
6422
20757
24583
21393
2112
11007
29772
26612
12739
27571
9912
28254
21432
15224
5822
32649
32452
6125
31960
7698
26337
29106
8561
25036
12641
21093
15107
27994
25648
7888
30589
25085
23129
18784
13543
17834
25035
2265
11592
3936
26206
26441
6600
19896
19985
15675
4370
7102
27285
27948
9468
22527
9232
29507
874
20963
16667
7484
7791
24893
28684
32422
8118
7201
30075
30030
11041
7926
9215
20987
13487
6859
313
31067
28067
7663
15380
4414
3299
19131
22602
3586
30366
28851
13099
13390
1841
15310
17818
25348
1356
28177
18264
14704
32592
22370
6021
28102
6140
32668
3683
26571
1609
14047
7262
29650
19602
42
23113
8682
27384
2603
28395
9558
4357
10837
28090
18493
4752
3636
4838
18339
9184
5885
153
11160
8468
4970
24958
28591
25793
19396
5248
4018
29150
5185
17876
19604
29917
22929
6457
15783
24603
23476
18814
527
10106
2830
24901
9847
24396
15293
28936
4867
17012
9002
26201
5509
25543
21470
26734
23539
3769
11160
24028
29465
6965
26524
32675
7563
14540
21325
7531
5854
29970
17662
30477
5911
325
23814
20309
10852
31536
15122
7175
12554
15695
7616
30495
7071
31284
8297
13661
14201
10025
2877
17921
8038
31255
27030
16340
9373
32423
23174
16231
17397
1702
20402
31391
31573
31150
11876
11633
4972
18435
1755
17387
12706
1211
21990
25972
17998
27426
1201
17748
11049
21340
6878
23671
1539
23116
22231
28781
17332
16565
8291
2998
16214
17823
2424
19261
27057
32765
20817
9506
1271
31628
7615
3260
18610
7422
24260
6111
506
4440
4190
2394
1003
19609
20129
25796
31830
23452
28680
28537
183
3391
6669
17119
26471
14021
1015
21486
16659
6009
23540
5103
1645
8084
615
3715
20001
7777
3971
10472
7947
7071
22297
26232
12967
24615
24238
22130
15305
29135
31185
3837
1422
1677
172
22890
32402
13024
21720
29626
1123
22379
10358
2912
822
4579
15227
21832
15833
13612
843
26391
20969
3263
28810
13749
19525
28495
18222
23817
25026
25772
15577
5379
8225
25319
20839
30688
11070
26295
5570
32169
23177
27419
21758
20733
19130
1089
21410
24849
14273
8615
6467
21749
13052
15232
30808
17433
2477
28505
18505
22543
28587
20476
1481
15250
16984
27797
19814
31432
30674
21267
25694
14532
3694
4561
17333
24143
4194
31862
22916
9704
32705
14362
29844
10505
16045
21162
3627
21164
18376
27021
26150
23310
19179
9095
9544
12467
539
478
31186
29354
21176
19644
25172
24594
3832
7893
6850
24797
27540
21577
24522
3028
32193
24780
31845
19931
21858
20740
21933
5751
1916
31538
26862
11661
15594
8981
28671
5741
6482
5388
8147
9230
3671
31866
13643
8859
28432
31086
17486
14895
22457
14724
32028
28382
15785
6150
23519
25076
15236
2391
30340
14465
28082
21906
23752
19221
29456
26222
16022
712
26085
11365
19600
1917
24855
24341
1772
9064
26015
7398
28289
32718
13370
11757
19489
7948
28513
28176
554
14299
6524
8811
7256
21970
17235
15859
4573
25389
32453
22873
28084
32716
27068
25138
20786
18815
25952
17748
1246
31104
19851
6275
2946
31553
17533
1869
27522
24680
26322
1842
8813
22040
31665
5896
30418
32627
30021
3486
7253
22877
21873
15264
24065
2946
19135
25786
17120
19098
6554
21504
24777
12268
9662
3982
20858
10768
12268
28523
32231
27386
7138
7092
13265
30516
21130
13814
14745
14955
5234
12763
21591
17709
20604
8457
29735
6129
21207
30279
31427
8024
24621
993
20567
17842
4382
14670
14992
15812
494
25617
10742
27337
10874
30685
29053
2486
29297
8700
7254
32706
21952
11250
22027
29222
11598
29021
6347
2849
28650
27935
5635
4160
32642
8639
3374
11740
22165
24845
1261
7140
10730
14085
6746
32733
21123
31734
23193
12326
5069
20964
23217
15489
4633
4394
410
24527
3407
26723
14488
16155
13281
13195
30151
6618
8703
20066
21750
20337
24842
26129
12984
24056
31562
3600
32185
15934
30691
7239
12879
16653
21253
4212
13393
20911
18020
2764
31532
16816
30184
5605
17459
486
21669
18387
16183
27823
22029
32402
26968
1402
16228
15268
2586
20873
11637
25338
1724
11765
8836
24856
32709
18162
12419
31861
27871
5204
5001
22048
10984
32594
20607
23977
12359
5514
11293
15423
23420
27974
3605
31510
4091
7934
9357
26892
5435
30750
23507
907
27658
19208
32332
26289
3619
93
4270
2222
19458
19833
15983
17518
15607
13372
27262
30585
30074
12304
14384
14103
30654
13351
8317
24759
4745
24325
26476
2449
8770
1855
1484
4491
26700
1410
23333
23897
27794
24534
15342
31721
7523
14884
12288
15102
8577
12278
30027
28443
4212
31615
6856
29346
1316
3547
18350
8253
16039
31896
745
19581
17240
26740
3784
705
14889
16744
11510
2394
28218
3046
24235
28908
12458
2912
29987
13079
3245
30217
1616
9303
478
5599
6604
15657
14551
31465
8721
32368
26111
8893
5612
29974
20132
14662
15919
8438
9290
22212
2983
17146
10818
24340
2381
22144
22910
26162
16064
14851
30371
15868
5875
19191
20064
4409
7971
30964
3071
12249
12813
5143
24121
28798
25437
23206
24143
19260
16233
2546
27990
4509
13087
30338
31698
26601
12348
28525
28551
25508
25024
28936
7052
29527
1182
27329
32417
29588
14519
7243
15298
5428
24073
19964
253
30947
21028
26739
20608
9183
8670
12157
24566
12796
840
9274
532
26860
11233
21115
20078
4285
22281
3439
31632
13731
4280
24447
8010
14072
6255
12662
18763
18305
28783
27877
11249
17139
27946
7622
18272
31925
22775
22367
19154
27624
9
24681
8238
22693
14498
27250
21979
28293
15236
22656
23254
22631
24745
22775
16642
18797
5171
22204
31168
5960
6054
1435
16576
18870
25429
3558
10519
17224
15386
7007
145
26473
20810
21336
32072
24988
30440
30233
26997
29189
20505
12162
16775
25387
32216
23282
30834
3324
9707
15975
22090
2322
26134
230
9488
31796
1934
24605
8140
6432
1712
26951
22491
16519
17139
14672
1163
25178
27420
2105
28901
1092
31153
959
31690
4472
21935
15671
24130
22444
27519
11965
11280
21861
21031
7053
17034
15734
20670
20401
6567
21443
22562
733
11098
1867
17645
25239
25886
28006
32164
1946
22482
586
16690
23165
6600
21204
14741
11152
3865
29574
9944
519
3131
26828
13889
26202
1749
25731
22987
11243
18641
31931
13270
32234
22963
16316
27422
13173
4650
18760
31466
12036
3557
15648
21382
19717
28584
19146
24306
9667
11167
7824
15836
9868
19442
25548
20684
17939
25497
15459
24991
22547
9074
20880
310
17461
17809
25059
28015
9268
17111
28809
4948
3391
1734
31181
403
2207
5523
20703
24367
32665
22653
2772
14964
7830
1118
6895
17456
29569
20096
1055
19232
19313
25521
17352
2985
5000
21914
22982
10184
16667
29260
4528
23372
1298
14876
29017
16451
20114
26545
28829
14258
24794
15963
24154
19081
107
4774
5820
5845
31596
16688
28350
7480
4428
1975
30957
662
32169
29814
1903
6674
10865
24498
3909
19257
19783
9104
20685
10364
29736
1577
27019
18916
17742
2528
13096
16385
30292
6132
5051
13092
16028
14673
9032
718
18670
20908
19078
31079
26721
4302
16102
26675
5247
3632
32720
16259
28836
17097
14640
30504
25255
21796
12081
23341
31932
27573
5960
4294
16025
31085
629
26499
29144
14476
15558
19145
9629
18359
17948
26499
3448
7498
18481
23061
18317
17647
11738
30865
19954
7024
16266
3374
5976
31945
26904
5366
10990
6274
3266
22206
11138
24635
1905
26203
7657
17545
19007
26643
28322
13312
11574
10322
31414
4241
24410
23454
8162
3863
6122
6861
6136
13612
27876
28534
9091
26945
29383
1189
18346
18670
2460
20435
9047
14726
31543
17941
8088
26351
20155
29075
32581
9392
30044
31548
4579
25932
13417
31928
3528
15311
28809
11934
21888
7078
15941
18152
11376
19123
23494
7076
7865
14753
30688
24044
8287
13941
27216
279
10155
11622
16706
8753
18125
27631
18455
937
2246
6690
27492
29002
5509
24127
7742
8300
24912
24197
9397
24684
27494
5448
26526
12121
20451
11076
13718
1776
12515
19505
5443
30155
15082
10648
3293
22741
18564
8164
749
18689
26920
12732
7253
4412
20322
19856
15249
16544
27186
4466
1340
11498
11695
296
3542
31022
20207
25215
5316
29897
30507
13282
28824
26264
12831
28970
4243
6247
7088
6840
14184
13996
4305
12993
21315
22646
26535
9450
5898
17312
29419
19477
14563
16714
21649
2682
31222
5769
25511
10233
23412
30046
10623
27310
9432
31205
14864
7623
8045
1999
27546
31378
11024
7186
12681
10202
4151
26335
7836
17268
13106
16853
21062
10773
3249
22132
21845
29031
2951
2260
10705
18523
17325
31383
4647
12736
3722
14876
21382
19733
113
29173
30602
8603
22380
11420
20760
8111
18232
97
18569
19543
18064
14247
13066
19227
16815
18768
14658
14870
22032
13686
4406
5196
31608
6748
3946
3646
15926
5540
21321
8380
28329
17858
4807
13819
27140
32688
18757
11495
24654
3299
19893
9914
15277
1407
5118
21198
3299
6855
7586
11439
8473
26071
23966
24693
9436
3733
5010
18769
30821
24293
25121
15973
6429
5660
9371
8665
17504
4280
18393
26155
14209
6222
10857
32198
12559
28611
18412
26839
5975
28607
13243
21852
26666
18271
9937
1405
21985
13610
9445
28704
13725
19527
31958
20408
8916
6637
10316
4957
31753
16154
20125
26146
7386
21128
28397
16547
31040
7901
30106
14557
32275
4385
16599
1091
23244
27510
22678
24590
6287
4099
23980
21460
8809
30770
29743
604
8918
11291
11555
31921
23174
20032
13142
19317
21600
3962
16265
8824
6856
7987
6096
29321
21021
27606
7740
19852
23686
18308
12982
20685
27375
17673
27694
2452
8014
24846
27894
2042
9259
19343
22120
5114
23903
26000
8143
14539
5660
18188
21637
6765
20525
24879
32088
18819
6271
4293
14642
2400
1249
13553
18682
15460
16136
7714
4789
27273
16598
26947
24561
5689
9692
6962
23395
21347
13853
4212
4559
21709
3604
5415
31272
25516
2041
14647
18681
30066
19009
13525
4867
21479
8036
28965
807
2939
31458
2359
10119
5082
20360
22329
6633
26306
6895
25067
1884
30993
19015
15955
23325
18979
23634
14769
4283
32090
25779
24501
29050
12798
21609
12528
16629
3400
11159
7561
7432
10937
30854
6193
5357
26288
18412
21848
15269
14140
27247
2721
14746
1839
13157
17044
8578
18292
5342
6292
3206
10914
15588
28944
16804
16080
6145
509
27730
22956
23810
16259
9828
2759
1531
246
22831
2099
23179
29193
14831
18768
28513
9278
25958
17379
16127
21665
24262
32616
16318
14774
30161
29354
6931
28080
22591
24464
27152
18659
21088
8506
6958
16508
770
8268
25929
7536
1685
24970
27628
8114
23949
25254
30927
25001
4616
14677
28318
4065
24753
10408
22780
18689
26852
8346
15816
14845
10259
23526
5023
19084
17512
4123
418
28125
27307
25585
19577
27525
17255
8158
5272
13501
17224
19685
18880
6602
23240
13743
30665
29628
18698
32220
20640
5723
5638
17307
6028
7775
30695
32632
20917
28639
10161
5750
24550
30988
26919
21086
26002
3359
18924
13398
8469
27536
23528
21941
6461
18313
28397
19222
17417
25498
3483
15788
2736
5550
16769
11989
20197
18238
25220
6641
21850
17860
30085
26740
14723
30579
24126
27706
20124
18469
26733
21531
4589
25237
27701
20160
4685
2510
4545
20404
28901
9955
30762
10942
24374
24289
17307
31087
15966
17666
22195
32503
17302
32035
15146
32317
17920
25208
32184
13870
6560
1663
306
30804
7079
7218
3319
3499
21496
9089
6794
23985
20453
26879
9856
3005
6713
11740
2205
32401
29820
3091
5946
1586
13682
27364
6633
5112
28901
6021
20316
14561
19620
22037
2691
24106
9932
32465
10997
27681
28998
31626
29841
21301
26257
14679
2661
11087
31682
25223
4303
23909
13257
29913
15073
2892
14325
2032
18186
10701
22971
22529
12019
252
25011
26831
3752
1733
20451
21721
1784
18376
28992
7377
7966
21095
28274
2897
27041
22556
14296
202
28792
30992
29388
15293
11378
28138
19496
28973
3029
997
21512
18772
19525
7974
18130
5269
11240
14156
26484
19634
13768
584
20205
13887
11641
16751
21775
13910
24059
25805
30339
12429
20449
30909
23565
293
10931
4535
26385
26500
17810
10856
26455
29925
11034
10248
24075
21327
5261
30952
29192
30915
8237
330
31062
6842
18153
19062
15344
30159
21820
10250
21451
15800
27475
18322
19989
18810
18542
24152
29114
20445
25992
27006
20269
18462
9018
13385
32101
17125
3805
6336
10278
20342
751
11894
21377
16683
9911
23460
30878
26914
4396
31866
24505
6195
4884
5303
23403
32037
27753
16248
18731
13089
28928
20813
31508
5222
24685
24722
28393
9535
29985
10237
30294
11058
28373
30579
13432
17531
7212
10016
5280
5049
10131
16582
7764
21478
11116
21333
19095
26764
20845
9405
15979
15926
322
13824
3731
3877
25210
19851
28829
24645
13728
31686
32032
19040
18600
19946
26435
25488
2702
8979
19838
23802
569
22422
1957
10425
11429
14996
5666
15385
1601
463
5761
16902
17302
12221
24883
20932
32042
8155
13451
32224
21156
11588
4365
20326
18736
10114
10984
340
26917
2468
5313
4175
24294
10128
1970
29333
8966
17819
27795
3123
28079
20055
2680
13176
31044
6828
32378
22953
22597
43
24763
11254
25203
6558
15012
16557
32053
32228
12913
9390
17211
22780
4080
23839
20321
7007
32389
12640
11990
13203
12402
20801
15997
1533
18261
11123
30611
5879
9714
2109
28563
6946
3891
15472
3926
25085
13933
2205
17791
20151
9445
30853
14358
21314
6291
22225
14707
8617
16422
2308
1118
1955
30792
26541
884
10344
28194
26337
10189
2243
19235
8936
4827
8553
19965
9527
6037
27529
29937
30110
22229
7076
7501
19395
31487
32415
15411
29903
22244
11543
5275
16743
27622
2292
3739
4062
7004
14657
5095
18089
1848
6203
5524
21267
26087
18343
7969
50
19832
24425
6839
14873
14849
27219
10928
4431
21310
9531
15447
4736
13692
13392
14318
18035
16821
17070
29174
28220
14589
16431
16810
20403
10012
12676
24781
9764
24701
18053
30885
2888
5959
10950
72
27764
19401
17515
20502
24593
7195
21821
3719
28492
14082
12797
23079
10254
30229
1016
21726
2863
25374
18651
29813
10983
11459
1225
15446
3461
20070
23211
17555
10339
28489
32455
12842
1817
15606
14229
1160
29425
17630
24781
23627
11931
4416
9413
8012
6690
3404
24570
7645
21279
29833
25324
7503
9517
20852
1584
27576
24220
20330
17600
24818
23914
25543
20629
28903
26734
4688
21880
13068
10455
20686
24085
812
22485
19964
3921
8039
29846
8099
11741
26490
5748
7172
8715
8513
12141
25206
28129
26234
21203
22352
18797
8139
21572
5897
22871
12551
21213
9374
13245
15021
1195
22324
10042
5297
22114
19199
30792
26239
13138
22882
2249
62
2454
23640
7648
22865
24207
16658
14341
22564
1937
11746
12633
18213
23259
16215
5686
6928
27853
8362
27659
28272
11605
856
23143
22115
31147
14865
27219
29853
30270
31441
20453
27311
17646
3149
29202
4745
27515
25232
9412
8254
32317
28390
18732
4360
25366
9977
18522
2956
16550
1850
7179
5471
28093
5250
22978
16840
29974
8441
29722
15816
322
22584
9818
23895
17634
22186
15946
3569
13081
20536
14405
21073
7233
2597
24976
11133
733
11318
29930
4866
15567
11543
25956
27265
13516
24058
19315
1130
24588
22913
10308
10760
15430
23006
29519
17086
27099
14905
9775
144
13906
10065
15025
13796
11012
17255
20267
14474
29720
16728
25871
30203
13234
15113
28095
7390
5480
18183
6563
32721
13814
4463
7546
5477
13106
31756
25069
14698
30786
2496
20842
4974
6668
6437
14383
18048
22510
12915
27301
20026
5295
27813
9712
11518
23478
11735
24260
20351
18042
19187
29306
18819
22074
19084
28259
20456
5614
20234
24924
5093
6269
27656
27554
25491
10032
27386
232
13228
13415
17171
4263
30354
26251
18534
2230
25747
20291
22091
26138
6507
8939
30980
18463
11018
1090
23200
14760
7576
14434
30496
9411
22711
22262
23513
9344
520
19111
30233
10500
24816
13783
13581
8665
12188
3986
738
8840
32066
3265
22827
13674
1450
10657
29827
20667
8686
26484
27507
8688
13950
4727
11414
9034
16998
9235
10234
12204
29652
5463
10186
2218
26068
13734
7210
738
27487
22957
24163
19599
2964
30360
12096
603
4933
32134
29880
1653
24501
2874
31436
19940
18080
16403
15283
6171
16252
21566
29493
17613
12799
15402
341
15362
3553
28988
24626
7275
4067
12997
12591
9202
22544
21297
9554
1686
13635
25985
17642
10102
18921
24315
23157
26667
28168
287
1216
603
29313
8158
13392
8075
10642
6151
6145
9013
22686
2562
15597
23323
30513
11456
25999
2522
24383
19698
23593
32706
21164
19577
17506
13797
31249
13854
12340
8046
16574
14724
31749
9525
12795
9050
13844
32656
15252
9685
5399
25195
31124
1374
16931
12187
28496
32136
31179
9071
20903
29252
18572
12168
18057
16728
26217
30699
15798
18445
30162
9813
18120
28968
10698
1999
2164
24348
5961
10369
15629
1662
13791
25035
22601
19641
21403
3730
14920
32515
43
23000
5074
13712
13124
23440
24545
30469
12869
30640
5727
12335
30999
13191
31792
21493
10839
30033
13427
14219
19127
25097
30469
32489
19361
19838
4167
11644
10526
28841
3618
12059
7927
23102
15944
27964
14618
19841
25020
17512
17214
859
14740
28140
23498
429
20734
12754
11763
31972
10369
29967
5925
30670
9861
30718
15269
5548
28950
22797
20084
21128
5349
12215
4214
5576
7567
21426
19155
21252
802
9321
18590
11541
4318
25772
5045
20334
10552
32422
30952
29104
2853
17424
5981
14712
31892
32421
32562
28283
32316
25814
9061
13526
27801
18110
8945
16799
12849
1880
11578
15808
28444
13808
1451
19205
14787
23511
27294
24435
23784
21083
25468
27356
14055
13558
14885
31408
7739
17350
9106
20502
28483
19005
23481
7227
10054
24090
14512
22250
12470
2712
30998
25438
17585
15333
20911
30548
1485
32469
32334
30820
14357
26840
23032
17296
14927
15402
16966
4894
9345
7241
18955
30371
12211
26284
32567
4449
19189
946
18427
4818
420
17369
6958
7557
5866
7472
6128
4137
31364
23823
16525
25832
31432
8709
23716
6902
22502
12818
18056
24169
7278
278
10214
25163
24338
31626
27048
8429
20910
26990
23322
30335
16773
32130
21579
18910
27853
25785
22455
14253
20847
27115
30498
29607
22792
458
32711
21555
1587
21271
12722
15417
1802
3862
1643
22325
20714
11839
19156
23434
10615
25910
4180
18200
16608
26109
14645
18960
16741
16745
9291
21511
30742
31954
15319
30538
31453
12303
27562
5746
28606
16289
17038
4152
22878
1839
17121
23946
3266
2099
9859
21982
13402
28914
6643
3526
1086
4017
12980
964
951
1574
9462
3936
4097
20781
31858
18041
31823
30908
23702
19673
29456
31769
3042
16908
31857
20042
20114
16753
20003
30414
21629
10385
18526
10890
15933
6064
17446
28934
32144
24738
5837
10713
5374
22496
28345
1634
31420
15323
28007
19385
8913
9872
8880
28901
29815
15709
19787
27984
11972
4883
1172
19320
137
28748
12171
21478
22395
30207
27936
25700
10896
20049
20910
18283
17324
24494
7621
8155
19581
13849
21036
15598
8867
5824
17702
27247
14101
29140
7413
4391
31936
9879
21405
15257
10865
19895
10218
21231
21492
32218
8116
10291
7806
15994
32610
7618
5192
7411
23213
1278
23421
6106
8871
1092
21590
21649
21755
6430
25219
21272
12406
2745
26062
5158
4806
24729
9723
25977
25474
12683
13810
18538
12395
24283
4640
9924
24306
4040
32282
18902
5882
309
25987
18375
19166
32161
17457
23338
182
4441
22923
22738
16598
20204
11061
14312
19864
14304
6896
24634
2140
7587
5051
13014
10188
3780
4670
216
9061
9315
3177
25728
30771
17383
31833
12424
10971
10479
4731
27060
10975
19338
21235
32426
31518
30378
8767
12804
17306
8918
1303
27300
12414
26912
6040
24135
16992
8791
32674
19037
29635
1661
24191
12057
22496
24699
1477
16580
5798
10772
29565
854
27135
9240
22916
17479
85
16090
13362
26275
26709
26339
13370
13661
27122
2536
32721
12261
28845
26618
3859
1276
27412
1277
10146
12232
17289
20059
15248
27427
22085
18682
12159
28473
2205
23403
19462
11602
25987
2148
24151
32236
25423
11632
19487
29965
14016
6629
7854
20695
22333
4630
18776
13917
6241
4811
12059
12469
31927
26862
11138
9807
9666
29063
8904
14468
1345
5611
23873
16754
13232
22575
12790
25608
4114
995
17551
25181
3310
22269
23159
11846
20120
14100
2874
26663
32433
18127
20530
16393
30961
28572
14178
27885
13604
13221
15778
11872
4723
23552
5117
3152
26597
22309
21591
18718
32294
23462
26962
14836
22150
8986
11635
31065
25412
20826
1409
10243
5389
23537
31278
12268
25024
1485
5370
15784
10356
17211
1107
25589
5820
6674
19201
7572
29482
21037
32449
8535
28945
2591
23088
15484
29071
1059
9707
10041
21963
16210
15605
1944
18044
12569
12377
5765
5291
13033
19984
6949
6073
30768
3876
12394
11427
8329
12566
2277
14981
14895
32382
9435
24669
18616
2801
11930
12306
9216
26151
28941
6837
17251
2653
7311
29190
18735
2553
19965
9018
25176
16493
3087
3835
20078
2653
12008
8881
9165
18692
26091
5888
9236
13524
20433
30609
13528
17244
22776
22550
20633
9327
21502
23176
1012
6787
143
27315
19227
12887
29819
21237
25475
7641
6924
3651
26076
13894
16022
31596
15430
27027
20559
21922
18626
5900
25185
5686
20454
7995
2110
9123
31702
11019
4404
29134
2927
28205
20801
30604
453
26811
27688
7525
27088
27675
22212
2456
610
26407
669
27998
26204
15754
26553
14195
1314
11885
24757
20435
32588
3668
3348
16577
15263
22594
11734
28942
18491
23076
12364
21400
23573
108
23340
12305
3240
1277
20961
26882
3048
1351
25124
25359
632
17331
20432
29052
23068
6209
4850
27632
3185
21615
15392
20857
18908
7774
29453
7377
3264
1840
17242
11744
27892
24756
11182
27777
18292
5701
8968
2185
3670
3311
2132
31494
21760
20180
12349
11460
27801
1486
1347
26134
9405
2390
28173
27602
1141
933
28160
28062
3942
29208
13328
10602
27464
1241
3030
26686
31130
8636
25827
14390
14740
3687
25685
1995
1630
1462
13480
1619
1407
15454
1998
28107
22936
6352
32641
6613
27986
8800
28632
4093
27285
27558
12312
23872
12795
31780
28109
27855
26244
32042
13850
15376
24971
11767
10574
4070
8952
25377
3255
3890
4536
5431
11963
26266
8298
17060
20772
22921
10843
10454
3516
25718
7349
6304
26906
21610
16371
27101
1979
30652
13720
21079
14677
19487
32289
9191
20071
19936
6968
13789
27669
19560
8746
32161
21043
26632
21147
6811
18336
7414
1401
22865
8405
32658
2094
29135
5309
3566
14362
1356
21448
14990
29248
7946
5435
5228
11071
15486
3786
12351
17285
8369
2664
14077
27583
30438
3678
15775
11667
2173
19354
18980
27794
2583
17994
10712
29544
17403
27818
31958
24918
6585
4122
6860
3043
13581
29812
13566
10446
22533
27036
22926
21574
6758
9049
15354
18269
5709
17251
26342
21179
18450
18877
15132
29071
9585
24388
24529
2252
12268
11913
2090
9873
1643
16092
12798
21992
14886
1449
16862
23220
27332
8712
8274
27109
28100
30351
15462
12782
1309
5482
5989
18297
26913
12974
15845
19033
10663
4331
20995
22208
10857
7169
2800
5810
16043
9780
19885
1977
10270
31618
17170
18651
32003
16179
3861
1225
14739
18355
3401
19545
159
27805
13989
30006
20340
31512
5255
20694
10497
17510
25848
20397
31804
31418
21554
25761
18881
20554
28512
15549
19644
3238
13476
7977
11018
3144
25694
2394
28827
24172
30636
23430
23067
29986
24621
10587
13009
7073
29963
752
18887
9950
12600
18940
16939
5213
9975
26438
17141
2887
19615
29788
18890
29630
1691
11656
9504
6253
4790
16384
22948
1635
14486
18525
30424
7969
25477
5454
7937
4337
2424
654
17984
10618
841
19
27903
13970
14920
6537
22926
26963
20210
4606
5390
28529
7424
26591
12175
14026
16548
21795
3957
3903
271
8134
20512
7875
17462
20089
29644
23473
28630
5528
27829
355
23477
4188
16767
13056
14636
6738
20694
16533
5090
23819
30802
17000
20442
26133
8861
32393
18608
22827
215
19625
30239
4777
29497
27695
14791
20035
25849
137
14893
9717
8046
10176
28420
32061
22645
24400
17067
11401
19
11062
27894
235
4444
13130
27441
25620
27283
19151
14690
16512
28818
5705
12495
30190
364
17294
12224
29203
31314
2080
28294
16783
21683
22970
9660
11552
7847
5417
27085
14102
21134
1885
24503
3335
20980
3264
12046
16835
1977
15047
21827
25482
30062
18374
15910
17021
12289
9480
17834
31571
3997
32543
1768
6733
5836
6265
7271
27244
21727
12852
13723
17633
18319
30515
9643
29893
32740
7538
20344
778
3670
12694
4826
32434
31283
16585
7980
5438
18496
21700
20236
3946
21667
30253
29020
1559
1024
10532
9100
25481
4067
6169
8476
1234
29278
24800
11356
3982
13555
14343
29815
20433
9907
22119
7343
12894
15784
25849
18666
12058
10097
23275
21358
14272
19756
499
4073
32469
20121
5348
16308
10975
14459
11391
7000
18898
31298
28299
5458
6347
24296
13096
14867
29696
3353
5216
20811
759
21142
7167
9319
29943
16091
932
3672
25021
20736
15129
14487
8815
15581
10464
10598
14038
2929
22798
1880
2759
6789
3677
13843
12258
16268
27004
12373
24448
4558
6825
17205
22758
8133
20866
3756
28607
5063
24344
28499
24265
3046
15942
13678
13006
10517
30273
19754
25046
6540
2927
15395
25243
8813
29309
6185
22589
27815
14764
23364
9783
6426
23659
14581
146
24573
29995
22719
19544
16253
16751
6630
25676
32167
11298
17527
5592
392
21038
19336
27207
18323
13642
1217
4148
30019
4371
31004
31042
20481
1631
13032
14
6983
4302
11540
10850
8710
31394
18346
23468
28485
17104
26010
2990
31243
10582
6073
21878
18560
21968
30985
29329
20047
19526
8251
30332
2638
9289
19058
24155
10081
13886
9034
18669
9372
13049
19993
27328
18599
22926
5237
4769
25703
16227
24054
21079
10458
24202
21820
8081
5187
24142
24116
284
14984
18956
16792
7257
27864
10821
12725
14063
1168
13296
3185
189
21856
533
32396
14867
2730
3479
27686
2593
29738
22354
17026
6575
1500
30821
5897
17935
3866
3281
14226
80
27909
11332
4064
11445
15399
25903
2156
5733
19799
28190
16997
19300
25052
329
21750
29890
29397
5734
28615
32531
2008
28354
1734
10015
24793
10128
27431
16090
30541
18049
30121
16022
6800
29845
9756
30327
11140
23344
23584
29735
15228
22384
3375
28876
4696
30654
7134
23351
24561
30627
13407
21086
7351
11741
21067
9229
23960
8371
21406
9176
7972
13445
15620
28244
19439
10407
4947
27783
567
22128
28248
11164
23751
26253
10454
23771
17179
28827
20940
4569
1221
14582
17143
2284
17424
203
152
7650
29666
7285
18039
13043
27879
17414
26152
9715
24043
21027
23181
9677
7048
25878
13468
31788
4866
5662
17762
8059
25711
15113
10568
8464
26651
26117
6294
19364
9002
6068
8501
1543
28543
22398
11705
19985
23261
9771
32159
24540
332
32433
29394
23856
26303
22858
22644
2367
5107
25802
1756
27795
31386
27184
2267
30020
25785
3707
9796
26478
29519
26303
30635
12770
28727
4727
26476
31516
30543
20509
17392
31350
15066
16376
18219
29083
26403
18742
14185
23101
26980
21818
1355
7179
7653
21815
2828
24285
10600
17918
20745
19762
453
9748
31617
23261
27090
4616
17817
25595
25733
31491
11683
14376
25437
11169
13983
26099
13309
3839
25346
23183
28955
28182
19639
10699
31384
5959
32356
4675
14576
9270
29166
4568
12245
20956
22591
7775
9239
7896
3655
22166
22727
9222
25408
16220
10140
23379
5175
24865
30869
18640
8392
22939
23776
14853
23849
13754
20731
3975
25962
10207
27161
17613
22010
28233
29383
10815
28014
32207
15055
1424
31614
17621
7773
3150
16720
6777
2144
27831
9978
11789
29747
22735
27202
2762
12925
18351
10919
962
30038
24864
30374
7191
26539
18280
15926
16235
21475
13156
20117
24215
7618
5847
15174
17568
5006
14594
22619
14311
23153
373
10736
15263
31263
25892
27896
1412
19384
10685
7484
31690
20464
29497
7328
20308
12397
20402
24488
1575
28785
13684
17212
2590
4280
10070
28584
4063
10916
29515
27879
27149
18071
16180
19489
7360
29088
22520
2674
17714
22107
30423
4333
10683
23826
28923
30177
1535
5928
1360
25434
26470
31160
15510
18155
11724
11129
4021
11947
1146
27109
18512
30590
26453
18842
20380
12438
2134
22016
24435
22585
10554
21548
18852
21956
15739
11524
18830
21744
26750
17060
5101
26196
11278
13569
6387
2347
23305
22988
11419
600
9305
27546
2362
9383
18982
13377
24662
28246
22858
13957
28092
8148
29958
6900
16589
12232
2803
25614
12313
16469
827
11689
11055
31132
16648
31636
24242
28035
1853
23419
24240
26805
5477
24074
19248
21739
4328
11093
8970
4201
3717
13944
14588
24267
20476
21626
32505
22273
2571
14968
7108
29337
18076
9983
32446
8764
14141
15033
26109
2940
3024
17484
2717
21453
8580
895
26459
7376
7684
10143
19807
5592
19182
3361
15194
18087
17798
32392
10961
30584
22188
31881
18361
23107
1803
20845
17987
22844
17300
29624
19193
11932
9771
31752
6410
10661
13983
12863
31458
17632
14304
30180
6398
29098
21868
1479
13055
15598
17675
27364
28413
12596
12476
2698
13085
6619
31983
9149
15718
2978
16116
15320
28112
22126
30644
15991
30366
17479
26271
21651
26350
18851
2277
14063
17295
2791
6377
32691
8722
23339
8691
16215
31268
6205
31780
22723
8475
2025
17584
26805
9166
6776
9799
15458
29354
13943
1492
7008
5122
29114
26474
26819
20647
23456
8059
24455
3769
15511
9292
28206
20156
28387
5029
30121
32494
13468
16589
28540
6360
12022
24246
16158
15652
23238
6772
12958
16814
13889
14835
30348
26078
29702
4842
279
8500
24415
28171
14451
16420
21955
10877
22654
17189
31136
13707
23458
13317
600
10910
27389
25983
19849
12136
6591
20751
5522
24675
28628
1797
29011
24954
1988
25817
308
26373
17367
1470
28008
19195
24188
8569
6515
611
23019
19828
12521
1804
4874
21518
29049
2430
31629
5686
22059
32560
16226
11064
2022
24828
22860
13014
14133
11727
23246
3483
17226
1445
27466
28524
21060
28853
17002
96
16045
9960
8639
32722
32327
27536
4520
7604
26120
20823
25974
32293
28515
31349
19149
6982
25289
10535
26701
31050
2928
13404
20338
24781
22611
13489
17849
4967
3706
32159
10501
11904
28795
14067
29504
12390
32577
10879
8517
21404
14348
6672
254
13430
29625
12704
10953
29922
19268
27084
10785
21129
9611
28296
6522
25367
21076
24081
13676
27350
22162
29731
11028
386
19940
30061
9656
31065
1375
28482
24489
15473
13197
8081
14958
5198
29109
6423
8734
4020
23133
30675
16398
31418
28942
14778
16556
7456
14167
4013
12459
13026
4884
15016
13665
21261
27121
18748
9325
14546
5673
18751
16028
8921
6292
16834
4622
15576
11232
2371
18324
18275
7454
19492
24413
29190
3457
22364
8402
7057
355
31597
16830
27827
24713
7062
2226
202
19368
15689
28328
4346
27432
11231
998
21884
6951
1163
7205
4409
6337
16012
1523
31640
5263
935
20822
31892
20077
27861
27058
28433
7809
30521
1772
23920
3961
17748
14800
27745
28179
124
6064
26616
29155
28298
18766
9988
25425
4052
253
14492
25313
22875
7170
4090
13751
24389
29504
8845
15194
909
7957
11337
28856
31993
12927
3650
9322
19020
12675
31609
16442
26045
18127
26613
19426
19625
31902
28182
3351
12165
31964
7719
26822
24086
7306
27698
27038
17380
13925
12312
4046
2284
6338
27616
19984
10901
2749
19536
22502
8421
11410
6074
9507
25589
14155
32537
20142
26018
24476
1373
10371
21382
24587
28930
15610
13607
28243
31719
3404
14957
8203
13662
15187
20058
643
19071
145
16885
27119
10435
5748
9095
15303
11982
29656
5642
14445
24459
974
15583
2065
19326
14748
4031
3794
9302
9733
10996
19493
11970
29130
28617
18811
1670
24944
2367
23582
26830
17988
10497
15964
30914
157
4250
17384
12890
30561
15078
11645
32628
10442
14790
24516
8996
14442
7192
376
28491
7789
28647
17608
30827
23583
13534
24573
15289
22958
21251
31068
27508
20784
27042
2638
21878
27367
2694
32190
6153
28356
13679
3523
6395
12075
10177
9343
29429
4342
21626
17479
19720
21692
6246
15107
20617
1363
32406
9432
12575
12179
10510
517
31514
18269
12734
25611
7174
24028
6068
30225
22912
3339
3215
25734
10825
15480
13879
26632
9625
9031
14539
30597
31926
11129
7387
26016
12996
6767
26072
27990
1759
8873
27848
29153
17511
17108
21310
30172
28059
5636
8842
3497
29802
31038
27437
20752
30085
10809
30864
4136
10681
17253
27893
20347
380
14637
22957
20325
7878
15481
10123
8893
8482
9848
25498
6327
30724
20892
17419
32265
12125
998
31089
31053
27245
20067
8241
1703
216
1527
26163
22183
29181
14681
14558
5233
8835
18527
3908
22299
6196
124
9369
16982
10255
25223
14058
6737
19096
30141
7691
20186
2675
19466
20178
16839
16689
7044
7810
19604
5738
4408
23178
18765
29964
16682
2160
8878
27378
22423
25096
12170
9913
28541
25065
23913
1999
12894
29729
28277
29900
9536
7976
20119
27654
18168
14611
17373
607
25512
32010
32287
17506
16775
5372
18914
11663
2784
27537
27260
10738
6494
23137
24441
22011
1670
2147
6462
28809
9605
3240
24812
13128
18988
10569
30599
1341
313
12958
12376
15263
7640
30384
2703
23785
16489
14577
3629
6701
14980
5675
28705
29355
29754
25783
16817
13730
13982
25839
12060
22118
32645
21989
4478
18099
17033
16982
22515
19265
15188
6617
3071
32408
13595
27228
29998
30246
27496
19921
8183
15759
26653
24613
19430
7236
694
20850
1275
22871
25806
26741
27725
29070
14308
2370
29682
29622
24672
5174
4643
30521
27089
12590
12188
24819
2169
23286
21826
27202
21515
16133
23816
7772
8115
17767
10771
16870
4951
21754
11293
22722
27165
10205
12823
15912
31277
17446
20498
760
27064
27859
23647
1614
13625
7940
18421
31831
27386
28519
22036
22372
16346
23539
30504
18237
24911
26073
19184
17080
10407
1975
3551
20362
5011
23567
30147
31836
9701
2041
16804
16674
6297
15892
239
14760
31250
28098
21972
28269
9127
29333
14060
8117
10334
22532
29727
18138
8439
1379
709
16867
31021
26130
21771
23895
8760
25076
16536
12372
20118
14882
14449
32475
6923
7649
24090
5742
18663
3026
11775
22749
28039
21353
19218
26973
15134
19104
11700
12250
18102
3053
14809
9870
28529
20593
103
9683
19221
14962
12256
8757
15303
9227
30785
4300
4887
17954
26154
26057
26173
19355
31038
24910
30626
9419
31181
7811
22947
12080
20913
6374
11921
1375
27765
7138
10748
2877
25277
20644
14129
2674
29921
24106
26881
29467
6364
20380
5828
5311
8037
13536
19102
25477
13403
12649
25857
7588
15974
27983
6515
25882
25052
7333
10386
8609
10977
4359
31573
16095
8915
2418
916
6877
21733
13400
1483
14522
1545
6132
12315
2977
9236
21724
8849
28152
12316
30421
19627
6362
10277
18410
17432
12232
13309
22976
30912
13467
6501
14628
27140
30653
15217
32742
16711
22681
10546
14570
30125
27216
32658
19068
23842
20654
8830
23268
20127
26972
4427
25402
14760
5463
23122
25724
22298
13984
29150
29406
22307
13878
28745
2913
12434
9793
31585
26535
30033
21648
24336
17414
20527
24901
6461
19419
4067
11727
23789
8225
25422
14361
20654
11330
11009
13825
3125
15660
1023
1292
6470
3752
28612
16984
31700
17127
15750
7890
1386
30814
6330
17320
30665
29141
24794
23298
15059
1210
11878
4333
10663
16826
10537
8343
15118
2963
5053
16834
2326
4131
12369
2675
31740
22469
25258
6378
7247
24286
13160
6615
20563
28083
6283
32459
2212
8830
10037
30957
8219
25024
4785
3054
29429
8408
7349
19775
28978
16085
23268
9089
12348
24457
30103
6717
16329
31966
17373
7637
17922
8814
26817
13242
9957
1869
21963
736
15080
31273
22217
16495
22751
21398
2766
21692
14111
25251
28284
19575
26596
1969
23423
27174
29936
29061
8538
27601
24181
12443
7014
22783
309
5309
26647
27874
10216
2261
9602
28879
19422
24832
22300
6897
18661
20195
22725
17725
2157
28738
773
4264
26602
11214
25749
18584
24186
20543
13601
6809
9672
10659
25932
30290
27184
246
28661
10679
17956
14834
20664
3456
3278
808
17336
21977
10230
19536
12956
23387
3367
30430
29400
28731
3597
29910
14638
5569
2082
18912
26228
9724
14218
8863
4503
17845
12602
30271
29408
12961
18528
26189
5238
16858
25343
20684
27685
8848
474
18565
16989
14588
32660
26526
2686
9622
19221
12398
4178
19592
8496
28816
7899
29026
2434
23094
1104
15119
6813
18368
5986
13320
18790
23950
8643
6855
18363
32274
21481
5759
13913
17449
9744
9226
11773
30635
19070
20259
25546
12352
5386
3029
27883
6774
31711
17459
25977
4881
5502
28234
32415
3235
14338
15956
14332
29532
7592
18735
18504
802
12942
11021
31035
17380
28603
1644
31402
8236
26464
28489
28916
18932
26205
5776
17052
25019
20231
18904
26935
5080
4393
6989
18825
8205
25417
17901
22251
32607
8492
8696
1519
7205
29596
15777
21063
20576
9576
28170
23523
7754
18861
27759
24410
22322
5972
21410
3467
9350
7644
4535
1668
10034
14169
8704
31651
8488
23485
9020
15610
23872
14679
7691
13816
18755
13977
4005
7494
30274
16670
3276
23536
29485
3564
4351
28613
13729
12022
19953
19712
1280
8677
3897
808
7111
15383
1611
10548
29468
6120
4775
21747
27815
26417
23120
8619
20131
20239
18048
2561
17973
12518
14490
6424
25596
1189
2912
14077
18153
10315
13414
5187
26961
18602
6598
30954
17472
18282
28694
31366
15633
16978
13463
23964
4411
8131
6063
9808
13422
17541
27546
7229
21727
22215
27484
17829
31200
12896
28154
7626
28851
29275
23017
2715
31648
13235
27847
21907
30533
30043
11081
11231
27182
14721
3445
27071
12965
19476
15121
13614
18123
21124
27739
11205
15080
2249
17146
10205
512
20390
12085
24820
7335
28719
13667
27474
10773
14473
10146
23275
3965
22001
10188
3464
10651
4095
1447
24610
15501
18732
19804
21390
5603
26771
6699
25696
5369
4340
348
6665
3461
18686
10617
4418
14444
30926
25018
1454
9946
24755
19905
7866
27537
27956
31111
969
28289
3156
27031
31630
7833
26644
31610
6840
30174
10810
10866
17877
954
11601
3179
2672
29078
16113
6958
4989
13739
22336
7640
15608
26644
27065
18058
2760
28200
13100
22627
1769
28680
10502
27051
19146
19572
28115
5713
14324
32483
28417
13976
9197
11218
4071
28173
31580
18268
1542
9916
8301
2571
19086
19619
2167
10222
17700
23911
23773
32235
5090
8262
9010
10583
5279
6733
12448
15812
4977
4811
27786
3354
17009
15365
9840
13802
24254
21547
787
27646
9925
21131
17626
12085
1471
29957
29557
25742
6266
16831
9920
1410
28509
20762
30954
22935
12711
29668
25558
28210
1527
2511
3521
16556
25617
7201
18726
20137
13279
4270
19422
165
23990
2307
24972
8912
12251
16869
7480
24604
15686
1786
20026
29588
6565
3781
15450
1007
5796
21208
28469
23909
26220
14404
1251
32193
18281
7253
23510
9912
7505
6524
5125
27257
7010
6285
11082
26245
25579
554
14601
8385
16653
9343
3347
15049
23235
8497
13770
28552
3616
30608
12677
3846
18904
32532
20278
27776
5122
26119
586
29374
7452
2175
11728
21153
1104
13199
10974
32764
12533
10430
3632
28836
25945
30136
28947
20939
28350
29764
16769
10121
5794
1654
23950
2748
14660
25382
32259
30994
9571
1697
13384
27492
10569
7069
32647
9798
28936
28787
15630
30940
6660
19592
30709
24047
8113
14860
23553
13119
1438
6120
20425
31515
25267
2033
31255
23600
12727
3426
13969
21407
2836
28553
15769
19794
11231
13504
881
5775
28179
18847
4771
24269
5661
10352
26016
15047
6558
5347
935
24016
17260
16388
25832
32102
22746
26729
25066
4873
9273
19120
12842
28750
2206
30249
15877
22831
742
22991
18391
6309
15352
7549
12389
17273
4170
7006
23160
7510
12455
3494
29131
21540
16431
17535
6439
1425
5023
30790
17357
17136
30162
3064
15892
1863
5512
21479
10579
21411
103
13490
28417
26031
20287
11891
28443
15493
26514
10298
28102
24516
30292
4027
1078
7395
2031
8515
6350
11973
24970
27633
8841
909
32651
26146
15256
5299
23898
9773
18253
1368
27240
4945
12087
31446
20593
8939
31631
25500
28414
30188
19154
8249
12333
27275
27824
17078
6836
30263
9253
22569
17700
23504
21734
28807
3691
4630
8190
22714
16285
28258
13241
15091
31476
26516
21185
6466
7189
1356
22151
22116
28052
20317
12516
16604
22459
20862
12545
21573
27783
1859
3956
9446
29940
17484
1451
10631
25466
27837
29838
22403
20440
4589
24160
17695
24592
18275
14310
17946
17075
17406
21708
13957
7774
9075
29508
26581
6789
23549
10992
25655
25967
15439
17154
31779
23426
1486
13218
21044
13249
30461
22160
22839
21907
23096
2826
30850
15302
27814
20720
19079
2259
12649
7974
10664
12388
1303
31034
32589
23059
1390
2118
2356
24949
8515
15128
2313
5975
25788
12689
4663
10311
21951
30539
27133
19543
29866
20862
11716
9245
13637
9253
13232
26366
1013
12892
22901
18093
11058
15885
13676
11246
11578
19147
24038
12448
26119
2046
15040
31482
2431
9793
5431
24085
20972
7176
23038
25514
29355
7558
16782
8990
9000
19406
21182
2491
22026
24376
29587
30785
28842
20742
31833
22941
5834
18503
242
5880
24196
19964
17519
3315
128
3194
2781
26161
22634
7695
15713
32535
18851
12008
5256
14031
23607
30258
15576
20883
9744
19072
10667
20520
21609
21869
2621
24744
27013
10882
5379
19589
672
17754
7486
1995
14886
13059
9937
17829
31267
27304
27727
13859
21242
6509
2905
20794
10843
26011
19239
21261
22127
27901
12644
19818
31061
650
22847
29336
12498
28483
16575
32080
28228
14943
86
23049
2776
15526
8378
30073
27645
795
752
21592
19481
17629
3753
22631
31610
28751
6866
22193
11663
4983
17511
25360
9816
9124
10120
29940
23579
26708
11982
18784
24921
3412
27871
9781
11008
8233
13376
25267
1762
31919
24939
22845
22118
27904
2850
9820
24957
151
3330
22791
21976
24246
8283
30754
18009
6148
30527
324
16071
15227
3545
17597
16325
12929
9728
17112
14085
10325
8460
28253
18361
173
11241
30810
30538
8606
29034
2339
4685
5307
18143
2712
23987
17281
1769
26534
26687
21235
3725
25873
4158
25217
4232
30576
4466
12846
13026
14969
12111
29682
10950
28030
20330
19549
19089
6456
6190
18046
13865
17092
26576
16131
12688
20459
14214
2721
15801
166
16116
23479
30618
8673
27623
11054
28034
23936
582
10403
24237
19360
30790
30152
6422
10527
25308
12551
27020
22366
1656
4969
21000
2373
24560
9655
31294
16776
14778
20703
3698
1577
8543
19864
141
27967
20780
14153
24432
26357
25131
17959
14472
26837
23122
29854
14242
24135
27385
5107
30977
596
29586
5159
16814
1712
7316
798
4624
11256
7864
1793
18108
12088
2664
22496
15246
12464
9076
31900
9465
30680
9480
20228
5019
14497
475
2878
22037
15870
29864
28265
11545
7587
29922
10368
1477
22796
25508
9601
11823
4034
1255
29135
14401
9946
6391
15829
32455
2494
10792
17645
198
26672
25284
7040
1807
5515
32585
10350
18453
27980
12497
19888
32252
24786
978
1084
8946
4706
7943
28456
18370
8558
28334
10771
14502
3095
4084
22209
25693
18928
4270
11781
14718
1029
22345
6116
28172
3612
18180
3831
25930
1338
29788
21265
10193
14185
32200
12066
8671
14521
23719
22107
7154
18821
17015
7315
8598
29175
22087
3562
19067
30414
26223
10668
6602
2911
25214
17528
26553
25818
12660
21921
2398
4815
14386
13268
10944
16625
9262
1275
3892
17945
20075
25954
11239
9358
19113
2584
20663
24451
30425
25241
21319
18913
7891
32169
28754
12871
2123
13699
22335
4175
31489
26419
5110
5908
6457
14657
19187
20721
7275
13711
31640
10379
19003
14980
15560
785
13739
1898
10161
20418
8336
26645
25833
12464
4419
17350
4029
8388
28824
4943
25542
15107
17428
631
26813
1807
22618
16543
4239
28401
28647
17574
31668
16917
18943
2059
22461
27030
5607
32081
3117
12733
9813
17832
10634
19652
31013
27081
20148
29407
26445
6690
30837
17277
4371
14899
28504
19402
23166
15160
18367
22137
3082
2568
10288
26818
27551
5181
18928
4262
25028
10389
26579
26746
32529
13976
3922
29603
30178
12667
2014
14495
23635
6725
17524
15429
19048
30000
4978
16973
10379
11858
169
30482
16956
12668
7603
26263
28932
14691
9350
25800
29610
6653
10314
19203
17834
2606
18536
11991
2787
12452
6628
30220
25488
30720
15084
27619
15481
28214
17585
15262
28523
13110
3957
29763
18405
15052
31973
31134
16404
26052
15530
1669
2561
13907
16187
9312
14602
9138
19189
15336
8079
20748
26477
9006
13549
11162
4869
19679
6064
13325
30397
31943
4
30508
3148
9621
13933
31166
27248
21470
25272
7082
11138
19044
18226
13917
8781
13207
15383
31340
20768
3164
32589
20602
22306
11278
11346
16733
18406
3522
28788
10620
8511
16080
20288
15227
21334
5775
2876
5659
3833
7007
1753
29019
20022
14573
12707
9956
19241
11186
21947
6563
22802
17853
22919
16568
21418
28851
18856
22927
6328
4372
16172
1356
16351
11967
30213
21869
1210
1721
10170
2986
5931
27178
32349
4384
17903
3752
13245
26799
14198
13240
12508
8353
9458
16786
16804
1932
19375
17701
12501
10361
2210
27995
24642
21061
21060
28062
12605
11848
1185
27035
20816
10805
13227
20038
16174
14657
30677
15390
7144
12424
26845
26290
7268
17068
15081
3428
12044
24255
12758
29037
10691
30307
24269
27937
5149
28463
23575
4212
25039
17237
31538
26302
12644
5506
6436
18875
25394
15366
3343
26070
7309
1845
25862
21415
2874
18189
25887
27322
32038
21529
31945
12690
8280
8084
9824
3821
32549
3794
25855
8266
3235
9692
21654
22953
21856
17755
60
21138
10323
32695
29382
25688
19474
18815
13720
32159
5190
2316
12731
20252
27484
18785
10032
13724
9342
5206
11908
1352
10690
14326
30885
6695
23201
31525
16628
20964
11946
1414
9627
21202
28791
32411
23073
17453
9441
10286
26684
23459
29296
30704
29414
25618
7445
29793
12210
8596
27164
22767
2657
14009
92
17762
9904
28435
6321
31863
13429
4856
4780
30155
18922
10371
16776
18171
14409
17884
1376
10250
3737
22713
1184
5891
16071
1829
6586
24287
6392
3457
18714
1448
4382
15816
21339
26079
713
1047
14267
30492
26433
5228
15052
2548
12753
9645
17773
31519
18021
24045
12281
8666
15960
21484
19902
32139
28551
18908
19633
26276
27050
1387
15711
18121
24036
26877
22311
7221
9368
12857
19623
19546
21887
456
17524
2503
9719
4185
18958
20815
414
13545
19219
17000
4384
8257
29874
22225
9037
29120
1379
15736
11375
2394
26325
23706
20442
15073
9256
16172
10180
18051
4189
29050
16215
14997
12555
4366
29445
8847
16723
5075
11036
10071
24853
2682
9370
1218
17508
25117
15426
30808
30520
26914
28655
3415
2403
7011
2601
27131
14023
31115
11254
509
24517
28611
10482
21081
26105
3983
27042
2645
16676
8434
18438
17855
24681
20185
6765
15478
11197
29367
24717
2860
14745
17260
18131
31081
3313
27499
29688
24787
28522
18972
21717
6574
15304
25727
23160
4255
11429
18707
24183
27061
873
27382
8580
21673
7030
14413
6210
30309
15779
28646
31320
3012
18412
31260
18371
10649
32104
18683
14448
15858
4731
933
18954
13982
18764
244
24593
28908
12921
21857
10796
22198
26122
30757
17600
19614
18596
17310
18369
21912
12543
21747
14280
4009
410
3835
3430
28142
2734
17499
18105
21471
18528
19695
14140
30165
20794
2668
2531
8906
2268
8259
10600
23392
27375
25288
735
23077
603
16787
22161
28950
24762
12582
2823
24674
10764
22481
13925
2672
2220
467
20986
10530
7555
8386
19476
26716
16507
23085
27673
2496
9526
27007
15571
30140
14337
22822
28940
24007
18179
22261
30299
21479
19386
10183
10813
31607
26793
32358
25959
14119
28490
14763
20827
30788
586
19942
15418
4922
10229
23935
24281
15703
24816
17630
18710
6097
5926
7561
26733
27659
30980
31884
23750
32020
5353
28702
3985
4720
18648
129
16661
8220
23153
14378
5
12236
19231
30498
16213
28535
15506
5548
32331
2325
31088
6696
14041
10152
30279
1591
1578
19833
24263
32544
17275
24484
814
21875
31020
2774
14851
12268
29719
25942
2567
23961
23840
29250
12393
4927
4365
27164
22329
6139
10905
27781
4127
9509
29379
32583
26445
32121
11116
32409
8882
32633
26657
25247
368
14093
26934
32305
3985
12909
11540
6877
25077
7744
11219
5679
20111
27910
28940
25647
29906
3507
2024
6956
10853
30108
28029
27832
8222
407
32091
12276
21294
29278
3169
24846
7833
2101
9686
14855
234
461
7861
18618
27172
615
29511
9754
9723
9020
8951
12987
13892
13341
32355
31892
12715
28503
7087
12803
31396
9433
25886
17937
25252
8345
30179
10744
3472
20531
14644
16354
10614
27603
32673
27380
20091
9814
32420
24715
6932
10412
28281
7877
24697
23681
14895
11332
29527
18972
30208
1326
29893
3463
4062
22904
10106
9968
28238
101
9533
10831
29049
17737
2204
4681
2688
29075
24289
14932
23825
14346
30274
17437
7992
25943
23640
27687
11127
31172
8403
4532
31000
4163
12395
30184
28354
14002
23578
30252
17227
7005
24712
17873
24781
13253
455
27381
32252
16544
3904
683
25014
21280
25581
4182
1244
14200
14025
23638
1633
26781
20357
9703
9632
29001
29565
11333
14067
24134
7914
21269
18049
9705
24153
26112
23895
10461
23644
16289
7355
12321
30591
22433
9148
3156
29821
31776
29454
14897
8372
14935
17173
12374
30935
14972
64
14921
10211
4838
24984
1212
29268
22130
19865
16144
24984
25125
320
30233
17348
11795
11621
3105
21382
9599
32331
29231
7258
19011
16758
1673
28417
10099
7612
15479
31280
22333
4511
29002
23429
8211
11226
4765
15550
27917
12858
31195
20781
9608
10927
8449
18279
10260
31395
5285
829
27789
4234
18232
13293
4487
19387
10632
6809
22767
5758
11400
5367
22512
26214
4180
16459
24084
5857
9328
18578
22444
21005
23888
14336
12145
31693
25374
23213
29547
21277
32183
2700
16658
15778
503
30620
15540
29061
9270
16482
6166
29058
21522
28310
27742
3900
1391
11293
27440
26580
2749
17463
11032
3769
25722
17658
4904
23234
10743
21759
10722
2426
28510
4443
19288
11451
19700
2000
2705
5758
27548
8517
16943
14065
15005
4212
6223
8394
12964
6371
31153
10203
18957
16917
20505
19943
32350
19201
30708
29109
5908
29123
14655
29794
1443
25490
18341
18683
1720
26866
3559
8780
26817
8746
18561
13042
7087
26617
13195
13240
28154
9349
20445
9248
6886
14484
886
31039
3590
16638
6431
11982
32766
20579
25419
28287
20620
28953
1602
16781
16842
872
11646
151
30893
19450
12373
30126
26322
18061
27097
25773
378
4331
18429
28104
27091
540
22009
32360
27257
16858
17903
17463
28220
29765
15822
22134
21540
19928
27511
2455
17586
9116
9246
8456
27753
19355
4851
21325
16269
24984
15106
21585
11051
17405
20568
23038
22361
23829
11368
20235
24255
3195
25005
10261
8022
17619
12944
3826
2160
12727
28555
22594
2553
31220
143
30534
2300
29175
7587
25590
32104
21122
31439
10061
7445
18340
27448
488
14338
27623
16268
24783
10721
971
25504
5267
1237
3443
32600
32409
22906
30879
7880
10421
16422
6874
9624
31482
1902
13301
4525
977
11244
5811
20741
1609
32064
18886
12003
17070
5205
13562
7213
11613
32486
11953
22290
2006
17472
32143
13807
4115
10057
8822
6516
14873
18881
32437
18947
10188
5320
10876
17496
21255
2720
3988
14703
7660
26037
7244
17826
15737
10458
8887
8979
12892
1238
14356
23369
17417
14111
10382
15390
12809
17893
21286
5080
3989
15698
493
30870
32099
21009
4726
7918
13760
3341
651
980
7903
25723
13599
28093
22385
26138
900
2309
29045
22201
28382
9102
20306
27387
1496
19371
22307
32087
21141
22076
28754
25954
25834
4122
32616
21585
19658
7861
21539
23225
6401
21499
15818
31642
11813
31100
14781
28828
2506
22220
28752
920
17910
30505
29657
8538
28885
29278
30216
2470
3245
15591
26487
16504
19475
17238
13698
9360
24160
21750
6745
20270
24671
8621
13139
8475
17736
20263
20870
8424
19442
26928
14484
3706
21572
12642
16327
20423
10477
4609
2401
6874
4436
14371
17453
285
16338
6420
11098
16343
28704
26360
14473
31220
18955
14514
15397
16133
23663
26885
20467
903
17506
28921
22506
28264
21680
16769
1348
8135
20872
24666
4053
21756
5236
19510
6556
3544
11406
27674
28824
5933
20210
3589
8924
7825
11119
14546
6374
13152
31106
21855
10797
22784
20868
29423
24569
3689
9762
10957
23159
28388
29198
26419
3085
20498
28148
4457
16107
305
25264
27441
6371
3995
27582
5987
4474
13455
15857
5589
3647
20532
18024
13949
6491
5595
13759
18394
26218
19845
19330
1167
6537
20133
30183
1106
1200
6183
6588
13316
20291
10672
5790
6433
15331
552
23404
25691
138
26486
7931
6018
25815
23434
4363
17063
6822
25249
6010
7297
1252
32452
27576
31248
24738
1170
11387
27007
1127
11584
14260
29775
10699
2526
24769
19634
30017
15324
22244
27189
12341
5836
20468
22946
26967
3945
19282
17445
28470
7129
287
29101
22800
26927
20908
19093
4584
2612
18738
7300
6618
871
3012
9874
29100
22594
15745
12460
25765
32191
15118
12857
9378
22043
13892
19453
27750
6618
2853
6462
7218
21003
24853
7206
1173
18381
27719
18793
21382
3346
25461
30504
22448
675
32212
13076
3597
32613
3399
17366
11702
31962
2258
22959
9722
27882
6994
12891
17069
7396
2668
13372
27330
18880
2500
17588
11549
18855
20079
24019
4002
28341
30378
10034
21650
1789
6604
5662
10775
7629
5241
22777
30749
25140
25881
4574
16484
22210
11400
9348
17619
11919
9999
7013
26640
31614
12692
26655
31821
4547
12045
794
29797
17571
25147
11883
11047
24699
3988
24568
13553
1540
31617
5853
28546
19157
6345
8207
17417
17194
31565
3647
20353
22755
25335
26882
25921
5072
29421
22318
8143
14123
26890
18567
29686
22630
27022
25243
31256
21288
13076
13546
25029
16018
20165
30794
17291
18374
4300
23946
17680
5546
32009
12118
17247
6633
25610
19290
30592
29499
19511
13995
18763
17639
31564
20834
17533
10118
13325
28042
25612
5897
31797
19772
10168
509
32431
19464
10211
24078
24072
14231
7074
26058
2853
7055
1300
25512
29745
1207
30707
11849
8154
32604
11880
14845
2237
21747
24612
25481
19742
19711
4012
22568
1757
30005
16884
16079
24485
13534
21552
1717
13671
12158
25575
32531
25351
15027
32073
7208
341
27487
962
3457
13374
32265
2255
2423
22596
7809
1297
29177
9259
21187
10144
13964
4853
3358
12193
6031
10769
10646
1051
11972
28624
23174
32262
24844
9752
18570
6309
7538
7516
27035
31766
3435
13259
21372
5672
6748
21704
3414
13676
27741
3227
9375
23183
17981
1126
2367
13286
25286
31322
29942
30539
14146
2602
25080
3624
16190
22976
21723
18385
13709
32304
32179
1559
24208
11498
29820
6170
18357
3379
5304
14174
8254
15830
15448
23329
3908
25366
29152
21996
11003
20712
13767
29033
30007
9567
796
31860
303
26472
17264
32628
9857
32183
14831
2796
25975
4609
10704
21581
24713
13420
15344
5391
3875
21316
26553
24575
3496
23279
25417
24795
11958
4643
24272
14876
12716
1622
3898
29971
17001
7286
19471
14391
9815
6619
17559
14270
15017
14714
4161
5226
10208
8539
7749
7334
28308
19533
18569
9169
12657
15320
3522
25562
24704
1651
14043
7437
10663
5623
27546
26668
21108
10836
31361
28354
24342
29826
22514
32180
10924
23995
6295
9753
21699
20200
27393
24651
10265
3161
21647
25918
24231
31160
13714
12817
26335
23104
22702
27107
3635
24874
4484
2536
13526
9832
11917
9148
28358
21398
16969
4599
13834
7470
1946
23297
4664
23547
25962
13864
22843
23248
21908
26351
27987
11385
13058
25257
7261
7666
13075
29767
1109
6359
3647
21103
8473
2588
7165
23502
26480
8446
26084
28078
4426
31289
30225
2251
32586
2940
25802
14434
21377
25370
26976
28556
10621
4098
29274
20682
3970
17905
2255
5089
9495
4582
788
32232
708
13015
19096
8095
20251
27298
14603
19970
9461
23366
20678
2334
12030
17491
21607
17700
7284
13471
443
18876
21291
1083
29666
7067
725
10917
28845
9304
32128
17727
9547
3195
31072
25088
5669
31704
8143
25194
17926
13339
3474
2748
22655
14755
10334
4456
13194
32404
28058
17095
25709
17447
7783
3340
19425
9797
27870
2167
21876
1365
3736
20427
15916
16978
22644
15617
11885
288
18324
24126
11036
25888
7081
14083
8709
31746
26225
8611
5498
19162
13438
25851
11069
12662
13112
21085
8865
6127
30757
32717
30187
6783
19816
29296
11006
10130
10120
19777
5944
17440
10355
22534
6807
27193
21443
29315
5664
13794
22591
18413
8577
21535
4773
22177
17397
26705
11687
8214
13416
23490
819
5392
25820
19327
8951
4631
23819
2150
8741
40
10317
23935
6259
28074
23229
4240
28263
13219
29079
20715
24785
31532
4837
2187
23961
14115
28763
17247
7610
26143
20863
8422
8335
12457
2317
1020
27726
14249
22937
29940
14290
10014
3446
27110
24989
24850
17879
26954
22557
21710
17716
15046
22318
22090
14575
6725
7905
2535
17976
8521
1915
14432
24110
23170
5825
7934
7494
13215
31347
4108
14833
16740
3095
30603
18041
2557
16887
6183
18988
18834
12653
5225
30141
25883
1630
6189
30439
32630
5125
13911
12115
25782
25330
20162
21180
16319
24658
4217
12369
19984
4720
27690
11099
1503
30332
2775
10015
25195
27532
7375
27142
19086
20192
5341
15355
17809
11626
9151
17429
29253
11917
2009
26998
29775
7206
1323
15219
19396
11209
6529
9461
19190
27981
16617
28446
7821
650
24170
22320
7129
1121
7411
15275
18790
14589
23698
9398
21969
32601
32742
11200
28891
5122
11735
1639
15036
4895
23428
14489
15802
23470
12925
12793
9721
14352
10035
23172
11157
28616
21421
21108
25326
9856
27260
26980
26435
11340
22000
4278
4995
9011
22412
19762
15711
7660
15288
27631
9892
7141
30134
32375
6344
1674
14295
25126
24258
5059
23535
22227
4383
12734
12294
26803
26707
24560
31568
12665
2381
6486
20320
13506
78
13313
31128
23473
24058
22993
10468
21462
10928
32385
7080
21845
9239
30435
27126
5188
30969
5485
16389
24916
30549
28661
7390
15796
24751
12985
26969
26162
22699
9378
31560
6564
8666
16586
22770
7814
7380
2363
20675
19428
15751
30458
14657
6523
27342
11076
27970
31515
31814
17943
22620
2895
19037
1524
10142
18752
1195
5348
29309
28119
17030
9913
28689
7202
464
19606
3202
28921
2068
8625
29373
13793
22993
13656
24171
15152
15382
22066
18979
7538
29775
8904
19934
31244
14943
835
16812
22303
4335
28791
30886
17071
30725
11297
10276
27909
11736
20077
20272
16977
29155
19644
12858
18324
32312
23971
16141
16061
11031
24119
27905
22034
28863
7304
28018
26322
15236
11115
16498
1817
17954
9085
443
29443
28241
30052
487
4372
14233
12632
32740
5592
28776
26595
